15:27:50  INFO     run_gp_factor_mining    GP run into scope 'fmp_archive_equity_nasdaq100pit/L0_gp_s0' — 144 in-scope fields, grammar confined to BASE_OPS
15:27:50  INFO     research.service        Loading panel from ticker_data (fields=['accountsPayable', 'acquisitionsNet', 'assetGrowth', 'assetTurnover', 'bookValuePerShare', 'bookValuePerShareGrowth', 'capex', 'capexPerShare', 'capexToOperatingCashFlow', 'capexToRevenue', 'cash', 'cashConversionCycle', 'cashPerShare', 'cashRatio', 'changeInWorkingCapital', 'close', 'costOfRevenue', 'currentRatio', 'daysInventoryOutstanding', 'daysPayablesOutstanding', 'daysSalesOutstanding', 'debtGrowth', 'debtToAssets', 'debtToCapital', 'debtToEquity', 'depreciationAmortization', 'dividendPayoutRatio', 'dividendPerShareGrowth', 'dividendYield', 'dividendsPaid', 'earningsYield', 'ebit', 'ebitGrowth', 'ebitMargin', 'ebitda', 'ebitdaGrowth', 'ebitdaMargin', 'enterpriseValue', 'eps', 'epsActual', 'epsDiluted', 'epsDilutedGrowth', 'epsEstimate', 'epsGrowth', 'epsSurprise', 'evToEbitda', 'evToFreeCashFlow', 'evToOperatingCashFlow', 'evToSales', 'financialLeverage', 'freeCashFlow', 'freeCashFlowGrowth', 'freeCashFlowPerShare', 'freeCashFlowYield', 'goodwill', 'grahamNumber', 'grossMargin', 'grossProfit', 'grossProfitGrowth', 'high', 'incomeBeforeTax', 'incomeQuality', 'incomeTaxExpense', 'industry', 'intangibleAssets', 'intangiblesToAssets', 'interestCoverage', 'interestExpense', 'inventory', 'inventoryGrowth', 'inventoryTurnover', 'investedCapital', 'longTermDebt', 'low', 'marketCap', 'netDebtIssuance', 'netDebtToEbitda', 'netIncome', 'netIncomeGrowth', 'netIncomeGrowth3Y', 'netIncomeGrowth5Y', 'netIncomePerShare', 'netMargin', 'netStockIssuance', 'open', 'operatingCashFlow', 'operatingCashFlowGrowth', 'operatingCashFlowPerShare', 'operatingCycle', 'operatingExpenses', 'operatingIncome', 'operatingIncomeGrowth', 'operatingMargin', 'payablesTurnover', 'pbRatio', 'peRatio', 'pegRatio', 'pfcfRatio', 'pocfRatio', 'ppe', 'pretaxMargin', 'psRatio', 'quickRatio', 'rdExpense', 'rdExpenseGrowth', 'rdToRevenue', 'receivables', 'receivablesGrowth', 'receivablesTurnover', 'retainedEarnings', 'returns', 'revenue', 'revenueActual', 'revenueEstimate', 'revenueGrowth', 'revenueGrowth3Y', 'revenueGrowth5Y', 'revenuePerShare', 'revenueSurprise', 'roa', 'roce', 'roe', 'roic', 'sbcToRevenue', 'sector', 'sgaExpense', 'sgaExpenseGrowth', 'sgaToRevenue', 'shareRepurchase', 'sharesDiluted', 'sharesGrowth', 'sharesOutstanding', 'shortTermDebt', 'stockBasedCompensation', 'tangibleBookValuePerShare', 'totalAssets', 'totalCurrentAssets', 'totalCurrentLiabilities', 'totalDebt', 'totalEquity', 'totalLiabilities', 'volume', 'vwap', 'workingCapital'], n_tickers=all) …
15:28:49  INFO     research.service        Panel loaded in 59.6s (209 tickers, 144 fields)
/Users/lucawurker/Desktop/Imperial/Master Thesis/QuantFundAgent/venv/lib/python3.13/site-packages/sklearn/utils/validation.py:2691: UserWarning: X does not have valid feature names, but LGBMRegressor was fitted with feature names
  warnings.warn(
/Users/lucawurker/Desktop/Imperial/Master Thesis/QuantFundAgent/venv/lib/python3.13/site-packages/sklearn/utils/validation.py:2691: UserWarning: X does not have valid feature names, but LGBMRegressor was fitted with feature names
  warnings.warn(
/Users/lucawurker/Desktop/Imperial/Master Thesis/QuantFundAgent/venv/lib/python3.13/site-packages/sklearn/utils/validation.py:2691: UserWarning: X does not have valid feature names, but LGBMRegressor was fitted with feature names
  warnings.warn(
/Users/lucawurker/Desktop/Imperial/Master Thesis/QuantFundAgent/venv/lib/python3.13/site-packages/sklearn/utils/validation.py:2691: UserWarning: X does not have valid feature names, but LGBMRegressor was fitted with feature names
  warnings.warn(
/Users/lucawurker/Desktop/Imperial/Master Thesis/QuantFundAgent/venv/lib/python3.13/site-packages/sklearn/utils/validation.py:2691: UserWarning: X does not have valid feature names, but LGBMRegressor was fitted with feature names
  warnings.warn(
/Users/lucawurker/Desktop/Imperial/Master Thesis/QuantFundAgent/venv/lib/python3.13/site-packages/sklearn/utils/validation.py:2691: UserWarning: X does not have valid feature names, but LGBMRegressor was fitted with feature names
  warnings.warn(
/Users/lucawurker/Desktop/Imperial/Master Thesis/QuantFundAgent/venv/lib/python3.13/site-packages/sklearn/utils/validation.py:2691: UserWarning: X does not have valid feature names, but LGBMRegressor was fitted with feature names
  warnings.warn(
/Users/lucawurker/Desktop/Imperial/Master Thesis/QuantFundAgent/venv/lib/python3.13/site-packages/sklearn/utils/validation.py:2691: UserWarning: X does not have valid feature names, but LGBMRegressor was fitted with feature names
  warnings.warn(
/Users/lucawurker/Desktop/Imperial/Master Thesis/QuantFundAgent/venv/lib/python3.13/site-packages/sklearn/utils/validation.py:2691: UserWarning: X does not have valid feature names, but LGBMRegressor was fitted with feature names
  warnings.warn(
/Users/lucawurker/Desktop/Imperial/Master Thesis/QuantFundAgent/venv/lib/python3.13/site-packages/sklearn/utils/validation.py:2691: UserWarning: X does not have valid feature names, but LGBMRegressor was fitted with feature names
  warnings.warn(
/Users/lucawurker/Desktop/Imperial/Master Thesis/QuantFundAgent/venv/lib/python3.13/site-packages/sklearn/utils/validation.py:2691: UserWarning: X does not have valid feature names, but LGBMRegressor was fitted with feature names
  warnings.warn(
/Users/lucawurker/Desktop/Imperial/Master Thesis/QuantFundAgent/venv/lib/python3.13/site-packages/sklearn/utils/validation.py:2691: UserWarning: X does not have valid feature names, but LGBMRegressor was fitted with feature names
  warnings.warn(
/Users/lucawurker/Desktop/Imperial/Master Thesis/QuantFundAgent/venv/lib/python3.13/site-packages/sklearn/utils/validation.py:2691: UserWarning: X does not have valid feature names, but LGBMRegressor was fitted with feature names
  warnings.warn(
/Users/lucawurker/Desktop/Imperial/Master Thesis/QuantFundAgent/venv/lib/python3.13/site-packages/sklearn/utils/validation.py:2691: UserWarning: X does not have valid feature names, but LGBMRegressor was fitted with feature names
  warnings.warn(
/Users/lucawurker/Desktop/Imperial/Master Thesis/QuantFundAgent/venv/lib/python3.13/site-packages/sklearn/utils/validation.py:2691: UserWarning: X does not have valid feature names, but LGBMRegressor was fitted with feature names
  warnings.warn(
/Users/lucawurker/Desktop/Imperial/Master Thesis/QuantFundAgent/venv/lib/python3.13/site-packages/sklearn/utils/validation.py:2691: UserWarning: X does not have valid feature names, but LGBMRegressor was fitted with feature names
  warnings.warn(
/Users/lucawurker/Desktop/Imperial/Master Thesis/QuantFundAgent/venv/lib/python3.13/site-packages/sklearn/utils/validation.py:2691: UserWarning: X does not have valid feature names, but LGBMRegressor was fitted with feature names
  warnings.warn(
/Users/lucawurker/Desktop/Imperial/Master Thesis/QuantFundAgent/venv/lib/python3.13/site-packages/sklearn/utils/validation.py:2691: UserWarning: X does not have valid feature names, but LGBMRegressor was fitted with feature names
  warnings.warn(
/Users/lucawurker/Desktop/Imperial/Master Thesis/QuantFundAgent/venv/lib/python3.13/site-packages/sklearn/utils/validation.py:2691: UserWarning: X does not have valid feature names, but LGBMRegressor was fitted with feature names
  warnings.warn(
/Users/lucawurker/Desktop/Imperial/Master Thesis/QuantFundAgent/venv/lib/python3.13/site-packages/sklearn/utils/validation.py:2691: UserWarning: X does not have valid feature names, but LGBMRegressor was fitted with feature names
  warnings.warn(
/Users/lucawurker/Desktop/Imperial/Master Thesis/QuantFundAgent/venv/lib/python3.13/site-packages/sklearn/utils/validation.py:2691: UserWarning: X does not have valid feature names, but LGBMRegressor was fitted with feature names
  warnings.warn(
/Users/lucawurker/Desktop/Imperial/Master Thesis/QuantFundAgent/venv/lib/python3.13/site-packages/sklearn/utils/validation.py:2691: UserWarning: X does not have valid feature names, but LGBMRegressor was fitted with feature names
  warnings.warn(
/Users/lucawurker/Desktop/Imperial/Master Thesis/QuantFundAgent/venv/lib/python3.13/site-packages/sklearn/utils/validation.py:2691: UserWarning: X does not have valid feature names, but LGBMRegressor was fitted with feature names
  warnings.warn(
/Users/lucawurker/Desktop/Imperial/Master Thesis/QuantFundAgent/venv/lib/python3.13/site-packages/sklearn/utils/validation.py:2691: UserWarning: X does not have valid feature names, but LGBMRegressor was fitted with feature names
  warnings.warn(
/Users/lucawurker/Desktop/Imperial/Master Thesis/QuantFundAgent/venv/lib/python3.13/site-packages/sklearn/utils/validation.py:2691: UserWarning: X does not have valid feature names, but LGBMRegressor was fitted with feature names
  warnings.warn(
/Users/lucawurker/Desktop/Imperial/Master Thesis/QuantFundAgent/venv/lib/python3.13/site-packages/sklearn/utils/validation.py:2691: UserWarning: X does not have valid feature names, but LGBMRegressor was fitted with feature names
  warnings.warn(
/Users/lucawurker/Desktop/Imperial/Master Thesis/QuantFundAgent/venv/lib/python3.13/site-packages/sklearn/utils/validation.py:2691: UserWarning: X does not have valid feature names, but LGBMRegressor was fitted with feature names
  warnings.warn(
/Users/lucawurker/Desktop/Imperial/Master Thesis/QuantFundAgent/venv/lib/python3.13/site-packages/sklearn/utils/validation.py:2691: UserWarning: X does not have valid feature names, but LGBMRegressor was fitted with feature names
  warnings.warn(
/Users/lucawurker/Desktop/Imperial/Master Thesis/QuantFundAgent/venv/lib/python3.13/site-packages/sklearn/utils/validation.py:2691: UserWarning: X does not have valid feature names, but LGBMRegressor was fitted with feature names
  warnings.warn(
/Users/lucawurker/Desktop/Imperial/Master Thesis/QuantFundAgent/venv/lib/python3.13/site-packages/sklearn/utils/validation.py:2691: UserWarning: X does not have valid feature names, but LGBMRegressor was fitted with feature names
  warnings.warn(
/Users/lucawurker/Desktop/Imperial/Master Thesis/QuantFundAgent/venv/lib/python3.13/site-packages/pandas/core/internals/blocks.py:347: RuntimeWarning: invalid value encountered in log
  result = func(self.values, **kwargs)
/Users/lucawurker/Desktop/Imperial/Master Thesis/QuantFundAgent/venv/lib/python3.13/site-packages/pandas/core/internals/blocks.py:347: RuntimeWarning: invalid value encountered in log
  result = func(self.values, **kwargs)
/Users/lucawurker/Desktop/Imperial/Master Thesis/QuantFundAgent/venv/lib/python3.13/site-packages/sklearn/utils/validation.py:2691: UserWarning: X does not have valid feature names, but LGBMRegressor was fitted with feature names
  warnings.warn(
/Users/lucawurker/Desktop/Imperial/Master Thesis/QuantFundAgent/venv/lib/python3.13/site-packages/sklearn/utils/validation.py:2691: UserWarning: X does not have valid feature names, but LGBMRegressor was fitted with feature names
  warnings.warn(
/Users/lucawurker/Desktop/Imperial/Master Thesis/QuantFundAgent/venv/lib/python3.13/site-packages/sklearn/utils/validation.py:2691: UserWarning: X does not have valid feature names, but LGBMRegressor was fitted with feature names
  warnings.warn(
/Users/lucawurker/Desktop/Imperial/Master Thesis/QuantFundAgent/venv/lib/python3.13/site-packages/sklearn/utils/validation.py:2691: UserWarning: X does not have valid feature names, but LGBMRegressor was fitted with feature names
  warnings.warn(
/Users/lucawurker/Desktop/Imperial/Master Thesis/QuantFundAgent/venv/lib/python3.13/site-packages/sklearn/utils/validation.py:2691: UserWarning: X does not have valid feature names, but LGBMRegressor was fitted with feature names
  warnings.warn(
/Users/lucawurker/Desktop/Imperial/Master Thesis/QuantFundAgent/venv/lib/python3.13/site-packages/sklearn/utils/validation.py:2691: UserWarning: X does not have valid feature names, but LGBMRegressor was fitted with feature names
  warnings.warn(
/Users/lucawurker/Desktop/Imperial/Master Thesis/QuantFundAgent/venv/lib/python3.13/site-packages/sklearn/utils/validation.py:2691: UserWarning: X does not have valid feature names, but LGBMRegressor was fitted with feature names
  warnings.warn(
/Users/lucawurker/Desktop/Imperial/Master Thesis/QuantFundAgent/venv/lib/python3.13/site-packages/sklearn/utils/validation.py:2691: UserWarning: X does not have valid feature names, but LGBMRegressor was fitted with feature names
  warnings.warn(
/Users/lucawurker/Desktop/Imperial/Master Thesis/QuantFundAgent/venv/lib/python3.13/site-packages/sklearn/utils/validation.py:2691: UserWarning: X does not have valid feature names, but LGBMRegressor was fitted with feature names
  warnings.warn(
/Users/lucawurker/Desktop/Imperial/Master Thesis/QuantFundAgent/venv/lib/python3.13/site-packages/pandas/core/internals/blocks.py:347: RuntimeWarning: invalid value encountered in log
  result = func(self.values, **kwargs)
/Users/lucawurker/Desktop/Imperial/Master Thesis/QuantFundAgent/venv/lib/python3.13/site-packages/pandas/core/internals/blocks.py:347: RuntimeWarning: invalid value encountered in log
  result = func(self.values, **kwargs)
/Users/lucawurker/Desktop/Imperial/Master Thesis/QuantFundAgent/venv/lib/python3.13/site-packages/pandas/core/internals/blocks.py:347: RuntimeWarning: invalid value encountered in log
  result = func(self.values, **kwargs)
/Users/lucawurker/Desktop/Imperial/Master Thesis/QuantFundAgent/venv/lib/python3.13/site-packages/sklearn/utils/validation.py:2691: UserWarning: X does not have valid feature names, but LGBMRegressor was fitted with feature names
  warnings.warn(
/Users/lucawurker/Desktop/Imperial/Master Thesis/QuantFundAgent/venv/lib/python3.13/site-packages/sklearn/utils/validation.py:2691: UserWarning: X does not have valid feature names, but LGBMRegressor was fitted with feature names
  warnings.warn(
/Users/lucawurker/Desktop/Imperial/Master Thesis/QuantFundAgent/venv/lib/python3.13/site-packages/sklearn/utils/validation.py:2691: UserWarning: X does not have valid feature names, but LGBMRegressor was fitted with feature names
  warnings.warn(
/Users/lucawurker/Desktop/Imperial/Master Thesis/QuantFundAgent/venv/lib/python3.13/site-packages/sklearn/utils/validation.py:2691: UserWarning: X does not have valid feature names, but LGBMRegressor was fitted with feature names
  warnings.warn(
/Users/lucawurker/Desktop/Imperial/Master Thesis/QuantFundAgent/venv/lib/python3.13/site-packages/sklearn/utils/validation.py:2691: UserWarning: X does not have valid feature names, but LGBMRegressor was fitted with feature names
  warnings.warn(
15:30:15  INFO     factor_research.gp      generation 0: population=40, archive=9, n_trials=40
/Users/lucawurker/Desktop/Imperial/Master Thesis/QuantFundAgent/venv/lib/python3.13/site-packages/sklearn/utils/validation.py:2691: UserWarning: X does not have valid feature names, but LGBMRegressor was fitted with feature names
  warnings.warn(
/Users/lucawurker/Desktop/Imperial/Master Thesis/QuantFundAgent/venv/lib/python3.13/site-packages/sklearn/utils/validation.py:2691: UserWarning: X does not have valid feature names, but LGBMRegressor was fitted with feature names
  warnings.warn(
/Users/lucawurker/Desktop/Imperial/Master Thesis/QuantFundAgent/venv/lib/python3.13/site-packages/sklearn/utils/validation.py:2691: UserWarning: X does not have valid feature names, but LGBMRegressor was fitted with feature names
  warnings.warn(
/Users/lucawurker/Desktop/Imperial/Master Thesis/QuantFundAgent/venv/lib/python3.13/site-packages/sklearn/utils/validation.py:2691: UserWarning: X does not have valid feature names, but LGBMRegressor was fitted with feature names
  warnings.warn(
/Users/lucawurker/Desktop/Imperial/Master Thesis/QuantFundAgent/venv/lib/python3.13/site-packages/sklearn/utils/validation.py:2691: UserWarning: X does not have valid feature names, but LGBMRegressor was fitted with feature names
  warnings.warn(
/Users/lucawurker/Desktop/Imperial/Master Thesis/QuantFundAgent/venv/lib/python3.13/site-packages/sklearn/utils/validation.py:2691: UserWarning: X does not have valid feature names, but LGBMRegressor was fitted with feature names
  warnings.warn(
/Users/lucawurker/Desktop/Imperial/Master Thesis/QuantFundAgent/venv/lib/python3.13/site-packages/sklearn/utils/validation.py:2691: UserWarning: X does not have valid feature names, but LGBMRegressor was fitted with feature names
  warnings.warn(
/Users/lucawurker/Desktop/Imperial/Master Thesis/QuantFundAgent/venv/lib/python3.13/site-packages/sklearn/utils/validation.py:2691: UserWarning: X does not have valid feature names, but LGBMRegressor was fitted with feature names
  warnings.warn(
/Users/lucawurker/Desktop/Imperial/Master Thesis/QuantFundAgent/venv/lib/python3.13/site-packages/sklearn/utils/validation.py:2691: UserWarning: X does not have valid feature names, but LGBMRegressor was fitted with feature names
  warnings.warn(
/Users/lucawurker/Desktop/Imperial/Master Thesis/QuantFundAgent/venv/lib/python3.13/site-packages/pandas/core/internals/blocks.py:347: RuntimeWarning: invalid value encountered in log
  result = func(self.values, **kwargs)
/Users/lucawurker/Desktop/Imperial/Master Thesis/QuantFundAgent/venv/lib/python3.13/site-packages/pandas/core/internals/blocks.py:347: RuntimeWarning: invalid value encountered in log
  result = func(self.values, **kwargs)
/Users/lucawurker/Desktop/Imperial/Master Thesis/QuantFundAgent/venv/lib/python3.13/site-packages/pandas/core/internals/blocks.py:347: RuntimeWarning: invalid value encountered in log
  result = func(self.values, **kwargs)
/Users/lucawurker/Desktop/Imperial/Master Thesis/QuantFundAgent/venv/lib/python3.13/site-packages/sklearn/utils/validation.py:2691: UserWarning: X does not have valid feature names, but LGBMRegressor was fitted with feature names
  warnings.warn(
/Users/lucawurker/Desktop/Imperial/Master Thesis/QuantFundAgent/venv/lib/python3.13/site-packages/sklearn/utils/validation.py:2691: UserWarning: X does not have valid feature names, but LGBMRegressor was fitted with feature names
  warnings.warn(
/Users/lucawurker/Desktop/Imperial/Master Thesis/QuantFundAgent/venv/lib/python3.13/site-packages/sklearn/utils/validation.py:2691: UserWarning: X does not have valid feature names, but LGBMRegressor was fitted with feature names
  warnings.warn(
/Users/lucawurker/Desktop/Imperial/Master Thesis/QuantFundAgent/venv/lib/python3.13/site-packages/sklearn/utils/validation.py:2691: UserWarning: X does not have valid feature names, but LGBMRegressor was fitted with feature names
  warnings.warn(
15:30:42  INFO     factor_research.gp      stage_depth=3 gen=1: population=48, archive=11, n_trials=52
/Users/lucawurker/Desktop/Imperial/Master Thesis/QuantFundAgent/venv/lib/python3.13/site-packages/sklearn/utils/validation.py:2691: UserWarning: X does not have valid feature names, but LGBMRegressor was fitted with feature names
  warnings.warn(
/Users/lucawurker/Desktop/Imperial/Master Thesis/QuantFundAgent/venv/lib/python3.13/site-packages/sklearn/utils/validation.py:2691: UserWarning: X does not have valid feature names, but LGBMRegressor was fitted with feature names
  warnings.warn(
/Users/lucawurker/Desktop/Imperial/Master Thesis/QuantFundAgent/venv/lib/python3.13/site-packages/sklearn/utils/validation.py:2691: UserWarning: X does not have valid feature names, but LGBMRegressor was fitted with feature names
  warnings.warn(
/Users/lucawurker/Desktop/Imperial/Master Thesis/QuantFundAgent/venv/lib/python3.13/site-packages/pandas/core/internals/blocks.py:347: RuntimeWarning: invalid value encountered in log
  result = func(self.values, **kwargs)
/Users/lucawurker/Desktop/Imperial/Master Thesis/QuantFundAgent/venv/lib/python3.13/site-packages/sklearn/utils/validation.py:2691: UserWarning: X does not have valid feature names, but LGBMRegressor was fitted with feature names
  warnings.warn(
/Users/lucawurker/Desktop/Imperial/Master Thesis/QuantFundAgent/venv/lib/python3.13/site-packages/sklearn/utils/validation.py:2691: UserWarning: X does not have valid feature names, but LGBMRegressor was fitted with feature names
  warnings.warn(
/Users/lucawurker/Desktop/Imperial/Master Thesis/QuantFundAgent/venv/lib/python3.13/site-packages/sklearn/utils/validation.py:2691: UserWarning: X does not have valid feature names, but LGBMRegressor was fitted with feature names
  warnings.warn(
/Users/lucawurker/Desktop/Imperial/Master Thesis/QuantFundAgent/venv/lib/python3.13/site-packages/sklearn/utils/validation.py:2691: UserWarning: X does not have valid feature names, but LGBMRegressor was fitted with feature names
  warnings.warn(
/Users/lucawurker/Desktop/Imperial/Master Thesis/QuantFundAgent/venv/lib/python3.13/site-packages/sklearn/utils/validation.py:2691: UserWarning: X does not have valid feature names, but LGBMRegressor was fitted with feature names
  warnings.warn(
/Users/lucawurker/Desktop/Imperial/Master Thesis/QuantFundAgent/venv/lib/python3.13/site-packages/sklearn/utils/validation.py:2691: UserWarning: X does not have valid feature names, but LGBMRegressor was fitted with feature names
  warnings.warn(
/Users/lucawurker/Desktop/Imperial/Master Thesis/QuantFundAgent/venv/lib/python3.13/site-packages/sklearn/utils/validation.py:2691: UserWarning: X does not have valid feature names, but LGBMRegressor was fitted with feature names
  warnings.warn(
/Users/lucawurker/Desktop/Imperial/Master Thesis/QuantFundAgent/venv/lib/python3.13/site-packages/sklearn/utils/validation.py:2691: UserWarning: X does not have valid feature names, but LGBMRegressor was fitted with feature names
  warnings.warn(
/Users/lucawurker/Desktop/Imperial/Master Thesis/QuantFundAgent/venv/lib/python3.13/site-packages/sklearn/utils/validation.py:2691: UserWarning: X does not have valid feature names, but LGBMRegressor was fitted with feature names
  warnings.warn(
15:31:09  INFO     factor_research.gp      stage_depth=3 gen=2: population=48, archive=13, n_trials=64
/Users/lucawurker/Desktop/Imperial/Master Thesis/QuantFundAgent/venv/lib/python3.13/site-packages/sklearn/utils/validation.py:2691: UserWarning: X does not have valid feature names, but LGBMRegressor was fitted with feature names
  warnings.warn(
/Users/lucawurker/Desktop/Imperial/Master Thesis/QuantFundAgent/venv/lib/python3.13/site-packages/sklearn/utils/validation.py:2691: UserWarning: X does not have valid feature names, but LGBMRegressor was fitted with feature names
  warnings.warn(
/Users/lucawurker/Desktop/Imperial/Master Thesis/QuantFundAgent/venv/lib/python3.13/site-packages/pandas/core/internals/blocks.py:347: RuntimeWarning: invalid value encountered in log
  result = func(self.values, **kwargs)
/Users/lucawurker/Desktop/Imperial/Master Thesis/QuantFundAgent/venv/lib/python3.13/site-packages/pandas/core/internals/blocks.py:347: RuntimeWarning: invalid value encountered in log
  result = func(self.values, **kwargs)
/Users/lucawurker/Desktop/Imperial/Master Thesis/QuantFundAgent/venv/lib/python3.13/site-packages/pandas/core/internals/blocks.py:347: RuntimeWarning: invalid value encountered in log
  result = func(self.values, **kwargs)
/Users/lucawurker/Desktop/Imperial/Master Thesis/QuantFundAgent/venv/lib/python3.13/site-packages/sklearn/utils/validation.py:2691: UserWarning: X does not have valid feature names, but LGBMRegressor was fitted with feature names
  warnings.warn(
/Users/lucawurker/Desktop/Imperial/Master Thesis/QuantFundAgent/venv/lib/python3.13/site-packages/sklearn/utils/validation.py:2691: UserWarning: X does not have valid feature names, but LGBMRegressor was fitted with feature names
  warnings.warn(
/Users/lucawurker/Desktop/Imperial/Master Thesis/QuantFundAgent/venv/lib/python3.13/site-packages/sklearn/utils/validation.py:2691: UserWarning: X does not have valid feature names, but LGBMRegressor was fitted with feature names
  warnings.warn(
/Users/lucawurker/Desktop/Imperial/Master Thesis/QuantFundAgent/venv/lib/python3.13/site-packages/sklearn/utils/validation.py:2691: UserWarning: X does not have valid feature names, but LGBMRegressor was fitted with feature names
  warnings.warn(
/Users/lucawurker/Desktop/Imperial/Master Thesis/QuantFundAgent/venv/lib/python3.13/site-packages/sklearn/utils/validation.py:2691: UserWarning: X does not have valid feature names, but LGBMRegressor was fitted with feature names
  warnings.warn(
/Users/lucawurker/Desktop/Imperial/Master Thesis/QuantFundAgent/venv/lib/python3.13/site-packages/sklearn/utils/validation.py:2691: UserWarning: X does not have valid feature names, but LGBMRegressor was fitted with feature names
  warnings.warn(
/Users/lucawurker/Desktop/Imperial/Master Thesis/QuantFundAgent/venv/lib/python3.13/site-packages/sklearn/utils/validation.py:2691: UserWarning: X does not have valid feature names, but LGBMRegressor was fitted with feature names
  warnings.warn(
/Users/lucawurker/Desktop/Imperial/Master Thesis/QuantFundAgent/venv/lib/python3.13/site-packages/sklearn/utils/validation.py:2691: UserWarning: X does not have valid feature names, but LGBMRegressor was fitted with feature names
  warnings.warn(
/Users/lucawurker/Desktop/Imperial/Master Thesis/QuantFundAgent/venv/lib/python3.13/site-packages/sklearn/utils/validation.py:2691: UserWarning: X does not have valid feature names, but LGBMRegressor was fitted with feature names
  warnings.warn(
/Users/lucawurker/Desktop/Imperial/Master Thesis/QuantFundAgent/venv/lib/python3.13/site-packages/sklearn/utils/validation.py:2691: UserWarning: X does not have valid feature names, but LGBMRegressor was fitted with feature names
  warnings.warn(
15:31:37  INFO     factor_research.gp      stage_depth=3 gen=3: population=48, archive=13, n_trials=76
/Users/lucawurker/Desktop/Imperial/Master Thesis/QuantFundAgent/venv/lib/python3.13/site-packages/sklearn/utils/validation.py:2691: UserWarning: X does not have valid feature names, but LGBMRegressor was fitted with feature names
  warnings.warn(
/Users/lucawurker/Desktop/Imperial/Master Thesis/QuantFundAgent/venv/lib/python3.13/site-packages/sklearn/utils/validation.py:2691: UserWarning: X does not have valid feature names, but LGBMRegressor was fitted with feature names
  warnings.warn(
/Users/lucawurker/Desktop/Imperial/Master Thesis/QuantFundAgent/venv/lib/python3.13/site-packages/sklearn/utils/validation.py:2691: UserWarning: X does not have valid feature names, but LGBMRegressor was fitted with feature names
  warnings.warn(
/Users/lucawurker/Desktop/Imperial/Master Thesis/QuantFundAgent/venv/lib/python3.13/site-packages/sklearn/utils/validation.py:2691: UserWarning: X does not have valid feature names, but LGBMRegressor was fitted with feature names
  warnings.warn(
/Users/lucawurker/Desktop/Imperial/Master Thesis/QuantFundAgent/venv/lib/python3.13/site-packages/sklearn/utils/validation.py:2691: UserWarning: X does not have valid feature names, but LGBMRegressor was fitted with feature names
  warnings.warn(
/Users/lucawurker/Desktop/Imperial/Master Thesis/QuantFundAgent/venv/lib/python3.13/site-packages/sklearn/utils/validation.py:2691: UserWarning: X does not have valid feature names, but LGBMRegressor was fitted with feature names
  warnings.warn(
/Users/lucawurker/Desktop/Imperial/Master Thesis/QuantFundAgent/venv/lib/python3.13/site-packages/sklearn/utils/validation.py:2691: UserWarning: X does not have valid feature names, but LGBMRegressor was fitted with feature names
  warnings.warn(
/Users/lucawurker/Desktop/Imperial/Master Thesis/QuantFundAgent/venv/lib/python3.13/site-packages/sklearn/utils/validation.py:2691: UserWarning: X does not have valid feature names, but LGBMRegressor was fitted with feature names
  warnings.warn(
/Users/lucawurker/Desktop/Imperial/Master Thesis/QuantFundAgent/venv/lib/python3.13/site-packages/sklearn/utils/validation.py:2691: UserWarning: X does not have valid feature names, but LGBMRegressor was fitted with feature names
  warnings.warn(
/Users/lucawurker/Desktop/Imperial/Master Thesis/QuantFundAgent/venv/lib/python3.13/site-packages/sklearn/utils/validation.py:2691: UserWarning: X does not have valid feature names, but LGBMRegressor was fitted with feature names
  warnings.warn(
/Users/lucawurker/Desktop/Imperial/Master Thesis/QuantFundAgent/venv/lib/python3.13/site-packages/sklearn/utils/validation.py:2691: UserWarning: X does not have valid feature names, but LGBMRegressor was fitted with feature names
  warnings.warn(
/Users/lucawurker/Desktop/Imperial/Master Thesis/QuantFundAgent/venv/lib/python3.13/site-packages/sklearn/utils/validation.py:2691: UserWarning: X does not have valid feature names, but LGBMRegressor was fitted with feature names
  warnings.warn(
15:32:06  INFO     factor_research.gp      stage_depth=3 gen=4: population=48, archive=13, n_trials=88
/Users/lucawurker/Desktop/Imperial/Master Thesis/QuantFundAgent/venv/lib/python3.13/site-packages/sklearn/utils/validation.py:2691: UserWarning: X does not have valid feature names, but LGBMRegressor was fitted with feature names
  warnings.warn(
/Users/lucawurker/Desktop/Imperial/Master Thesis/QuantFundAgent/venv/lib/python3.13/site-packages/sklearn/utils/validation.py:2691: UserWarning: X does not have valid feature names, but LGBMRegressor was fitted with feature names
  warnings.warn(
/Users/lucawurker/Desktop/Imperial/Master Thesis/QuantFundAgent/venv/lib/python3.13/site-packages/sklearn/utils/validation.py:2691: UserWarning: X does not have valid feature names, but LGBMRegressor was fitted with feature names
  warnings.warn(
/Users/lucawurker/Desktop/Imperial/Master Thesis/QuantFundAgent/venv/lib/python3.13/site-packages/sklearn/utils/validation.py:2691: UserWarning: X does not have valid feature names, but LGBMRegressor was fitted with feature names
  warnings.warn(
/Users/lucawurker/Desktop/Imperial/Master Thesis/QuantFundAgent/venv/lib/python3.13/site-packages/sklearn/utils/validation.py:2691: UserWarning: X does not have valid feature names, but LGBMRegressor was fitted with feature names
  warnings.warn(
/Users/lucawurker/Desktop/Imperial/Master Thesis/QuantFundAgent/venv/lib/python3.13/site-packages/sklearn/utils/validation.py:2691: UserWarning: X does not have valid feature names, but LGBMRegressor was fitted with feature names
  warnings.warn(
/Users/lucawurker/Desktop/Imperial/Master Thesis/QuantFundAgent/venv/lib/python3.13/site-packages/sklearn/utils/validation.py:2691: UserWarning: X does not have valid feature names, but LGBMRegressor was fitted with feature names
  warnings.warn(
/Users/lucawurker/Desktop/Imperial/Master Thesis/QuantFundAgent/venv/lib/python3.13/site-packages/sklearn/utils/validation.py:2691: UserWarning: X does not have valid feature names, but LGBMRegressor was fitted with feature names
  warnings.warn(
/Users/lucawurker/Desktop/Imperial/Master Thesis/QuantFundAgent/venv/lib/python3.13/site-packages/sklearn/utils/validation.py:2691: UserWarning: X does not have valid feature names, but LGBMRegressor was fitted with feature names
  warnings.warn(
/Users/lucawurker/Desktop/Imperial/Master Thesis/QuantFundAgent/venv/lib/python3.13/site-packages/sklearn/utils/validation.py:2691: UserWarning: X does not have valid feature names, but LGBMRegressor was fitted with feature names
  warnings.warn(
/Users/lucawurker/Desktop/Imperial/Master Thesis/QuantFundAgent/venv/lib/python3.13/site-packages/sklearn/utils/validation.py:2691: UserWarning: X does not have valid feature names, but LGBMRegressor was fitted with feature names
  warnings.warn(
/Users/lucawurker/Desktop/Imperial/Master Thesis/QuantFundAgent/venv/lib/python3.13/site-packages/sklearn/utils/validation.py:2691: UserWarning: X does not have valid feature names, but LGBMRegressor was fitted with feature names
  warnings.warn(
15:32:34  INFO     factor_research.gp      stage_depth=3 gen=5: population=48, archive=13, n_trials=100
/Users/lucawurker/Desktop/Imperial/Master Thesis/QuantFundAgent/venv/lib/python3.13/site-packages/sklearn/utils/validation.py:2691: UserWarning: X does not have valid feature names, but LGBMRegressor was fitted with feature names
  warnings.warn(
/Users/lucawurker/Desktop/Imperial/Master Thesis/QuantFundAgent/venv/lib/python3.13/site-packages/sklearn/utils/validation.py:2691: UserWarning: X does not have valid feature names, but LGBMRegressor was fitted with feature names
  warnings.warn(
/Users/lucawurker/Desktop/Imperial/Master Thesis/QuantFundAgent/venv/lib/python3.13/site-packages/sklearn/utils/validation.py:2691: UserWarning: X does not have valid feature names, but LGBMRegressor was fitted with feature names
  warnings.warn(
/Users/lucawurker/Desktop/Imperial/Master Thesis/QuantFundAgent/venv/lib/python3.13/site-packages/sklearn/utils/validation.py:2691: UserWarning: X does not have valid feature names, but LGBMRegressor was fitted with feature names
  warnings.warn(
/Users/lucawurker/Desktop/Imperial/Master Thesis/QuantFundAgent/venv/lib/python3.13/site-packages/sklearn/utils/validation.py:2691: UserWarning: X does not have valid feature names, but LGBMRegressor was fitted with feature names
  warnings.warn(
/Users/lucawurker/Desktop/Imperial/Master Thesis/QuantFundAgent/venv/lib/python3.13/site-packages/sklearn/utils/validation.py:2691: UserWarning: X does not have valid feature names, but LGBMRegressor was fitted with feature names
  warnings.warn(
/Users/lucawurker/Desktop/Imperial/Master Thesis/QuantFundAgent/venv/lib/python3.13/site-packages/sklearn/utils/validation.py:2691: UserWarning: X does not have valid feature names, but LGBMRegressor was fitted with feature names
  warnings.warn(
/Users/lucawurker/Desktop/Imperial/Master Thesis/QuantFundAgent/venv/lib/python3.13/site-packages/sklearn/utils/validation.py:2691: UserWarning: X does not have valid feature names, but LGBMRegressor was fitted with feature names
  warnings.warn(
/Users/lucawurker/Desktop/Imperial/Master Thesis/QuantFundAgent/venv/lib/python3.13/site-packages/sklearn/utils/validation.py:2691: UserWarning: X does not have valid feature names, but LGBMRegressor was fitted with feature names
  warnings.warn(
/Users/lucawurker/Desktop/Imperial/Master Thesis/QuantFundAgent/venv/lib/python3.13/site-packages/sklearn/utils/validation.py:2691: UserWarning: X does not have valid feature names, but LGBMRegressor was fitted with feature names
  warnings.warn(
/Users/lucawurker/Desktop/Imperial/Master Thesis/QuantFundAgent/venv/lib/python3.13/site-packages/sklearn/utils/validation.py:2691: UserWarning: X does not have valid feature names, but LGBMRegressor was fitted with feature names
  warnings.warn(
/Users/lucawurker/Desktop/Imperial/Master Thesis/QuantFundAgent/venv/lib/python3.13/site-packages/sklearn/utils/validation.py:2691: UserWarning: X does not have valid feature names, but LGBMRegressor was fitted with feature names
  warnings.warn(
15:33:03  INFO     factor_research.gp      stage_depth=3 gen=6: population=48, archive=13, n_trials=112
/Users/lucawurker/Desktop/Imperial/Master Thesis/QuantFundAgent/venv/lib/python3.13/site-packages/sklearn/utils/validation.py:2691: UserWarning: X does not have valid feature names, but LGBMRegressor was fitted with feature names
  warnings.warn(
/Users/lucawurker/Desktop/Imperial/Master Thesis/QuantFundAgent/venv/lib/python3.13/site-packages/sklearn/utils/validation.py:2691: UserWarning: X does not have valid feature names, but LGBMRegressor was fitted with feature names
  warnings.warn(
/Users/lucawurker/Desktop/Imperial/Master Thesis/QuantFundAgent/venv/lib/python3.13/site-packages/sklearn/utils/validation.py:2691: UserWarning: X does not have valid feature names, but LGBMRegressor was fitted with feature names
  warnings.warn(
/Users/lucawurker/Desktop/Imperial/Master Thesis/QuantFundAgent/venv/lib/python3.13/site-packages/sklearn/utils/validation.py:2691: UserWarning: X does not have valid feature names, but LGBMRegressor was fitted with feature names
  warnings.warn(
/Users/lucawurker/Desktop/Imperial/Master Thesis/QuantFundAgent/venv/lib/python3.13/site-packages/sklearn/utils/validation.py:2691: UserWarning: X does not have valid feature names, but LGBMRegressor was fitted with feature names
  warnings.warn(
/Users/lucawurker/Desktop/Imperial/Master Thesis/QuantFundAgent/venv/lib/python3.13/site-packages/sklearn/utils/validation.py:2691: UserWarning: X does not have valid feature names, but LGBMRegressor was fitted with feature names
  warnings.warn(
/Users/lucawurker/Desktop/Imperial/Master Thesis/QuantFundAgent/venv/lib/python3.13/site-packages/sklearn/utils/validation.py:2691: UserWarning: X does not have valid feature names, but LGBMRegressor was fitted with feature names
  warnings.warn(
/Users/lucawurker/Desktop/Imperial/Master Thesis/QuantFundAgent/venv/lib/python3.13/site-packages/sklearn/utils/validation.py:2691: UserWarning: X does not have valid feature names, but LGBMRegressor was fitted with feature names
  warnings.warn(
/Users/lucawurker/Desktop/Imperial/Master Thesis/QuantFundAgent/venv/lib/python3.13/site-packages/sklearn/utils/validation.py:2691: UserWarning: X does not have valid feature names, but LGBMRegressor was fitted with feature names
  warnings.warn(
/Users/lucawurker/Desktop/Imperial/Master Thesis/QuantFundAgent/venv/lib/python3.13/site-packages/sklearn/utils/validation.py:2691: UserWarning: X does not have valid feature names, but LGBMRegressor was fitted with feature names
  warnings.warn(
/Users/lucawurker/Desktop/Imperial/Master Thesis/QuantFundAgent/venv/lib/python3.13/site-packages/sklearn/utils/validation.py:2691: UserWarning: X does not have valid feature names, but LGBMRegressor was fitted with feature names
  warnings.warn(
/Users/lucawurker/Desktop/Imperial/Master Thesis/QuantFundAgent/venv/lib/python3.13/site-packages/sklearn/utils/validation.py:2691: UserWarning: X does not have valid feature names, but LGBMRegressor was fitted with feature names
  warnings.warn(
15:33:31  INFO     factor_research.gp      stage_depth=3 gen=7: population=48, archive=13, n_trials=124
/Users/lucawurker/Desktop/Imperial/Master Thesis/QuantFundAgent/venv/lib/python3.13/site-packages/sklearn/utils/validation.py:2691: UserWarning: X does not have valid feature names, but LGBMRegressor was fitted with feature names
  warnings.warn(
/Users/lucawurker/Desktop/Imperial/Master Thesis/QuantFundAgent/venv/lib/python3.13/site-packages/sklearn/utils/validation.py:2691: UserWarning: X does not have valid feature names, but LGBMRegressor was fitted with feature names
  warnings.warn(
/Users/lucawurker/Desktop/Imperial/Master Thesis/QuantFundAgent/venv/lib/python3.13/site-packages/sklearn/utils/validation.py:2691: UserWarning: X does not have valid feature names, but LGBMRegressor was fitted with feature names
  warnings.warn(
/Users/lucawurker/Desktop/Imperial/Master Thesis/QuantFundAgent/venv/lib/python3.13/site-packages/sklearn/utils/validation.py:2691: UserWarning: X does not have valid feature names, but LGBMRegressor was fitted with feature names
  warnings.warn(
/Users/lucawurker/Desktop/Imperial/Master Thesis/QuantFundAgent/venv/lib/python3.13/site-packages/sklearn/utils/validation.py:2691: UserWarning: X does not have valid feature names, but LGBMRegressor was fitted with feature names
  warnings.warn(
/Users/lucawurker/Desktop/Imperial/Master Thesis/QuantFundAgent/venv/lib/python3.13/site-packages/sklearn/utils/validation.py:2691: UserWarning: X does not have valid feature names, but LGBMRegressor was fitted with feature names
  warnings.warn(
/Users/lucawurker/Desktop/Imperial/Master Thesis/QuantFundAgent/venv/lib/python3.13/site-packages/sklearn/utils/validation.py:2691: UserWarning: X does not have valid feature names, but LGBMRegressor was fitted with feature names
  warnings.warn(
/Users/lucawurker/Desktop/Imperial/Master Thesis/QuantFundAgent/venv/lib/python3.13/site-packages/sklearn/utils/validation.py:2691: UserWarning: X does not have valid feature names, but LGBMRegressor was fitted with feature names
  warnings.warn(
/Users/lucawurker/Desktop/Imperial/Master Thesis/QuantFundAgent/venv/lib/python3.13/site-packages/sklearn/utils/validation.py:2691: UserWarning: X does not have valid feature names, but LGBMRegressor was fitted with feature names
  warnings.warn(
/Users/lucawurker/Desktop/Imperial/Master Thesis/QuantFundAgent/venv/lib/python3.13/site-packages/sklearn/utils/validation.py:2691: UserWarning: X does not have valid feature names, but LGBMRegressor was fitted with feature names
  warnings.warn(
/Users/lucawurker/Desktop/Imperial/Master Thesis/QuantFundAgent/venv/lib/python3.13/site-packages/sklearn/utils/validation.py:2691: UserWarning: X does not have valid feature names, but LGBMRegressor was fitted with feature names
  warnings.warn(
/Users/lucawurker/Desktop/Imperial/Master Thesis/QuantFundAgent/venv/lib/python3.13/site-packages/sklearn/utils/validation.py:2691: UserWarning: X does not have valid feature names, but LGBMRegressor was fitted with feature names
  warnings.warn(
15:33:59  INFO     factor_research.gp      stage_depth=3 gen=8: population=48, archive=13, n_trials=136
/Users/lucawurker/Desktop/Imperial/Master Thesis/QuantFundAgent/venv/lib/python3.13/site-packages/sklearn/utils/validation.py:2691: UserWarning: X does not have valid feature names, but LGBMRegressor was fitted with feature names
  warnings.warn(
/Users/lucawurker/Desktop/Imperial/Master Thesis/QuantFundAgent/venv/lib/python3.13/site-packages/sklearn/utils/validation.py:2691: UserWarning: X does not have valid feature names, but LGBMRegressor was fitted with feature names
  warnings.warn(
/Users/lucawurker/Desktop/Imperial/Master Thesis/QuantFundAgent/venv/lib/python3.13/site-packages/sklearn/utils/validation.py:2691: UserWarning: X does not have valid feature names, but LGBMRegressor was fitted with feature names
  warnings.warn(
/Users/lucawurker/Desktop/Imperial/Master Thesis/QuantFundAgent/venv/lib/python3.13/site-packages/sklearn/utils/validation.py:2691: UserWarning: X does not have valid feature names, but LGBMRegressor was fitted with feature names
  warnings.warn(
/Users/lucawurker/Desktop/Imperial/Master Thesis/QuantFundAgent/venv/lib/python3.13/site-packages/sklearn/utils/validation.py:2691: UserWarning: X does not have valid feature names, but LGBMRegressor was fitted with feature names
  warnings.warn(
/Users/lucawurker/Desktop/Imperial/Master Thesis/QuantFundAgent/venv/lib/python3.13/site-packages/sklearn/utils/validation.py:2691: UserWarning: X does not have valid feature names, but LGBMRegressor was fitted with feature names
  warnings.warn(
/Users/lucawurker/Desktop/Imperial/Master Thesis/QuantFundAgent/venv/lib/python3.13/site-packages/sklearn/utils/validation.py:2691: UserWarning: X does not have valid feature names, but LGBMRegressor was fitted with feature names
  warnings.warn(
/Users/lucawurker/Desktop/Imperial/Master Thesis/QuantFundAgent/venv/lib/python3.13/site-packages/sklearn/utils/validation.py:2691: UserWarning: X does not have valid feature names, but LGBMRegressor was fitted with feature names
  warnings.warn(
/Users/lucawurker/Desktop/Imperial/Master Thesis/QuantFundAgent/venv/lib/python3.13/site-packages/sklearn/utils/validation.py:2691: UserWarning: X does not have valid feature names, but LGBMRegressor was fitted with feature names
  warnings.warn(
/Users/lucawurker/Desktop/Imperial/Master Thesis/QuantFundAgent/venv/lib/python3.13/site-packages/sklearn/utils/validation.py:2691: UserWarning: X does not have valid feature names, but LGBMRegressor was fitted with feature names
  warnings.warn(
/Users/lucawurker/Desktop/Imperial/Master Thesis/QuantFundAgent/venv/lib/python3.13/site-packages/sklearn/utils/validation.py:2691: UserWarning: X does not have valid feature names, but LGBMRegressor was fitted with feature names
  warnings.warn(
/Users/lucawurker/Desktop/Imperial/Master Thesis/QuantFundAgent/venv/lib/python3.13/site-packages/sklearn/utils/validation.py:2691: UserWarning: X does not have valid feature names, but LGBMRegressor was fitted with feature names
  warnings.warn(
15:34:27  INFO     factor_research.gp      stage_depth=5 gen=9: population=48, archive=13, n_trials=148
/Users/lucawurker/Desktop/Imperial/Master Thesis/QuantFundAgent/venv/lib/python3.13/site-packages/sklearn/utils/validation.py:2691: UserWarning: X does not have valid feature names, but LGBMRegressor was fitted with feature names
  warnings.warn(
/Users/lucawurker/Desktop/Imperial/Master Thesis/QuantFundAgent/venv/lib/python3.13/site-packages/sklearn/utils/validation.py:2691: UserWarning: X does not have valid feature names, but LGBMRegressor was fitted with feature names
  warnings.warn(
/Users/lucawurker/Desktop/Imperial/Master Thesis/QuantFundAgent/venv/lib/python3.13/site-packages/sklearn/utils/validation.py:2691: UserWarning: X does not have valid feature names, but LGBMRegressor was fitted with feature names
  warnings.warn(
/Users/lucawurker/Desktop/Imperial/Master Thesis/QuantFundAgent/venv/lib/python3.13/site-packages/sklearn/utils/validation.py:2691: UserWarning: X does not have valid feature names, but LGBMRegressor was fitted with feature names
  warnings.warn(
/Users/lucawurker/Desktop/Imperial/Master Thesis/QuantFundAgent/venv/lib/python3.13/site-packages/sklearn/utils/validation.py:2691: UserWarning: X does not have valid feature names, but LGBMRegressor was fitted with feature names
  warnings.warn(
/Users/lucawurker/Desktop/Imperial/Master Thesis/QuantFundAgent/venv/lib/python3.13/site-packages/sklearn/utils/validation.py:2691: UserWarning: X does not have valid feature names, but LGBMRegressor was fitted with feature names
  warnings.warn(
/Users/lucawurker/Desktop/Imperial/Master Thesis/QuantFundAgent/venv/lib/python3.13/site-packages/sklearn/utils/validation.py:2691: UserWarning: X does not have valid feature names, but LGBMRegressor was fitted with feature names
  warnings.warn(
/Users/lucawurker/Desktop/Imperial/Master Thesis/QuantFundAgent/venv/lib/python3.13/site-packages/sklearn/utils/validation.py:2691: UserWarning: X does not have valid feature names, but LGBMRegressor was fitted with feature names
  warnings.warn(
/Users/lucawurker/Desktop/Imperial/Master Thesis/QuantFundAgent/venv/lib/python3.13/site-packages/sklearn/utils/validation.py:2691: UserWarning: X does not have valid feature names, but LGBMRegressor was fitted with feature names
  warnings.warn(
/Users/lucawurker/Desktop/Imperial/Master Thesis/QuantFundAgent/venv/lib/python3.13/site-packages/sklearn/utils/validation.py:2691: UserWarning: X does not have valid feature names, but LGBMRegressor was fitted with feature names
  warnings.warn(
/Users/lucawurker/Desktop/Imperial/Master Thesis/QuantFundAgent/venv/lib/python3.13/site-packages/sklearn/utils/validation.py:2691: UserWarning: X does not have valid feature names, but LGBMRegressor was fitted with feature names
  warnings.warn(
/Users/lucawurker/Desktop/Imperial/Master Thesis/QuantFundAgent/venv/lib/python3.13/site-packages/sklearn/utils/validation.py:2691: UserWarning: X does not have valid feature names, but LGBMRegressor was fitted with feature names
  warnings.warn(
15:34:56  INFO     factor_research.gp      stage_depth=5 gen=10: population=48, archive=13, n_trials=160
/Users/lucawurker/Desktop/Imperial/Master Thesis/QuantFundAgent/venv/lib/python3.13/site-packages/sklearn/utils/validation.py:2691: UserWarning: X does not have valid feature names, but LGBMRegressor was fitted with feature names
  warnings.warn(
/Users/lucawurker/Desktop/Imperial/Master Thesis/QuantFundAgent/venv/lib/python3.13/site-packages/sklearn/utils/validation.py:2691: UserWarning: X does not have valid feature names, but LGBMRegressor was fitted with feature names
  warnings.warn(
/Users/lucawurker/Desktop/Imperial/Master Thesis/QuantFundAgent/venv/lib/python3.13/site-packages/sklearn/utils/validation.py:2691: UserWarning: X does not have valid feature names, but LGBMRegressor was fitted with feature names
  warnings.warn(
/Users/lucawurker/Desktop/Imperial/Master Thesis/QuantFundAgent/venv/lib/python3.13/site-packages/sklearn/utils/validation.py:2691: UserWarning: X does not have valid feature names, but LGBMRegressor was fitted with feature names
  warnings.warn(
/Users/lucawurker/Desktop/Imperial/Master Thesis/QuantFundAgent/venv/lib/python3.13/site-packages/sklearn/utils/validation.py:2691: UserWarning: X does not have valid feature names, but LGBMRegressor was fitted with feature names
  warnings.warn(
/Users/lucawurker/Desktop/Imperial/Master Thesis/QuantFundAgent/venv/lib/python3.13/site-packages/sklearn/utils/validation.py:2691: UserWarning: X does not have valid feature names, but LGBMRegressor was fitted with feature names
  warnings.warn(
/Users/lucawurker/Desktop/Imperial/Master Thesis/QuantFundAgent/venv/lib/python3.13/site-packages/sklearn/utils/validation.py:2691: UserWarning: X does not have valid feature names, but LGBMRegressor was fitted with feature names
  warnings.warn(
/Users/lucawurker/Desktop/Imperial/Master Thesis/QuantFundAgent/venv/lib/python3.13/site-packages/sklearn/utils/validation.py:2691: UserWarning: X does not have valid feature names, but LGBMRegressor was fitted with feature names
  warnings.warn(
/Users/lucawurker/Desktop/Imperial/Master Thesis/QuantFundAgent/venv/lib/python3.13/site-packages/sklearn/utils/validation.py:2691: UserWarning: X does not have valid feature names, but LGBMRegressor was fitted with feature names
  warnings.warn(
/Users/lucawurker/Desktop/Imperial/Master Thesis/QuantFundAgent/venv/lib/python3.13/site-packages/sklearn/utils/validation.py:2691: UserWarning: X does not have valid feature names, but LGBMRegressor was fitted with feature names
  warnings.warn(
/Users/lucawurker/Desktop/Imperial/Master Thesis/QuantFundAgent/venv/lib/python3.13/site-packages/sklearn/utils/validation.py:2691: UserWarning: X does not have valid feature names, but LGBMRegressor was fitted with feature names
  warnings.warn(
/Users/lucawurker/Desktop/Imperial/Master Thesis/QuantFundAgent/venv/lib/python3.13/site-packages/sklearn/utils/validation.py:2691: UserWarning: X does not have valid feature names, but LGBMRegressor was fitted with feature names
  warnings.warn(
15:35:25  INFO     factor_research.gp      stage_depth=5 gen=11: population=48, archive=13, n_trials=172
/Users/lucawurker/Desktop/Imperial/Master Thesis/QuantFundAgent/venv/lib/python3.13/site-packages/sklearn/utils/validation.py:2691: UserWarning: X does not have valid feature names, but LGBMRegressor was fitted with feature names
  warnings.warn(
/Users/lucawurker/Desktop/Imperial/Master Thesis/QuantFundAgent/venv/lib/python3.13/site-packages/pandas/core/internals/blocks.py:347: RuntimeWarning: invalid value encountered in log
  result = func(self.values, **kwargs)
/Users/lucawurker/Desktop/Imperial/Master Thesis/QuantFundAgent/venv/lib/python3.13/site-packages/sklearn/utils/validation.py:2691: UserWarning: X does not have valid feature names, but LGBMRegressor was fitted with feature names
  warnings.warn(
/Users/lucawurker/Desktop/Imperial/Master Thesis/QuantFundAgent/venv/lib/python3.13/site-packages/sklearn/utils/validation.py:2691: UserWarning: X does not have valid feature names, but LGBMRegressor was fitted with feature names
  warnings.warn(
/Users/lucawurker/Desktop/Imperial/Master Thesis/QuantFundAgent/venv/lib/python3.13/site-packages/pandas/core/internals/blocks.py:347: RuntimeWarning: invalid value encountered in log
  result = func(self.values, **kwargs)
/Users/lucawurker/Desktop/Imperial/Master Thesis/QuantFundAgent/venv/lib/python3.13/site-packages/sklearn/utils/validation.py:2691: UserWarning: X does not have valid feature names, but LGBMRegressor was fitted with feature names
  warnings.warn(
/Users/lucawurker/Desktop/Imperial/Master Thesis/QuantFundAgent/venv/lib/python3.13/site-packages/sklearn/utils/validation.py:2691: UserWarning: X does not have valid feature names, but LGBMRegressor was fitted with feature names
  warnings.warn(
/Users/lucawurker/Desktop/Imperial/Master Thesis/QuantFundAgent/venv/lib/python3.13/site-packages/sklearn/utils/validation.py:2691: UserWarning: X does not have valid feature names, but LGBMRegressor was fitted with feature names
  warnings.warn(
/Users/lucawurker/Desktop/Imperial/Master Thesis/QuantFundAgent/venv/lib/python3.13/site-packages/sklearn/utils/validation.py:2691: UserWarning: X does not have valid feature names, but LGBMRegressor was fitted with feature names
  warnings.warn(
/Users/lucawurker/Desktop/Imperial/Master Thesis/QuantFundAgent/venv/lib/python3.13/site-packages/sklearn/utils/validation.py:2691: UserWarning: X does not have valid feature names, but LGBMRegressor was fitted with feature names
  warnings.warn(
/Users/lucawurker/Desktop/Imperial/Master Thesis/QuantFundAgent/venv/lib/python3.13/site-packages/sklearn/utils/validation.py:2691: UserWarning: X does not have valid feature names, but LGBMRegressor was fitted with feature names
  warnings.warn(
/Users/lucawurker/Desktop/Imperial/Master Thesis/QuantFundAgent/venv/lib/python3.13/site-packages/sklearn/utils/validation.py:2691: UserWarning: X does not have valid feature names, but LGBMRegressor was fitted with feature names
  warnings.warn(
/Users/lucawurker/Desktop/Imperial/Master Thesis/QuantFundAgent/venv/lib/python3.13/site-packages/sklearn/utils/validation.py:2691: UserWarning: X does not have valid feature names, but LGBMRegressor was fitted with feature names
  warnings.warn(
/Users/lucawurker/Desktop/Imperial/Master Thesis/QuantFundAgent/venv/lib/python3.13/site-packages/sklearn/utils/validation.py:2691: UserWarning: X does not have valid feature names, but LGBMRegressor was fitted with feature names
  warnings.warn(
15:35:53  INFO     factor_research.gp      stage_depth=5 gen=12: population=48, archive=13, n_trials=184
/Users/lucawurker/Desktop/Imperial/Master Thesis/QuantFundAgent/venv/lib/python3.13/site-packages/sklearn/utils/validation.py:2691: UserWarning: X does not have valid feature names, but LGBMRegressor was fitted with feature names
  warnings.warn(
/Users/lucawurker/Desktop/Imperial/Master Thesis/QuantFundAgent/venv/lib/python3.13/site-packages/sklearn/utils/validation.py:2691: UserWarning: X does not have valid feature names, but LGBMRegressor was fitted with feature names
  warnings.warn(
/Users/lucawurker/Desktop/Imperial/Master Thesis/QuantFundAgent/venv/lib/python3.13/site-packages/sklearn/utils/validation.py:2691: UserWarning: X does not have valid feature names, but LGBMRegressor was fitted with feature names
  warnings.warn(
/Users/lucawurker/Desktop/Imperial/Master Thesis/QuantFundAgent/venv/lib/python3.13/site-packages/sklearn/utils/validation.py:2691: UserWarning: X does not have valid feature names, but LGBMRegressor was fitted with feature names
  warnings.warn(
/Users/lucawurker/Desktop/Imperial/Master Thesis/QuantFundAgent/venv/lib/python3.13/site-packages/sklearn/utils/validation.py:2691: UserWarning: X does not have valid feature names, but LGBMRegressor was fitted with feature names
  warnings.warn(
/Users/lucawurker/Desktop/Imperial/Master Thesis/QuantFundAgent/venv/lib/python3.13/site-packages/sklearn/utils/validation.py:2691: UserWarning: X does not have valid feature names, but LGBMRegressor was fitted with feature names
  warnings.warn(
/Users/lucawurker/Desktop/Imperial/Master Thesis/QuantFundAgent/venv/lib/python3.13/site-packages/sklearn/utils/validation.py:2691: UserWarning: X does not have valid feature names, but LGBMRegressor was fitted with feature names
  warnings.warn(
/Users/lucawurker/Desktop/Imperial/Master Thesis/QuantFundAgent/venv/lib/python3.13/site-packages/sklearn/utils/validation.py:2691: UserWarning: X does not have valid feature names, but LGBMRegressor was fitted with feature names
  warnings.warn(
/Users/lucawurker/Desktop/Imperial/Master Thesis/QuantFundAgent/venv/lib/python3.13/site-packages/sklearn/utils/validation.py:2691: UserWarning: X does not have valid feature names, but LGBMRegressor was fitted with feature names
  warnings.warn(
/Users/lucawurker/Desktop/Imperial/Master Thesis/QuantFundAgent/venv/lib/python3.13/site-packages/sklearn/utils/validation.py:2691: UserWarning: X does not have valid feature names, but LGBMRegressor was fitted with feature names
  warnings.warn(
/Users/lucawurker/Desktop/Imperial/Master Thesis/QuantFundAgent/venv/lib/python3.13/site-packages/sklearn/utils/validation.py:2691: UserWarning: X does not have valid feature names, but LGBMRegressor was fitted with feature names
  warnings.warn(
/Users/lucawurker/Desktop/Imperial/Master Thesis/QuantFundAgent/venv/lib/python3.13/site-packages/sklearn/utils/validation.py:2691: UserWarning: X does not have valid feature names, but LGBMRegressor was fitted with feature names
  warnings.warn(
/Users/lucawurker/Desktop/Imperial/Master Thesis/QuantFundAgent/venv/lib/python3.13/site-packages/sklearn/utils/validation.py:2691: UserWarning: X does not have valid feature names, but LGBMRegressor was fitted with feature names
  warnings.warn(
15:36:24  INFO     factor_research.gp      stage_depth=5 gen=13: population=48, archive=14, n_trials=196
/Users/lucawurker/Desktop/Imperial/Master Thesis/QuantFundAgent/venv/lib/python3.13/site-packages/sklearn/utils/validation.py:2691: UserWarning: X does not have valid feature names, but LGBMRegressor was fitted with feature names
  warnings.warn(
/Users/lucawurker/Desktop/Imperial/Master Thesis/QuantFundAgent/venv/lib/python3.13/site-packages/sklearn/utils/validation.py:2691: UserWarning: X does not have valid feature names, but LGBMRegressor was fitted with feature names
  warnings.warn(
/Users/lucawurker/Desktop/Imperial/Master Thesis/QuantFundAgent/venv/lib/python3.13/site-packages/sklearn/utils/validation.py:2691: UserWarning: X does not have valid feature names, but LGBMRegressor was fitted with feature names
  warnings.warn(
/Users/lucawurker/Desktop/Imperial/Master Thesis/QuantFundAgent/venv/lib/python3.13/site-packages/sklearn/utils/validation.py:2691: UserWarning: X does not have valid feature names, but LGBMRegressor was fitted with feature names
  warnings.warn(
/Users/lucawurker/Desktop/Imperial/Master Thesis/QuantFundAgent/venv/lib/python3.13/site-packages/sklearn/utils/validation.py:2691: UserWarning: X does not have valid feature names, but LGBMRegressor was fitted with feature names
  warnings.warn(
/Users/lucawurker/Desktop/Imperial/Master Thesis/QuantFundAgent/venv/lib/python3.13/site-packages/sklearn/utils/validation.py:2691: UserWarning: X does not have valid feature names, but LGBMRegressor was fitted with feature names
  warnings.warn(
/Users/lucawurker/Desktop/Imperial/Master Thesis/QuantFundAgent/venv/lib/python3.13/site-packages/sklearn/utils/validation.py:2691: UserWarning: X does not have valid feature names, but LGBMRegressor was fitted with feature names
  warnings.warn(
/Users/lucawurker/Desktop/Imperial/Master Thesis/QuantFundAgent/venv/lib/python3.13/site-packages/sklearn/utils/validation.py:2691: UserWarning: X does not have valid feature names, but LGBMRegressor was fitted with feature names
  warnings.warn(
/Users/lucawurker/Desktop/Imperial/Master Thesis/QuantFundAgent/venv/lib/python3.13/site-packages/sklearn/utils/validation.py:2691: UserWarning: X does not have valid feature names, but LGBMRegressor was fitted with feature names
  warnings.warn(
/Users/lucawurker/Desktop/Imperial/Master Thesis/QuantFundAgent/venv/lib/python3.13/site-packages/sklearn/utils/validation.py:2691: UserWarning: X does not have valid feature names, but LGBMRegressor was fitted with feature names
  warnings.warn(
/Users/lucawurker/Desktop/Imperial/Master Thesis/QuantFundAgent/venv/lib/python3.13/site-packages/sklearn/utils/validation.py:2691: UserWarning: X does not have valid feature names, but LGBMRegressor was fitted with feature names
  warnings.warn(
/Users/lucawurker/Desktop/Imperial/Master Thesis/QuantFundAgent/venv/lib/python3.13/site-packages/sklearn/utils/validation.py:2691: UserWarning: X does not have valid feature names, but LGBMRegressor was fitted with feature names
  warnings.warn(
15:36:53  INFO     factor_research.gp      stage_depth=5 gen=14: population=48, archive=14, n_trials=208
/Users/lucawurker/Desktop/Imperial/Master Thesis/QuantFundAgent/venv/lib/python3.13/site-packages/sklearn/utils/validation.py:2691: UserWarning: X does not have valid feature names, but LGBMRegressor was fitted with feature names
  warnings.warn(
/Users/lucawurker/Desktop/Imperial/Master Thesis/QuantFundAgent/venv/lib/python3.13/site-packages/sklearn/utils/validation.py:2691: UserWarning: X does not have valid feature names, but LGBMRegressor was fitted with feature names
  warnings.warn(
/Users/lucawurker/Desktop/Imperial/Master Thesis/QuantFundAgent/venv/lib/python3.13/site-packages/sklearn/utils/validation.py:2691: UserWarning: X does not have valid feature names, but LGBMRegressor was fitted with feature names
  warnings.warn(
/Users/lucawurker/Desktop/Imperial/Master Thesis/QuantFundAgent/venv/lib/python3.13/site-packages/sklearn/utils/validation.py:2691: UserWarning: X does not have valid feature names, but LGBMRegressor was fitted with feature names
  warnings.warn(
/Users/lucawurker/Desktop/Imperial/Master Thesis/QuantFundAgent/venv/lib/python3.13/site-packages/sklearn/utils/validation.py:2691: UserWarning: X does not have valid feature names, but LGBMRegressor was fitted with feature names
  warnings.warn(
/Users/lucawurker/Desktop/Imperial/Master Thesis/QuantFundAgent/venv/lib/python3.13/site-packages/sklearn/utils/validation.py:2691: UserWarning: X does not have valid feature names, but LGBMRegressor was fitted with feature names
  warnings.warn(
/Users/lucawurker/Desktop/Imperial/Master Thesis/QuantFundAgent/venv/lib/python3.13/site-packages/sklearn/utils/validation.py:2691: UserWarning: X does not have valid feature names, but LGBMRegressor was fitted with feature names
  warnings.warn(
/Users/lucawurker/Desktop/Imperial/Master Thesis/QuantFundAgent/venv/lib/python3.13/site-packages/sklearn/utils/validation.py:2691: UserWarning: X does not have valid feature names, but LGBMRegressor was fitted with feature names
  warnings.warn(
/Users/lucawurker/Desktop/Imperial/Master Thesis/QuantFundAgent/venv/lib/python3.13/site-packages/sklearn/utils/validation.py:2691: UserWarning: X does not have valid feature names, but LGBMRegressor was fitted with feature names
  warnings.warn(
/Users/lucawurker/Desktop/Imperial/Master Thesis/QuantFundAgent/venv/lib/python3.13/site-packages/sklearn/utils/validation.py:2691: UserWarning: X does not have valid feature names, but LGBMRegressor was fitted with feature names
  warnings.warn(
/Users/lucawurker/Desktop/Imperial/Master Thesis/QuantFundAgent/venv/lib/python3.13/site-packages/sklearn/utils/validation.py:2691: UserWarning: X does not have valid feature names, but LGBMRegressor was fitted with feature names
  warnings.warn(
15:37:21  INFO     factor_research.gp      stage_depth=5 gen=15: population=48, archive=14, n_trials=219
/Users/lucawurker/Desktop/Imperial/Master Thesis/QuantFundAgent/venv/lib/python3.13/site-packages/sklearn/utils/validation.py:2691: UserWarning: X does not have valid feature names, but LGBMRegressor was fitted with feature names
  warnings.warn(
/Users/lucawurker/Desktop/Imperial/Master Thesis/QuantFundAgent/venv/lib/python3.13/site-packages/sklearn/utils/validation.py:2691: UserWarning: X does not have valid feature names, but LGBMRegressor was fitted with feature names
  warnings.warn(
/Users/lucawurker/Desktop/Imperial/Master Thesis/QuantFundAgent/venv/lib/python3.13/site-packages/sklearn/utils/validation.py:2691: UserWarning: X does not have valid feature names, but LGBMRegressor was fitted with feature names
  warnings.warn(
/Users/lucawurker/Desktop/Imperial/Master Thesis/QuantFundAgent/venv/lib/python3.13/site-packages/pandas/core/internals/blocks.py:347: RuntimeWarning: invalid value encountered in log
  result = func(self.values, **kwargs)
/Users/lucawurker/Desktop/Imperial/Master Thesis/QuantFundAgent/venv/lib/python3.13/site-packages/pandas/core/internals/blocks.py:347: RuntimeWarning: invalid value encountered in log
  result = func(self.values, **kwargs)
/Users/lucawurker/Desktop/Imperial/Master Thesis/QuantFundAgent/venv/lib/python3.13/site-packages/sklearn/utils/validation.py:2691: UserWarning: X does not have valid feature names, but LGBMRegressor was fitted with feature names
  warnings.warn(
/Users/lucawurker/Desktop/Imperial/Master Thesis/QuantFundAgent/venv/lib/python3.13/site-packages/sklearn/utils/validation.py:2691: UserWarning: X does not have valid feature names, but LGBMRegressor was fitted with feature names
  warnings.warn(
/Users/lucawurker/Desktop/Imperial/Master Thesis/QuantFundAgent/venv/lib/python3.13/site-packages/sklearn/utils/validation.py:2691: UserWarning: X does not have valid feature names, but LGBMRegressor was fitted with feature names
  warnings.warn(
/Users/lucawurker/Desktop/Imperial/Master Thesis/QuantFundAgent/venv/lib/python3.13/site-packages/sklearn/utils/validation.py:2691: UserWarning: X does not have valid feature names, but LGBMRegressor was fitted with feature names
  warnings.warn(
/Users/lucawurker/Desktop/Imperial/Master Thesis/QuantFundAgent/venv/lib/python3.13/site-packages/sklearn/utils/validation.py:2691: UserWarning: X does not have valid feature names, but LGBMRegressor was fitted with feature names
  warnings.warn(
/Users/lucawurker/Desktop/Imperial/Master Thesis/QuantFundAgent/venv/lib/python3.13/site-packages/sklearn/utils/validation.py:2691: UserWarning: X does not have valid feature names, but LGBMRegressor was fitted with feature names
  warnings.warn(
/Users/lucawurker/Desktop/Imperial/Master Thesis/QuantFundAgent/venv/lib/python3.13/site-packages/sklearn/utils/validation.py:2691: UserWarning: X does not have valid feature names, but LGBMRegressor was fitted with feature names
  warnings.warn(
/Users/lucawurker/Desktop/Imperial/Master Thesis/QuantFundAgent/venv/lib/python3.13/site-packages/sklearn/utils/validation.py:2691: UserWarning: X does not have valid feature names, but LGBMRegressor was fitted with feature names
  warnings.warn(
/Users/lucawurker/Desktop/Imperial/Master Thesis/QuantFundAgent/venv/lib/python3.13/site-packages/sklearn/utils/validation.py:2691: UserWarning: X does not have valid feature names, but LGBMRegressor was fitted with feature names
  warnings.warn(
15:37:50  INFO     factor_research.gp      stage_depth=5 gen=16: population=48, archive=14, n_trials=231
/Users/lucawurker/Desktop/Imperial/Master Thesis/QuantFundAgent/venv/lib/python3.13/site-packages/sklearn/utils/validation.py:2691: UserWarning: X does not have valid feature names, but LGBMRegressor was fitted with feature names
  warnings.warn(
/Users/lucawurker/Desktop/Imperial/Master Thesis/QuantFundAgent/venv/lib/python3.13/site-packages/sklearn/utils/validation.py:2691: UserWarning: X does not have valid feature names, but LGBMRegressor was fitted with feature names
  warnings.warn(
/Users/lucawurker/Desktop/Imperial/Master Thesis/QuantFundAgent/venv/lib/python3.13/site-packages/sklearn/utils/validation.py:2691: UserWarning: X does not have valid feature names, but LGBMRegressor was fitted with feature names
  warnings.warn(
/Users/lucawurker/Desktop/Imperial/Master Thesis/QuantFundAgent/venv/lib/python3.13/site-packages/sklearn/utils/validation.py:2691: UserWarning: X does not have valid feature names, but LGBMRegressor was fitted with feature names
  warnings.warn(
/Users/lucawurker/Desktop/Imperial/Master Thesis/QuantFundAgent/venv/lib/python3.13/site-packages/sklearn/utils/validation.py:2691: UserWarning: X does not have valid feature names, but LGBMRegressor was fitted with feature names
  warnings.warn(
/Users/lucawurker/Desktop/Imperial/Master Thesis/QuantFundAgent/venv/lib/python3.13/site-packages/sklearn/utils/validation.py:2691: UserWarning: X does not have valid feature names, but LGBMRegressor was fitted with feature names
  warnings.warn(
/Users/lucawurker/Desktop/Imperial/Master Thesis/QuantFundAgent/venv/lib/python3.13/site-packages/sklearn/utils/validation.py:2691: UserWarning: X does not have valid feature names, but LGBMRegressor was fitted with feature names
  warnings.warn(
/Users/lucawurker/Desktop/Imperial/Master Thesis/QuantFundAgent/venv/lib/python3.13/site-packages/sklearn/utils/validation.py:2691: UserWarning: X does not have valid feature names, but LGBMRegressor was fitted with feature names
  warnings.warn(
/Users/lucawurker/Desktop/Imperial/Master Thesis/QuantFundAgent/venv/lib/python3.13/site-packages/sklearn/utils/validation.py:2691: UserWarning: X does not have valid feature names, but LGBMRegressor was fitted with feature names
  warnings.warn(
/Users/lucawurker/Desktop/Imperial/Master Thesis/QuantFundAgent/venv/lib/python3.13/site-packages/sklearn/utils/validation.py:2691: UserWarning: X does not have valid feature names, but LGBMRegressor was fitted with feature names
  warnings.warn(
/Users/lucawurker/Desktop/Imperial/Master Thesis/QuantFundAgent/venv/lib/python3.13/site-packages/sklearn/utils/validation.py:2691: UserWarning: X does not have valid feature names, but LGBMRegressor was fitted with feature names
  warnings.warn(
/Users/lucawurker/Desktop/Imperial/Master Thesis/QuantFundAgent/venv/lib/python3.13/site-packages/sklearn/utils/validation.py:2691: UserWarning: X does not have valid feature names, but LGBMRegressor was fitted with feature names
  warnings.warn(
15:38:19  INFO     factor_research.gp      stage_depth=7 gen=17: population=48, archive=14, n_trials=243
/Users/lucawurker/Desktop/Imperial/Master Thesis/QuantFundAgent/venv/lib/python3.13/site-packages/sklearn/utils/validation.py:2691: UserWarning: X does not have valid feature names, but LGBMRegressor was fitted with feature names
  warnings.warn(
/Users/lucawurker/Desktop/Imperial/Master Thesis/QuantFundAgent/venv/lib/python3.13/site-packages/sklearn/utils/validation.py:2691: UserWarning: X does not have valid feature names, but LGBMRegressor was fitted with feature names
  warnings.warn(
/Users/lucawurker/Desktop/Imperial/Master Thesis/QuantFundAgent/venv/lib/python3.13/site-packages/sklearn/utils/validation.py:2691: UserWarning: X does not have valid feature names, but LGBMRegressor was fitted with feature names
  warnings.warn(
/Users/lucawurker/Desktop/Imperial/Master Thesis/QuantFundAgent/venv/lib/python3.13/site-packages/sklearn/utils/validation.py:2691: UserWarning: X does not have valid feature names, but LGBMRegressor was fitted with feature names
  warnings.warn(
/Users/lucawurker/Desktop/Imperial/Master Thesis/QuantFundAgent/venv/lib/python3.13/site-packages/sklearn/utils/validation.py:2691: UserWarning: X does not have valid feature names, but LGBMRegressor was fitted with feature names
  warnings.warn(
/Users/lucawurker/Desktop/Imperial/Master Thesis/QuantFundAgent/venv/lib/python3.13/site-packages/sklearn/utils/validation.py:2691: UserWarning: X does not have valid feature names, but LGBMRegressor was fitted with feature names
  warnings.warn(
/Users/lucawurker/Desktop/Imperial/Master Thesis/QuantFundAgent/venv/lib/python3.13/site-packages/sklearn/utils/validation.py:2691: UserWarning: X does not have valid feature names, but LGBMRegressor was fitted with feature names
  warnings.warn(
/Users/lucawurker/Desktop/Imperial/Master Thesis/QuantFundAgent/venv/lib/python3.13/site-packages/sklearn/utils/validation.py:2691: UserWarning: X does not have valid feature names, but LGBMRegressor was fitted with feature names
  warnings.warn(
/Users/lucawurker/Desktop/Imperial/Master Thesis/QuantFundAgent/venv/lib/python3.13/site-packages/sklearn/utils/validation.py:2691: UserWarning: X does not have valid feature names, but LGBMRegressor was fitted with feature names
  warnings.warn(
/Users/lucawurker/Desktop/Imperial/Master Thesis/QuantFundAgent/venv/lib/python3.13/site-packages/sklearn/utils/validation.py:2691: UserWarning: X does not have valid feature names, but LGBMRegressor was fitted with feature names
  warnings.warn(
/Users/lucawurker/Desktop/Imperial/Master Thesis/QuantFundAgent/venv/lib/python3.13/site-packages/sklearn/utils/validation.py:2691: UserWarning: X does not have valid feature names, but LGBMRegressor was fitted with feature names
  warnings.warn(
15:38:46  INFO     factor_research.gp      stage_depth=7 gen=18: population=48, archive=14, n_trials=254
/Users/lucawurker/Desktop/Imperial/Master Thesis/QuantFundAgent/venv/lib/python3.13/site-packages/sklearn/utils/validation.py:2691: UserWarning: X does not have valid feature names, but LGBMRegressor was fitted with feature names
  warnings.warn(
/Users/lucawurker/Desktop/Imperial/Master Thesis/QuantFundAgent/venv/lib/python3.13/site-packages/sklearn/utils/validation.py:2691: UserWarning: X does not have valid feature names, but LGBMRegressor was fitted with feature names
  warnings.warn(
/Users/lucawurker/Desktop/Imperial/Master Thesis/QuantFundAgent/venv/lib/python3.13/site-packages/sklearn/utils/validation.py:2691: UserWarning: X does not have valid feature names, but LGBMRegressor was fitted with feature names
  warnings.warn(
/Users/lucawurker/Desktop/Imperial/Master Thesis/QuantFundAgent/venv/lib/python3.13/site-packages/sklearn/utils/validation.py:2691: UserWarning: X does not have valid feature names, but LGBMRegressor was fitted with feature names
  warnings.warn(
/Users/lucawurker/Desktop/Imperial/Master Thesis/QuantFundAgent/venv/lib/python3.13/site-packages/sklearn/utils/validation.py:2691: UserWarning: X does not have valid feature names, but LGBMRegressor was fitted with feature names
  warnings.warn(
/Users/lucawurker/Desktop/Imperial/Master Thesis/QuantFundAgent/venv/lib/python3.13/site-packages/sklearn/utils/validation.py:2691: UserWarning: X does not have valid feature names, but LGBMRegressor was fitted with feature names
  warnings.warn(
/Users/lucawurker/Desktop/Imperial/Master Thesis/QuantFundAgent/venv/lib/python3.13/site-packages/sklearn/utils/validation.py:2691: UserWarning: X does not have valid feature names, but LGBMRegressor was fitted with feature names
  warnings.warn(
/Users/lucawurker/Desktop/Imperial/Master Thesis/QuantFundAgent/venv/lib/python3.13/site-packages/sklearn/utils/validation.py:2691: UserWarning: X does not have valid feature names, but LGBMRegressor was fitted with feature names
  warnings.warn(
/Users/lucawurker/Desktop/Imperial/Master Thesis/QuantFundAgent/venv/lib/python3.13/site-packages/sklearn/utils/validation.py:2691: UserWarning: X does not have valid feature names, but LGBMRegressor was fitted with feature names
  warnings.warn(
/Users/lucawurker/Desktop/Imperial/Master Thesis/QuantFundAgent/venv/lib/python3.13/site-packages/sklearn/utils/validation.py:2691: UserWarning: X does not have valid feature names, but LGBMRegressor was fitted with feature names
  warnings.warn(
/Users/lucawurker/Desktop/Imperial/Master Thesis/QuantFundAgent/venv/lib/python3.13/site-packages/sklearn/utils/validation.py:2691: UserWarning: X does not have valid feature names, but LGBMRegressor was fitted with feature names
  warnings.warn(
/Users/lucawurker/Desktop/Imperial/Master Thesis/QuantFundAgent/venv/lib/python3.13/site-packages/sklearn/utils/validation.py:2691: UserWarning: X does not have valid feature names, but LGBMRegressor was fitted with feature names
  warnings.warn(
15:39:16  INFO     factor_research.gp      stage_depth=7 gen=19: population=48, archive=14, n_trials=266
/Users/lucawurker/Desktop/Imperial/Master Thesis/QuantFundAgent/venv/lib/python3.13/site-packages/sklearn/utils/validation.py:2691: UserWarning: X does not have valid feature names, but LGBMRegressor was fitted with feature names
  warnings.warn(
/Users/lucawurker/Desktop/Imperial/Master Thesis/QuantFundAgent/venv/lib/python3.13/site-packages/sklearn/utils/validation.py:2691: UserWarning: X does not have valid feature names, but LGBMRegressor was fitted with feature names
  warnings.warn(
/Users/lucawurker/Desktop/Imperial/Master Thesis/QuantFundAgent/venv/lib/python3.13/site-packages/sklearn/utils/validation.py:2691: UserWarning: X does not have valid feature names, but LGBMRegressor was fitted with feature names
  warnings.warn(
/Users/lucawurker/Desktop/Imperial/Master Thesis/QuantFundAgent/venv/lib/python3.13/site-packages/sklearn/utils/validation.py:2691: UserWarning: X does not have valid feature names, but LGBMRegressor was fitted with feature names
  warnings.warn(
/Users/lucawurker/Desktop/Imperial/Master Thesis/QuantFundAgent/venv/lib/python3.13/site-packages/sklearn/utils/validation.py:2691: UserWarning: X does not have valid feature names, but LGBMRegressor was fitted with feature names
  warnings.warn(
/Users/lucawurker/Desktop/Imperial/Master Thesis/QuantFundAgent/venv/lib/python3.13/site-packages/sklearn/utils/validation.py:2691: UserWarning: X does not have valid feature names, but LGBMRegressor was fitted with feature names
  warnings.warn(
/Users/lucawurker/Desktop/Imperial/Master Thesis/QuantFundAgent/venv/lib/python3.13/site-packages/sklearn/utils/validation.py:2691: UserWarning: X does not have valid feature names, but LGBMRegressor was fitted with feature names
  warnings.warn(
/Users/lucawurker/Desktop/Imperial/Master Thesis/QuantFundAgent/venv/lib/python3.13/site-packages/sklearn/utils/validation.py:2691: UserWarning: X does not have valid feature names, but LGBMRegressor was fitted with feature names
  warnings.warn(
/Users/lucawurker/Desktop/Imperial/Master Thesis/QuantFundAgent/venv/lib/python3.13/site-packages/sklearn/utils/validation.py:2691: UserWarning: X does not have valid feature names, but LGBMRegressor was fitted with feature names
  warnings.warn(
/Users/lucawurker/Desktop/Imperial/Master Thesis/QuantFundAgent/venv/lib/python3.13/site-packages/sklearn/utils/validation.py:2691: UserWarning: X does not have valid feature names, but LGBMRegressor was fitted with feature names
  warnings.warn(
/Users/lucawurker/Desktop/Imperial/Master Thesis/QuantFundAgent/venv/lib/python3.13/site-packages/sklearn/utils/validation.py:2691: UserWarning: X does not have valid feature names, but LGBMRegressor was fitted with feature names
  warnings.warn(
/Users/lucawurker/Desktop/Imperial/Master Thesis/QuantFundAgent/venv/lib/python3.13/site-packages/sklearn/utils/validation.py:2691: UserWarning: X does not have valid feature names, but LGBMRegressor was fitted with feature names
  warnings.warn(
15:39:46  INFO     factor_research.gp      stage_depth=7 gen=20: population=48, archive=14, n_trials=278
/Users/lucawurker/Desktop/Imperial/Master Thesis/QuantFundAgent/venv/lib/python3.13/site-packages/sklearn/utils/validation.py:2691: UserWarning: X does not have valid feature names, but LGBMRegressor was fitted with feature names
  warnings.warn(
/Users/lucawurker/Desktop/Imperial/Master Thesis/QuantFundAgent/venv/lib/python3.13/site-packages/sklearn/utils/validation.py:2691: UserWarning: X does not have valid feature names, but LGBMRegressor was fitted with feature names
  warnings.warn(
/Users/lucawurker/Desktop/Imperial/Master Thesis/QuantFundAgent/venv/lib/python3.13/site-packages/sklearn/utils/validation.py:2691: UserWarning: X does not have valid feature names, but LGBMRegressor was fitted with feature names
  warnings.warn(
/Users/lucawurker/Desktop/Imperial/Master Thesis/QuantFundAgent/venv/lib/python3.13/site-packages/sklearn/utils/validation.py:2691: UserWarning: X does not have valid feature names, but LGBMRegressor was fitted with feature names
  warnings.warn(
/Users/lucawurker/Desktop/Imperial/Master Thesis/QuantFundAgent/venv/lib/python3.13/site-packages/sklearn/utils/validation.py:2691: UserWarning: X does not have valid feature names, but LGBMRegressor was fitted with feature names
  warnings.warn(
/Users/lucawurker/Desktop/Imperial/Master Thesis/QuantFundAgent/venv/lib/python3.13/site-packages/sklearn/utils/validation.py:2691: UserWarning: X does not have valid feature names, but LGBMRegressor was fitted with feature names
  warnings.warn(
/Users/lucawurker/Desktop/Imperial/Master Thesis/QuantFundAgent/venv/lib/python3.13/site-packages/sklearn/utils/validation.py:2691: UserWarning: X does not have valid feature names, but LGBMRegressor was fitted with feature names
  warnings.warn(
/Users/lucawurker/Desktop/Imperial/Master Thesis/QuantFundAgent/venv/lib/python3.13/site-packages/sklearn/utils/validation.py:2691: UserWarning: X does not have valid feature names, but LGBMRegressor was fitted with feature names
  warnings.warn(
/Users/lucawurker/Desktop/Imperial/Master Thesis/QuantFundAgent/venv/lib/python3.13/site-packages/sklearn/utils/validation.py:2691: UserWarning: X does not have valid feature names, but LGBMRegressor was fitted with feature names
  warnings.warn(
/Users/lucawurker/Desktop/Imperial/Master Thesis/QuantFundAgent/venv/lib/python3.13/site-packages/sklearn/utils/validation.py:2691: UserWarning: X does not have valid feature names, but LGBMRegressor was fitted with feature names
  warnings.warn(
/Users/lucawurker/Desktop/Imperial/Master Thesis/QuantFundAgent/venv/lib/python3.13/site-packages/sklearn/utils/validation.py:2691: UserWarning: X does not have valid feature names, but LGBMRegressor was fitted with feature names
  warnings.warn(
/Users/lucawurker/Desktop/Imperial/Master Thesis/QuantFundAgent/venv/lib/python3.13/site-packages/sklearn/utils/validation.py:2691: UserWarning: X does not have valid feature names, but LGBMRegressor was fitted with feature names
  warnings.warn(
15:40:14  INFO     factor_research.gp      stage_depth=7 gen=21: population=48, archive=14, n_trials=290
/Users/lucawurker/Desktop/Imperial/Master Thesis/QuantFundAgent/venv/lib/python3.13/site-packages/sklearn/utils/validation.py:2691: UserWarning: X does not have valid feature names, but LGBMRegressor was fitted with feature names
  warnings.warn(
/Users/lucawurker/Desktop/Imperial/Master Thesis/QuantFundAgent/venv/lib/python3.13/site-packages/sklearn/utils/validation.py:2691: UserWarning: X does not have valid feature names, but LGBMRegressor was fitted with feature names
  warnings.warn(
/Users/lucawurker/Desktop/Imperial/Master Thesis/QuantFundAgent/venv/lib/python3.13/site-packages/sklearn/utils/validation.py:2691: UserWarning: X does not have valid feature names, but LGBMRegressor was fitted with feature names
  warnings.warn(
/Users/lucawurker/Desktop/Imperial/Master Thesis/QuantFundAgent/venv/lib/python3.13/site-packages/sklearn/utils/validation.py:2691: UserWarning: X does not have valid feature names, but LGBMRegressor was fitted with feature names
  warnings.warn(
/Users/lucawurker/Desktop/Imperial/Master Thesis/QuantFundAgent/venv/lib/python3.13/site-packages/sklearn/utils/validation.py:2691: UserWarning: X does not have valid feature names, but LGBMRegressor was fitted with feature names
  warnings.warn(
/Users/lucawurker/Desktop/Imperial/Master Thesis/QuantFundAgent/venv/lib/python3.13/site-packages/sklearn/utils/validation.py:2691: UserWarning: X does not have valid feature names, but LGBMRegressor was fitted with feature names
  warnings.warn(
/Users/lucawurker/Desktop/Imperial/Master Thesis/QuantFundAgent/venv/lib/python3.13/site-packages/sklearn/utils/validation.py:2691: UserWarning: X does not have valid feature names, but LGBMRegressor was fitted with feature names
  warnings.warn(
/Users/lucawurker/Desktop/Imperial/Master Thesis/QuantFundAgent/venv/lib/python3.13/site-packages/sklearn/utils/validation.py:2691: UserWarning: X does not have valid feature names, but LGBMRegressor was fitted with feature names
  warnings.warn(
/Users/lucawurker/Desktop/Imperial/Master Thesis/QuantFundAgent/venv/lib/python3.13/site-packages/sklearn/utils/validation.py:2691: UserWarning: X does not have valid feature names, but LGBMRegressor was fitted with feature names
  warnings.warn(
/Users/lucawurker/Desktop/Imperial/Master Thesis/QuantFundAgent/venv/lib/python3.13/site-packages/sklearn/utils/validation.py:2691: UserWarning: X does not have valid feature names, but LGBMRegressor was fitted with feature names
  warnings.warn(
/Users/lucawurker/Desktop/Imperial/Master Thesis/QuantFundAgent/venv/lib/python3.13/site-packages/sklearn/utils/validation.py:2691: UserWarning: X does not have valid feature names, but LGBMRegressor was fitted with feature names
  warnings.warn(
/Users/lucawurker/Desktop/Imperial/Master Thesis/QuantFundAgent/venv/lib/python3.13/site-packages/sklearn/utils/validation.py:2691: UserWarning: X does not have valid feature names, but LGBMRegressor was fitted with feature names
  warnings.warn(
15:40:43  INFO     factor_research.gp      stage_depth=7 gen=22: population=48, archive=14, n_trials=302
/Users/lucawurker/Desktop/Imperial/Master Thesis/QuantFundAgent/venv/lib/python3.13/site-packages/sklearn/utils/validation.py:2691: UserWarning: X does not have valid feature names, but LGBMRegressor was fitted with feature names
  warnings.warn(
/Users/lucawurker/Desktop/Imperial/Master Thesis/QuantFundAgent/venv/lib/python3.13/site-packages/sklearn/utils/validation.py:2691: UserWarning: X does not have valid feature names, but LGBMRegressor was fitted with feature names
  warnings.warn(
/Users/lucawurker/Desktop/Imperial/Master Thesis/QuantFundAgent/venv/lib/python3.13/site-packages/sklearn/utils/validation.py:2691: UserWarning: X does not have valid feature names, but LGBMRegressor was fitted with feature names
  warnings.warn(
/Users/lucawurker/Desktop/Imperial/Master Thesis/QuantFundAgent/venv/lib/python3.13/site-packages/sklearn/utils/validation.py:2691: UserWarning: X does not have valid feature names, but LGBMRegressor was fitted with feature names
  warnings.warn(
/Users/lucawurker/Desktop/Imperial/Master Thesis/QuantFundAgent/venv/lib/python3.13/site-packages/sklearn/utils/validation.py:2691: UserWarning: X does not have valid feature names, but LGBMRegressor was fitted with feature names
  warnings.warn(
/Users/lucawurker/Desktop/Imperial/Master Thesis/QuantFundAgent/venv/lib/python3.13/site-packages/sklearn/utils/validation.py:2691: UserWarning: X does not have valid feature names, but LGBMRegressor was fitted with feature names
  warnings.warn(
/Users/lucawurker/Desktop/Imperial/Master Thesis/QuantFundAgent/venv/lib/python3.13/site-packages/sklearn/utils/validation.py:2691: UserWarning: X does not have valid feature names, but LGBMRegressor was fitted with feature names
  warnings.warn(
/Users/lucawurker/Desktop/Imperial/Master Thesis/QuantFundAgent/venv/lib/python3.13/site-packages/sklearn/utils/validation.py:2691: UserWarning: X does not have valid feature names, but LGBMRegressor was fitted with feature names
  warnings.warn(
/Users/lucawurker/Desktop/Imperial/Master Thesis/QuantFundAgent/venv/lib/python3.13/site-packages/sklearn/utils/validation.py:2691: UserWarning: X does not have valid feature names, but LGBMRegressor was fitted with feature names
  warnings.warn(
/Users/lucawurker/Desktop/Imperial/Master Thesis/QuantFundAgent/venv/lib/python3.13/site-packages/sklearn/utils/validation.py:2691: UserWarning: X does not have valid feature names, but LGBMRegressor was fitted with feature names
  warnings.warn(
/Users/lucawurker/Desktop/Imperial/Master Thesis/QuantFundAgent/venv/lib/python3.13/site-packages/sklearn/utils/validation.py:2691: UserWarning: X does not have valid feature names, but LGBMRegressor was fitted with feature names
  warnings.warn(
/Users/lucawurker/Desktop/Imperial/Master Thesis/QuantFundAgent/venv/lib/python3.13/site-packages/sklearn/utils/validation.py:2691: UserWarning: X does not have valid feature names, but LGBMRegressor was fitted with feature names
  warnings.warn(
15:41:12  INFO     factor_research.gp      stage_depth=7 gen=23: population=48, archive=14, n_trials=314
/Users/lucawurker/Desktop/Imperial/Master Thesis/QuantFundAgent/venv/lib/python3.13/site-packages/sklearn/utils/validation.py:2691: UserWarning: X does not have valid feature names, but LGBMRegressor was fitted with feature names
  warnings.warn(
/Users/lucawurker/Desktop/Imperial/Master Thesis/QuantFundAgent/venv/lib/python3.13/site-packages/sklearn/utils/validation.py:2691: UserWarning: X does not have valid feature names, but LGBMRegressor was fitted with feature names
  warnings.warn(
/Users/lucawurker/Desktop/Imperial/Master Thesis/QuantFundAgent/venv/lib/python3.13/site-packages/sklearn/utils/validation.py:2691: UserWarning: X does not have valid feature names, but LGBMRegressor was fitted with feature names
  warnings.warn(
/Users/lucawurker/Desktop/Imperial/Master Thesis/QuantFundAgent/venv/lib/python3.13/site-packages/sklearn/utils/validation.py:2691: UserWarning: X does not have valid feature names, but LGBMRegressor was fitted with feature names
  warnings.warn(
/Users/lucawurker/Desktop/Imperial/Master Thesis/QuantFundAgent/venv/lib/python3.13/site-packages/sklearn/utils/validation.py:2691: UserWarning: X does not have valid feature names, but LGBMRegressor was fitted with feature names
  warnings.warn(
/Users/lucawurker/Desktop/Imperial/Master Thesis/QuantFundAgent/venv/lib/python3.13/site-packages/sklearn/utils/validation.py:2691: UserWarning: X does not have valid feature names, but LGBMRegressor was fitted with feature names
  warnings.warn(
/Users/lucawurker/Desktop/Imperial/Master Thesis/QuantFundAgent/venv/lib/python3.13/site-packages/sklearn/utils/validation.py:2691: UserWarning: X does not have valid feature names, but LGBMRegressor was fitted with feature names
  warnings.warn(
/Users/lucawurker/Desktop/Imperial/Master Thesis/QuantFundAgent/venv/lib/python3.13/site-packages/sklearn/utils/validation.py:2691: UserWarning: X does not have valid feature names, but LGBMRegressor was fitted with feature names
  warnings.warn(
/Users/lucawurker/Desktop/Imperial/Master Thesis/QuantFundAgent/venv/lib/python3.13/site-packages/sklearn/utils/validation.py:2691: UserWarning: X does not have valid feature names, but LGBMRegressor was fitted with feature names
  warnings.warn(
/Users/lucawurker/Desktop/Imperial/Master Thesis/QuantFundAgent/venv/lib/python3.13/site-packages/sklearn/utils/validation.py:2691: UserWarning: X does not have valid feature names, but LGBMRegressor was fitted with feature names
  warnings.warn(
/Users/lucawurker/Desktop/Imperial/Master Thesis/QuantFundAgent/venv/lib/python3.13/site-packages/sklearn/utils/validation.py:2691: UserWarning: X does not have valid feature names, but LGBMRegressor was fitted with feature names
  warnings.warn(
/Users/lucawurker/Desktop/Imperial/Master Thesis/QuantFundAgent/venv/lib/python3.13/site-packages/pandas/core/internals/blocks.py:347: RuntimeWarning: invalid value encountered in log
  result = func(self.values, **kwargs)
/Users/lucawurker/Desktop/Imperial/Master Thesis/QuantFundAgent/venv/lib/python3.13/site-packages/sklearn/utils/validation.py:2691: UserWarning: X does not have valid feature names, but LGBMRegressor was fitted with feature names
  warnings.warn(
/Users/lucawurker/Desktop/Imperial/Master Thesis/QuantFundAgent/venv/lib/python3.13/site-packages/sklearn/utils/validation.py:2691: UserWarning: X does not have valid feature names, but LGBMRegressor was fitted with feature names
  warnings.warn(
15:41:42  INFO     factor_research.gp      stage_depth=7 gen=24: population=48, archive=14, n_trials=326
/Users/lucawurker/Desktop/Imperial/Master Thesis/QuantFundAgent/venv/lib/python3.13/site-packages/sklearn/utils/validation.py:2691: UserWarning: X does not have valid feature names, but LGBMRegressor was fitted with feature names
  warnings.warn(
15:41:44  INFO     evolution.loop          publish deflation (N_trials=326) kept 14/14 (passed=True, dropped=[])
15:41:44  INFO     factor_research.codegen  validated gp_0001_1 (class Gp742455f15b)
15:41:44  INFO     factor_research.codegen  validated gp_0003_1 (class Gp180158a2f9)
15:41:44  INFO     factor_research.codegen  validated gp_0006_1 (class Gpe3624b130d)
15:41:44  INFO     factor_research.codegen  validated gp_0007_1 (class Gp816e782924)
15:41:44  INFO     factor_research.codegen  validated gp_0014 (class Gpdc30f78d82)
15:41:44  INFO     factor_research.codegen  validated gp_0023 (class Gp15f81b845c)
15:41:44  INFO     factor_research.codegen  validated gp_0031 (class Gp4a88e8e7d6)
15:41:44  INFO     factor_research.codegen  validated gp_0034 (class Gpa35d67a5e6)
15:41:44  INFO     factor_research.codegen  validated gp_0042 (class Gp3dd02afac1)
15:41:44  INFO     factor_research.codegen  validated gp_0045 (class Gp656a8aa422)
15:41:44  INFO     factor_research.codegen  validated gp_0055 (class Gpb1b9ecc7c3)
15:41:44  INFO     factor_research.codegen  validated gp_0060 (class Gp3a4836e729)
15:41:44  INFO     factor_research.codegen  validated gp_0063 (class Gpc38c7ab7cd)
15:41:44  INFO     factor_research.codegen  validated gp_0215 (class Gp384f5d8f1e)
15:41:44  INFO     research.service        Loading panel from ticker_data (fields=['accountsPayable', 'capex', 'cashConversionCycle', 'cashPerShare', 'close', 'ebitMargin', 'evToOperatingCashFlow', 'high', 'inventoryTurnover', 'longTermDebt', 'netDebtToEbitda', 'netIncomePerShare', 'open', 'operatingCashFlowGrowth', 'operatingCycle', 'operatingIncomeGrowth', 'receivablesTurnover', 'revenueActual', 'revenueGrowth3Y', 'totalCurrentLiabilities', 'totalEquity'], n_tickers=all) …
15:42:30  INFO     research.service        Panel loaded in 46.3s (209 tickers, 21 fields)
15:42:30  INFO     research.service        [gp_0001_1] backtest 0.1s IC@6=0.004574 ICIR@6=0.041748
15:42:30  INFO     research.service        [gp_0003_1] backtest 0.1s IC@6=0.002675 ICIR@6=0.023095
15:42:30  INFO     research.service        [gp_0006_1] backtest 0.0s IC@6=-0.010536 ICIR@6=-0.070335
15:42:31  INFO     research.service        [gp_0007_1] backtest 0.1s IC@6=-0.002981 ICIR@6=-0.024184
15:42:31  INFO     research.service        [gp_0014] backtest 0.1s IC@6=0.003741 ICIR@6=0.03634
/Users/lucawurker/Desktop/Imperial/Master Thesis/QuantFundAgent/venv/lib/python3.13/site-packages/numpy/_core/_methods.py:49: RuntimeWarning: invalid value encountered in reduce
  return umr_sum(a, axis, dtype, out, keepdims, initial, where)
/Users/lucawurker/Desktop/Imperial/Master Thesis/QuantFundAgent/venv/lib/python3.13/site-packages/numpy/_core/_methods.py:49: RuntimeWarning: invalid value encountered in reduce
  return umr_sum(a, axis, dtype, out, keepdims, initial, where)
/Users/lucawurker/Desktop/Imperial/Master Thesis/QuantFundAgent/venv/lib/python3.13/site-packages/numpy/_core/_methods.py:49: RuntimeWarning: invalid value encountered in reduce
  return umr_sum(a, axis, dtype, out, keepdims, initial, where)
/Users/lucawurker/Desktop/Imperial/Master Thesis/QuantFundAgent/venv/lib/python3.13/site-packages/numpy/_core/_methods.py:49: RuntimeWarning: invalid value encountered in reduce
  return umr_sum(a, axis, dtype, out, keepdims, initial, where)
/Users/lucawurker/Desktop/Imperial/Master Thesis/QuantFundAgent/venv/lib/python3.13/site-packages/numpy/_core/_methods.py:49: RuntimeWarning: invalid value encountered in reduce
  return umr_sum(a, axis, dtype, out, keepdims, initial, where)
/Users/lucawurker/Desktop/Imperial/Master Thesis/QuantFundAgent/venv/lib/python3.13/site-packages/numpy/_core/_methods.py:49: RuntimeWarning: invalid value encountered in reduce
  return umr_sum(a, axis, dtype, out, keepdims, initial, where)
15:42:31  INFO     research.service        [gp_0023] backtest 0.1s IC@6=-0.048981 ICIR@6=-0.746276
15:42:31  INFO     research.service        [gp_0031] backtest 0.1s IC@6=0.005902 ICIR@6=0.041503
15:42:31  INFO     research.service        [gp_0034] backtest 0.0s IC@6=-0.005986 ICIR@6=-0.042234
15:42:31  INFO     research.service        [gp_0042] backtest 0.1s IC@6=-0.003651 ICIR@6=-0.024817
15:42:31  INFO     research.service        [gp_0045] backtest 0.1s IC@6=-0.001079 ICIR@6=-0.008799
15:42:31  INFO     research.service        [gp_0055] backtest 0.0s IC@6=0.005885 ICIR@6=0.051449
15:42:31  INFO     research.service        [gp_0060] backtest 0.0s IC@6=0.00606 ICIR@6=0.050469
15:42:31  INFO     research.service        [gp_0063] backtest 0.2s IC@6=-7.2e-05 ICIR@6=-0.000623
15:42:31  INFO     research.service        [gp_0215] backtest 0.1s IC@6=0.003719 ICIR@6=0.031647
15:42:31  INFO     research.service        research session persisted: 14 kept, 0 rejected

================================================================================
GP factor-mining run 'fmp_archive_equity_nasdaq100pit/L0_gp_s0' complete
{
  "engine": "gp",
  "generations": 24,
  "n_trials": 326,
  "population": 48,
  "archive": [
    {
      "factor_ids": [
        "gp_0001_1"
      ],
      "genome_id": "g0-gp_0001_1-82dc2c",
      "operator": "gp_seed",
      "generation": 0,
      "objective": {
        "marginal_value": -0.009774292179778736,
        "independence": 0.0025659888217496886,
        "parsimony": -4.0,
        "structural_novelty": 0.9582360647024418
      }
    },
    {
      "factor_ids": [
        "gp_0003_1"
      ],
      "genome_id": "g0-gp_0003_1-c86be7",
      "operator": "gp_seed",
      "generation": 0,
      "objective": {
        "marginal_value": 0.014527649723841105,
        "independence": -0.003220502168058684,
        "parsimony": -2.0,
        "structural_novelty": 0.9074585692891163
      }
    },
    {
      "factor_ids": [
        "gp_0006_1"
      ],
      "genome_id": "g0-gp_0006_1-2d3f8b",
      "operator": "gp_seed",
      "generation": 0,
      "objective": {
        "marginal_value": 0.046431252768715084,
        "independence": -0.05420728328231063,
        "parsimony": -1.0,
        "structural_novelty": 0.9342811302215425
      }
    },
    {
      "factor_ids": [
        "gp_0007_1"
      ],
      "genome_id": "g0-gp_0007_1-6bb138",
      "operator": "gp_seed",
      "generation": 0,
      "objective": {
        "marginal_value": -0.0008336352390796485,
        "independence": 0.00949998227892076,
        "parsimony": -5.0,
        "structural_novelty": 0.9263622145164215
      }
    },
    {
      "factor_ids": [
        "gp_0014"
      ],
      "genome_id": "g0-gp_0014-a0f9ae",
      "operator": "gp_seed",
      "generation": 0,
      "objective": {
        "marginal_value": 0.002274236315174115,
        "independence": 0.03223230952164328,
        "parsimony": -1.0,
        "structural_novelty": 0.918024966643873
      }
    },
    {
      "factor_ids": [
        "gp_0023"
      ],
      "genome_id": "g0-gp_0023-0dc41f",
      "operator": "gp_seed",
      "generation": 0,
      "objective": {
        "marginal_value": 0.00227776396818212,
        "independence": 0.0030918334470222994,
        "parsimony": -8.0,
        "structural_novelty": 0.9229758032015308
      }
    },
    {
      "factor_ids": [
        "gp_0031"
      ],
      "genome_id": "g0-gp_0031-9c3fc2",
      "operator": "gp_seed",
      "generation": 0,
      "objective": {
        "marginal_value": 0.009686146813175353,
        "independence": -0.0009601845990923644,
        "parsimony": -4.0,
        "structural_novelty": 0.9227769884643461
      }
    },
    {
      "factor_ids": [
        "gp_0034"
      ],
      "genome_id": "g0-gp_0034-454222",
      "operator": "gp_seed",
      "generation": 0,
      "objective": {
        "marginal_value": 0.00833228628631208,
        "independence": 0.02095476027055151,
        "parsimony": -1.0,
        "structural_novelty": 0.918024966643873
      }
    },
    {
      "factor_ids": [
        "gp_0042"
      ],
      "genome_id": "g0-gp_0042-42ebe8",
      "operator": "gp_seed",
      "generation": 0,
      "objective": {
        "marginal_value": -0.001542695095862176,
        "independence": 0.025142963158324268,
        "parsimony": -3.0,
        "structural_novelty": 0.9454008998298046
      }
    },
    {
      "factor_ids": [
        "gp_0045"
      ],
      "genome_id": "g1-gp_0045-9eaedf",
      "operator": "gp_crossover",
      "generation": 1,
      "objective": {
        "marginal_value": 0.0010548942260937277,
        "independence": -0.0024155695110588743,
        "parsimony": -4.0,
        "structural_novelty": 0.9330974337978282
      }
    },
    {
      "factor_ids": [
        "gp_0055"
      ],
      "genome_id": "g1-gp_0055-6a1e45",
      "operator": "gp_crossover",
      "generation": 1,
      "objective": {
        "marginal_value": -0.0075397943883344296,
        "independence": 0.014595802898839853,
        "parsimony": -2.0,
        "structural_novelty": 0.9264860149378429
      }
    },
    {
      "factor_ids": [
        "gp_0060"
      ],
      "genome_id": "g2-gp_0060-af005a",
      "operator": "gp_crossover",
      "generation": 2,
      "objective": {
        "marginal_value": 0.008736782509569184,
        "independence": -0.004526783491327724,
        "parsimony": -1.0,
        "structural_novelty": 0.8016077285681806
      }
    },
    {
      "factor_ids": [
        "gp_0063"
      ],
      "genome_id": "g2-gp_0063-79a613",
      "operator": "gp_crossover",
      "generation": 2,
      "objective": {
        "marginal_value": 0.001870361910003962,
        "independence": 0.004165372019923101,
        "parsimony": -9.0,
        "structural_novelty": 0.9240360640032199
      }
    },
    {
      "factor_ids": [
        "gp_0215"
      ],
      "genome_id": "g13-gp_0215-87c3e8",
      "operator": "gp_crossover",
      "generation": 13,
      "objective": {
        "marginal_value": 0.0011285670870745529,
        "independence": 0.007537745344093104,
        "parsimony": -12.0,
        "structural_novelty": 0.9191262879374466
      }
    }
  ],
  "n_eval_failures": 0,
  "elapsed_sec": 832.4,
  "persisted_factor_ids": [
    "gp_0001_1",
    "gp_0003_1",
    "gp_0006_1",
    "gp_0007_1",
    "gp_0014",
    "gp_0023",
    "gp_0031",
    "gp_0034",
    "gp_0042",
    "gp_0045",
    "gp_0055",
    "gp_0060",
    "gp_0063",
    "gp_0215"
  ]
}
================================================================================
