[score_book_oos] sbc_dilution_acceleration_supply_drift failed ("panel lacks required field(s) ['sector', 'stockBasedCompensation', 'revenue', 'sharesOutstanding', 'sharesGrowth', 'netStockIssuance', 'marketCap', 'shareRepurchase']") — skipped
[score_book_oos] cashflow_quality_confirmed_surprise_drift failed ("panel lacks required field(s) ['epsSurprise', 'epsEstimate', 'incomeQuality']") — skipped
[score_book_oos] fresh_cashflow_confirmed_surprise_drift failed ("panel lacks required field(s) ['epsSurprise', 'revenueSurprise', 'incomeQuality', 'freeCashFlowYield', 'cashConversionCycle']") — skipped
[score_book_oos] cashbacked_asymmetric_surprise_drift_h6 failed ("panel lacks required field(s) ['epsSurprise', 'epsEstimate', 'incomeQuality']") — skipped
[score_book_oos] cash_realization_surprise_disagreement failed ("panel lacks required field(s) ['epsSurprise', 'revenueSurprise', 'epsEstimate', 'revenueEstimate', 'epsActual', 'revenueActual', 'cashConversionCycle', 'incomeQuality', 'receivablesGrowth', 'inventoryGrowth']") — skipped
[score_book_oos] cashcycle_ambiguity_operating_fade failed ("panel lacks required field(s) ['sector', 'daysSalesOutstanding', 'daysInventoryOutstanding', 'incomeQuality', 'revenueGrowth']") — skipped
[score_book_oos] episode_coherence_fresh_revision_gap failed ("panel lacks required field(s) ['epsEstimate', 'revenueEstimate', 'industry']") — skipped
[score_book_oos] fundamental_peer_surprise_transmission_gap failed ("panel lacks required field(s) ['revenueGrowth', 'grossMargin', 'operatingMargin', 'roic', 'debtToEquity', 'epsSurprise', 'revenueSurprise', 'epsEstimate', 'revenueEstimate']") — skipped
[score_book_oos] sector_shock_distributed_lag_unpaid_response failed ("panel lacks required field(s) ['sector']") — skipped
[score_book_oos] stabilized_convex_common_shock_overshoot failed ("panel lacks required field(s) ['industry']") — skipped
[score_book_oos] directed_laggraph_liquidity_unpaid_response failed ("panel lacks required field(s) ['marketCap', 'industry']") — skipped
[score_book_oos] shrunk_directed_lag_liquidity_gap failed ("panel lacks required field(s) ['marketCap', 'industry']") — skipped
[score_book_oos] sector_hawkes_compensator_late_follower failed ("panel lacks required field(s) ['sector', 'currentRatio']") — skipped
[score_book_oos] signed_graph_curvature_residual_diffusion failed ("panel lacks required field(s) ['sector']") — skipped
[score_book_oos] factor_premium_dispersion_regime_transfer failed ("panel lacks required field(s) ['sector', 'freeCashFlowYield', 'roe', 'roic', 'incomeQuality', 'assetGrowth', 'debtGrowth', 'sharesGrowth']") — skipped
[score_book_oos] intraday_supply_curve_overshoot_reversal failed ("panel lacks required field(s) ['sector']") — skipped
[score_book_oos] report_assimilation_release_continuation_h6 failed ("panel lacks required field(s) ['epsSurprise', 'epsEstimate', 'epsActual']") — skipped
[score_book_oos] sector_shrunk_mode_follower_relay failed ("panel lacks required field(s) ['sector']") — skipped
[score_book_oos] fresh_cashfunded_upgrade_wedge failed ("panel lacks required field(s) ['epsEstimate', 'freeCashFlow', 'netStockIssuance', 'marketCap']") — skipped
[score_book_oos] tail_survival_capacity_impedance_drift failed ("panel lacks required field(s) ['revenueGrowth', 'operatingCashFlowGrowth', 'revenueSurprise']") — skipped
[score_book_oos] event_freshness_accounting_confirmed_surprise failed ("panel lacks required field(s) ['epsSurprise', 'revenueSurprise', 'epsEstimate', 'revenueEstimate', 'grossMargin', 'operatingCashFlow', 'revenue', 'receivables', 'inventory', 'accountsPayable']") — skipped
[score_book_oos] partial_graph_peer_innovation_catchup failed ("panel lacks required field(s) ['sector']") — skipped
[score_book_oos] quality_regime_conditioned_issuer_distribution failed ("panel lacks required field(s) ['marketCap', 'netStockIssuance', 'sharesGrowth', 'industry', 'sector', 'roic', 'grossMargin', 'earningsYield']") — skipped
[score_book_oos] fresh_expectation_delivery_decay failed ("panel lacks required field(s) ['revenueGrowth', 'freeCashFlowYield', 'incomeQuality', 'sharesGrowth', 'psRatio']") — skipped
[score_book_oos] growth_expectation_convexity_break failed ("panel lacks required field(s) ['psRatio', 'sector', 'revenueGrowth', 'operatingMargin']") — skipped
[score_book_oos] growth_expectation_fresh_delivery_break failed ("panel lacks required field(s) ['psRatio', 'sector', 'revenueGrowth', 'operatingMargin']") — skipped
[score_book_oos] fundamental_momentum_extrapolation_fragility failed ("panel lacks required field(s) ['epsEstimate', 'revenueEstimate', 'operatingMargin', 'freeCashFlow', 'roic', 'psRatio', 'evToSales', 'sector']") — skipped
[score_book_oos] cashflow_deterioration_idio_downside_overshoot failed ("panel lacks required field(s) ['sector', 'operatingCashFlow', 'revenue', 'operatingMargin', 'interestCoverage']") — skipped
[score_book_oos] tail_survival_forcedflow_reversal_h6 failed ("panel lacks required field(s) ['revenueGrowth', 'operatingCashFlowGrowth', 'revenueSurprise']") — skipped
[score_book_oos] downside_excitation_fragility_acceleration_h6 failed ("panel lacks required field(s) ['roic', 'currentRatio', 'debtToEquity']") — skipped
[score_book_oos] downside_persistence_fragility_exhaustion failed ("panel lacks required field(s) ['debtToEquity', 'interestCoverage']") — skipped
[score_book_oos] resilient_downside_excitation_cooling_continuati failed ("panel lacks required field(s) ['cashRatio', 'debtToEquity']") — skipped
[score_book_oos] asymmetric_overnight_range_wedge_rebound failed ("panel lacks required field(s) ['sector']") — skipped
[score_book_oos] revision_financing_gated_idio_downside_polarity failed ("panel lacks required field(s) ['sector', 'epsEstimate', 'revenueEstimate', 'sharesGrowth', 'netStockIssuance', 'marketCap', 'freeCashFlowYield']") — skipped
[score_book_oos] scheduled_downside_cooling_information_drift failed ("panel lacks required field(s) ['sector']") — skipped
[score_book_oos] downside_tail_dependence_unpaid_bridge failed ("panel lacks required field(s) ['sector', 'debtToEquity', 'currentRatio']") — skipped
[score_book_oos] robust_tail_equity_supply_reversal failed ("panel lacks required field(s) ['netStockIssuance', 'sharesGrowth', 'marketCap']") — skipped
[score_book_oos] cashcycle_replenishment_rebound_completion failed ("panel lacks required field(s) ['receivables', 'inventory', 'accountsPayable', 'revenue', 'industry']") — skipped
[score_book_oos] idiosyncratic_tail_resilience_absorption_repair failed ("panel lacks required field(s) ['sector', 'operatingCashFlow', 'totalAssets', 'grossMargin', 'freeCashFlowYield', 'evToFreeCashFlow']") — skipped
[score_book_oos] report_clock_tail_network_derisking_gate failed ("panel lacks required field(s) ['sector', 'epsEstimate', 'revenueEstimate', 'epsActual', 'revenueActual', 'epsSurprise']") — skipped
[score_book_oos] anticipated_report_peer_tail_impact_gate failed ("panel lacks required field(s) ['sector', 'epsActual', 'revenueActual']") — skipped
[score_book_oos] volume_clock_signed_flow_schedule_h6 failed ("panel lacks required field(s) ['sector']") — skipped
[score_book_oos] surprise_novelty_absorption_drift failed ("panel lacks required field(s) ['epsSurprise', 'revenueSurprise', 'epsEstimate', 'revenueEstimate']") — skipped
[score_book_oos] industry_turnover_gated_idio_repair failed ("panel lacks required field(s) ['marketCap', 'industry', 'sector']") — skipped
[score_book_oos] latent_impact_absorption_persistence failed ("panel lacks required field(s) ['industry']") — skipped
[score_book_oos] fractional_propagator_flow_debt_reversal failed ("panel lacks required field(s) ['industry']") — skipped
[score_book_oos] sector_relative_opening_auction_rejection_h6 failed ("panel lacks required field(s) ['sector']") — skipped
[score_book_oos] decelerating_execution_debt_reversal failed ("panel lacks required field(s) ['industry']") — skipped
/Users/lucawurker/Desktop/Imperial/Master Thesis/QuantFundAgent/venv/lib/python3.13/site-packages/sklearn/utils/validation.py:2691: UserWarning: X does not have valid feature names, but LGBMRegressor was fitted with feature names
  warnings.warn(
[score_book_oos] sbc_dilution_acceleration_supply_drift failed ("panel lacks required field(s) ['sector', 'stockBasedCompensation', 'revenue', 'sharesOutstanding', 'sharesGrowth', 'netStockIssuance', 'marketCap', 'shareRepurchase']") — skipped
[score_book_oos] cashflow_quality_confirmed_surprise_drift failed ("panel lacks required field(s) ['epsSurprise', 'epsEstimate', 'incomeQuality']") — skipped
[score_book_oos] fresh_cashflow_confirmed_surprise_drift failed ("panel lacks required field(s) ['epsSurprise', 'revenueSurprise', 'incomeQuality', 'freeCashFlowYield', 'cashConversionCycle']") — skipped
[score_book_oos] cashbacked_asymmetric_surprise_drift_h6 failed ("panel lacks required field(s) ['epsSurprise', 'epsEstimate', 'incomeQuality']") — skipped
[score_book_oos] cash_realization_surprise_disagreement failed ("panel lacks required field(s) ['epsSurprise', 'revenueSurprise', 'epsEstimate', 'revenueEstimate', 'epsActual', 'revenueActual', 'cashConversionCycle', 'incomeQuality', 'receivablesGrowth', 'inventoryGrowth']") — skipped
[score_book_oos] cashcycle_ambiguity_operating_fade failed ("panel lacks required field(s) ['sector', 'daysSalesOutstanding', 'daysInventoryOutstanding', 'incomeQuality', 'revenueGrowth']") — skipped
[score_book_oos] episode_coherence_fresh_revision_gap failed ("panel lacks required field(s) ['epsEstimate', 'revenueEstimate', 'industry']") — skipped
[score_book_oos] fundamental_peer_surprise_transmission_gap failed ("panel lacks required field(s) ['revenueGrowth', 'grossMargin', 'operatingMargin', 'roic', 'debtToEquity', 'epsSurprise', 'revenueSurprise', 'epsEstimate', 'revenueEstimate']") — skipped
[score_book_oos] sector_shock_distributed_lag_unpaid_response failed ("panel lacks required field(s) ['sector']") — skipped
[score_book_oos] stabilized_convex_common_shock_overshoot failed ("panel lacks required field(s) ['industry']") — skipped
[score_book_oos] directed_laggraph_liquidity_unpaid_response failed ("panel lacks required field(s) ['marketCap', 'industry']") — skipped
[score_book_oos] shrunk_directed_lag_liquidity_gap failed ("panel lacks required field(s) ['marketCap', 'industry']") — skipped
[score_book_oos] sector_hawkes_compensator_late_follower failed ("panel lacks required field(s) ['sector', 'currentRatio']") — skipped
[score_book_oos] signed_graph_curvature_residual_diffusion failed ("panel lacks required field(s) ['sector']") — skipped
[score_book_oos] factor_premium_dispersion_regime_transfer failed ("panel lacks required field(s) ['sector', 'freeCashFlowYield', 'roe', 'roic', 'incomeQuality', 'assetGrowth', 'debtGrowth', 'sharesGrowth']") — skipped
[score_book_oos] intraday_supply_curve_overshoot_reversal failed ("panel lacks required field(s) ['sector']") — skipped
[score_book_oos] report_assimilation_release_continuation_h6 failed ("panel lacks required field(s) ['epsSurprise', 'epsEstimate', 'epsActual']") — skipped
[score_book_oos] sector_shrunk_mode_follower_relay failed ("panel lacks required field(s) ['sector']") — skipped
[score_book_oos] fresh_cashfunded_upgrade_wedge failed ("panel lacks required field(s) ['epsEstimate', 'freeCashFlow', 'netStockIssuance', 'marketCap']") — skipped
[score_book_oos] tail_survival_capacity_impedance_drift failed ("panel lacks required field(s) ['revenueGrowth', 'operatingCashFlowGrowth', 'revenueSurprise']") — skipped
[score_book_oos] event_freshness_accounting_confirmed_surprise failed ("panel lacks required field(s) ['epsSurprise', 'revenueSurprise', 'epsEstimate', 'revenueEstimate', 'grossMargin', 'operatingCashFlow', 'revenue', 'receivables', 'inventory', 'accountsPayable']") — skipped
[score_book_oos] partial_graph_peer_innovation_catchup failed ("panel lacks required field(s) ['sector']") — skipped
[score_book_oos] quality_regime_conditioned_issuer_distribution failed ("panel lacks required field(s) ['marketCap', 'netStockIssuance', 'sharesGrowth', 'industry', 'sector', 'roic', 'grossMargin', 'earningsYield']") — skipped
[score_book_oos] fresh_expectation_delivery_decay failed ("panel lacks required field(s) ['revenueGrowth', 'freeCashFlowYield', 'incomeQuality', 'sharesGrowth', 'psRatio']") — skipped
[score_book_oos] growth_expectation_convexity_break failed ("panel lacks required field(s) ['psRatio', 'sector', 'revenueGrowth', 'operatingMargin']") — skipped
[score_book_oos] growth_expectation_fresh_delivery_break failed ("panel lacks required field(s) ['psRatio', 'sector', 'revenueGrowth', 'operatingMargin']") — skipped
[score_book_oos] fundamental_momentum_extrapolation_fragility failed ("panel lacks required field(s) ['epsEstimate', 'revenueEstimate', 'operatingMargin', 'freeCashFlow', 'roic', 'psRatio', 'evToSales', 'sector']") — skipped
[score_book_oos] cashflow_deterioration_idio_downside_overshoot failed ("panel lacks required field(s) ['sector', 'operatingCashFlow', 'revenue', 'operatingMargin', 'interestCoverage']") — skipped
[score_book_oos] tail_survival_forcedflow_reversal_h6 failed ("panel lacks required field(s) ['revenueGrowth', 'operatingCashFlowGrowth', 'revenueSurprise']") — skipped
[score_book_oos] downside_excitation_fragility_acceleration_h6 failed ("panel lacks required field(s) ['roic', 'currentRatio', 'debtToEquity']") — skipped
[score_book_oos] downside_persistence_fragility_exhaustion failed ("panel lacks required field(s) ['debtToEquity', 'interestCoverage']") — skipped
[score_book_oos] resilient_downside_excitation_cooling_continuati failed ("panel lacks required field(s) ['cashRatio', 'debtToEquity']") — skipped
[score_book_oos] asymmetric_overnight_range_wedge_rebound failed ("panel lacks required field(s) ['sector']") — skipped
[score_book_oos] revision_financing_gated_idio_downside_polarity failed ("panel lacks required field(s) ['sector', 'epsEstimate', 'revenueEstimate', 'sharesGrowth', 'netStockIssuance', 'marketCap', 'freeCashFlowYield']") — skipped
[score_book_oos] scheduled_downside_cooling_information_drift failed ("panel lacks required field(s) ['sector']") — skipped
[score_book_oos] downside_tail_dependence_unpaid_bridge failed ("panel lacks required field(s) ['sector', 'debtToEquity', 'currentRatio']") — skipped
[score_book_oos] robust_tail_equity_supply_reversal failed ("panel lacks required field(s) ['netStockIssuance', 'sharesGrowth', 'marketCap']") — skipped
[score_book_oos] cashcycle_replenishment_rebound_completion failed ("panel lacks required field(s) ['receivables', 'inventory', 'accountsPayable', 'revenue', 'industry']") — skipped
[score_book_oos] idiosyncratic_tail_resilience_absorption_repair failed ("panel lacks required field(s) ['sector', 'operatingCashFlow', 'totalAssets', 'grossMargin', 'freeCashFlowYield', 'evToFreeCashFlow']") — skipped
[score_book_oos] report_clock_tail_network_derisking_gate failed ("panel lacks required field(s) ['sector', 'epsEstimate', 'revenueEstimate', 'epsActual', 'revenueActual', 'epsSurprise']") — skipped
[score_book_oos] anticipated_report_peer_tail_impact_gate failed ("panel lacks required field(s) ['sector', 'epsActual', 'revenueActual']") — skipped
[score_book_oos] volume_clock_signed_flow_schedule_h6 failed ("panel lacks required field(s) ['sector']") — skipped
[score_book_oos] surprise_novelty_absorption_drift failed ("panel lacks required field(s) ['epsSurprise', 'revenueSurprise', 'epsEstimate', 'revenueEstimate']") — skipped
[score_book_oos] industry_turnover_gated_idio_repair failed ("panel lacks required field(s) ['marketCap', 'industry', 'sector']") — skipped
[score_book_oos] latent_impact_absorption_persistence failed ("panel lacks required field(s) ['industry']") — skipped
[score_book_oos] fractional_propagator_flow_debt_reversal failed ("panel lacks required field(s) ['industry']") — skipped
[score_book_oos] sector_relative_opening_auction_rejection_h6 failed ("panel lacks required field(s) ['sector']") — skipped
[score_book_oos] decelerating_execution_debt_reversal failed ("panel lacks required field(s) ['industry']") — skipped
[score_book_oos] cashflow_quality_confirmed_surprise_drift failed ("panel lacks required field(s) ['epsSurprise', 'epsEstimate', 'incomeQuality']") — skipped
[score_book_oos] fresh_cashflow_confirmed_surprise_drift failed ("panel lacks required field(s) ['epsSurprise', 'revenueSurprise', 'incomeQuality', 'freeCashFlowYield', 'cashConversionCycle']") — skipped
[score_book_oos] cashbacked_asymmetric_surprise_drift_h6 failed ("panel lacks required field(s) ['epsSurprise', 'epsEstimate', 'incomeQuality']") — skipped
[score_book_oos] cash_realization_surprise_disagreement failed ("panel lacks required field(s) ['epsSurprise', 'revenueSurprise', 'epsEstimate', 'revenueEstimate', 'epsActual', 'revenueActual', 'cashConversionCycle', 'incomeQuality', 'receivablesGrowth', 'inventoryGrowth']") — skipped
[score_book_oos] cashcycle_ambiguity_operating_fade failed ("panel lacks required field(s) ['sector', 'daysSalesOutstanding', 'daysInventoryOutstanding', 'incomeQuality', 'revenueGrowth']") — skipped
[score_book_oos] episode_coherence_fresh_revision_gap failed ("panel lacks required field(s) ['epsEstimate', 'revenueEstimate', 'industry']") — skipped
[score_book_oos] fundamental_peer_surprise_transmission_gap failed ("panel lacks required field(s) ['revenueGrowth', 'grossMargin', 'operatingMargin', 'roic', 'debtToEquity', 'epsSurprise', 'revenueSurprise', 'epsEstimate', 'revenueEstimate']") — skipped
[score_book_oos] sector_shock_distributed_lag_unpaid_response failed ("panel lacks required field(s) ['sector']") — skipped
[score_book_oos] stabilized_convex_common_shock_overshoot failed ("panel lacks required field(s) ['industry']") — skipped
[score_book_oos] directed_laggraph_liquidity_unpaid_response failed ("panel lacks required field(s) ['marketCap', 'industry']") — skipped
[score_book_oos] shrunk_directed_lag_liquidity_gap failed ("panel lacks required field(s) ['marketCap', 'industry']") — skipped
[score_book_oos] sector_hawkes_compensator_late_follower failed ("panel lacks required field(s) ['sector', 'currentRatio']") — skipped
[score_book_oos] signed_graph_curvature_residual_diffusion failed ("panel lacks required field(s) ['sector']") — skipped
[score_book_oos] factor_premium_dispersion_regime_transfer failed ("panel lacks required field(s) ['sector', 'freeCashFlowYield', 'roe', 'roic', 'incomeQuality', 'assetGrowth', 'debtGrowth', 'sharesGrowth']") — skipped
[score_book_oos] intraday_supply_curve_overshoot_reversal failed ("panel lacks required field(s) ['sector']") — skipped
[score_book_oos] report_assimilation_release_continuation_h6 failed ("panel lacks required field(s) ['epsSurprise', 'epsEstimate', 'epsActual']") — skipped
[score_book_oos] sector_shrunk_mode_follower_relay failed ("panel lacks required field(s) ['sector']") — skipped
[score_book_oos] fresh_cashfunded_upgrade_wedge failed ("panel lacks required field(s) ['epsEstimate', 'freeCashFlow', 'netStockIssuance', 'marketCap']") — skipped
[score_book_oos] tail_survival_capacity_impedance_drift failed ("panel lacks required field(s) ['revenueGrowth', 'operatingCashFlowGrowth', 'revenueSurprise']") — skipped
[score_book_oos] event_freshness_accounting_confirmed_surprise failed ("panel lacks required field(s) ['epsSurprise', 'revenueSurprise', 'epsEstimate', 'revenueEstimate', 'grossMargin', 'operatingCashFlow', 'revenue', 'receivables', 'inventory', 'accountsPayable']") — skipped
[score_book_oos] partial_graph_peer_innovation_catchup failed ("panel lacks required field(s) ['sector']") — skipped
[score_book_oos] quality_regime_conditioned_issuer_distribution failed ("panel lacks required field(s) ['marketCap', 'netStockIssuance', 'sharesGrowth', 'industry', 'sector', 'roic', 'grossMargin', 'earningsYield']") — skipped
[score_book_oos] fresh_expectation_delivery_decay failed ("panel lacks required field(s) ['revenueGrowth', 'freeCashFlowYield', 'incomeQuality', 'sharesGrowth', 'psRatio']") — skipped
[score_book_oos] growth_expectation_convexity_break failed ("panel lacks required field(s) ['psRatio', 'sector', 'revenueGrowth', 'operatingMargin']") — skipped
[score_book_oos] growth_expectation_fresh_delivery_break failed ("panel lacks required field(s) ['psRatio', 'sector', 'revenueGrowth', 'operatingMargin']") — skipped
[score_book_oos] fundamental_momentum_extrapolation_fragility failed ("panel lacks required field(s) ['epsEstimate', 'revenueEstimate', 'operatingMargin', 'freeCashFlow', 'roic', 'psRatio', 'evToSales', 'sector']") — skipped
[score_book_oos] cashflow_deterioration_idio_downside_overshoot failed ("panel lacks required field(s) ['sector', 'operatingCashFlow', 'revenue', 'operatingMargin', 'interestCoverage']") — skipped
[score_book_oos] tail_survival_forcedflow_reversal_h6 failed ("panel lacks required field(s) ['revenueGrowth', 'operatingCashFlowGrowth', 'revenueSurprise']") — skipped
[score_book_oos] downside_excitation_fragility_acceleration_h6 failed ("panel lacks required field(s) ['roic', 'currentRatio', 'debtToEquity']") — skipped
[score_book_oos] downside_persistence_fragility_exhaustion failed ("panel lacks required field(s) ['debtToEquity', 'interestCoverage']") — skipped
[score_book_oos] resilient_downside_excitation_cooling_continuati failed ("panel lacks required field(s) ['cashRatio', 'debtToEquity']") — skipped
[score_book_oos] asymmetric_overnight_range_wedge_rebound failed ("panel lacks required field(s) ['sector']") — skipped
[score_book_oos] revision_financing_gated_idio_downside_polarity failed ("panel lacks required field(s) ['sector', 'epsEstimate', 'revenueEstimate', 'sharesGrowth', 'netStockIssuance', 'marketCap', 'freeCashFlowYield']") — skipped
[score_book_oos] scheduled_downside_cooling_information_drift failed ("panel lacks required field(s) ['sector']") — skipped
[score_book_oos] downside_tail_dependence_unpaid_bridge failed ("panel lacks required field(s) ['sector', 'debtToEquity', 'currentRatio']") — skipped
[score_book_oos] robust_tail_equity_supply_reversal failed ("panel lacks required field(s) ['netStockIssuance', 'sharesGrowth', 'marketCap']") — skipped
[score_book_oos] cashcycle_replenishment_rebound_completion failed ("panel lacks required field(s) ['receivables', 'inventory', 'accountsPayable', 'revenue', 'industry']") — skipped
[score_book_oos] idiosyncratic_tail_resilience_absorption_repair failed ("panel lacks required field(s) ['sector', 'operatingCashFlow', 'totalAssets', 'grossMargin', 'freeCashFlowYield', 'evToFreeCashFlow']") — skipped
[score_book_oos] report_clock_tail_network_derisking_gate failed ("panel lacks required field(s) ['sector', 'epsEstimate', 'revenueEstimate', 'epsActual', 'revenueActual', 'epsSurprise']") — skipped
[score_book_oos] anticipated_report_peer_tail_impact_gate failed ("panel lacks required field(s) ['sector', 'epsActual', 'revenueActual']") — skipped
[score_book_oos] volume_clock_signed_flow_schedule_h6 failed ("panel lacks required field(s) ['sector']") — skipped
[score_book_oos] surprise_novelty_absorption_drift failed ("panel lacks required field(s) ['epsSurprise', 'revenueSurprise', 'epsEstimate', 'revenueEstimate']") — skipped
[score_book_oos] industry_turnover_gated_idio_repair failed ("panel lacks required field(s) ['marketCap', 'industry', 'sector']") — skipped
[score_book_oos] latent_impact_absorption_persistence failed ("panel lacks required field(s) ['industry']") — skipped
[score_book_oos] fractional_propagator_flow_debt_reversal failed ("panel lacks required field(s) ['industry']") — skipped
[score_book_oos] sector_relative_opening_auction_rejection_h6 failed ("panel lacks required field(s) ['sector']") — skipped
[score_book_oos] decelerating_execution_debt_reversal failed ("panel lacks required field(s) ['industry']") — skipped
/Users/lucawurker/Desktop/Imperial/Master Thesis/QuantFundAgent/venv/lib/python3.13/site-packages/sklearn/utils/validation.py:2691: UserWarning: X does not have valid feature names, but LGBMRegressor was fitted with feature names
  warnings.warn(
  LOCO 1/62 sbc_dilution_acceleration_supply_drift
[score_book_oos] sbc_dilution_acceleration_supply_drift failed ("panel lacks required field(s) ['sector', 'stockBasedCompensation', 'revenue', 'sharesOutstanding', 'sharesGrowth', 'netStockIssuance', 'marketCap', 'shareRepurchase']") — skipped
[score_book_oos] fresh_cashflow_confirmed_surprise_drift failed ("panel lacks required field(s) ['epsSurprise', 'revenueSurprise', 'incomeQuality', 'freeCashFlowYield', 'cashConversionCycle']") — skipped
[score_book_oos] cashbacked_asymmetric_surprise_drift_h6 failed ("panel lacks required field(s) ['epsSurprise', 'epsEstimate', 'incomeQuality']") — skipped
[score_book_oos] cash_realization_surprise_disagreement failed ("panel lacks required field(s) ['epsSurprise', 'revenueSurprise', 'epsEstimate', 'revenueEstimate', 'epsActual', 'revenueActual', 'cashConversionCycle', 'incomeQuality', 'receivablesGrowth', 'inventoryGrowth']") — skipped
[score_book_oos] cashcycle_ambiguity_operating_fade failed ("panel lacks required field(s) ['sector', 'daysSalesOutstanding', 'daysInventoryOutstanding', 'incomeQuality', 'revenueGrowth']") — skipped
[score_book_oos] episode_coherence_fresh_revision_gap failed ("panel lacks required field(s) ['epsEstimate', 'revenueEstimate', 'industry']") — skipped
[score_book_oos] fundamental_peer_surprise_transmission_gap failed ("panel lacks required field(s) ['revenueGrowth', 'grossMargin', 'operatingMargin', 'roic', 'debtToEquity', 'epsSurprise', 'revenueSurprise', 'epsEstimate', 'revenueEstimate']") — skipped
[score_book_oos] sector_shock_distributed_lag_unpaid_response failed ("panel lacks required field(s) ['sector']") — skipped
[score_book_oos] stabilized_convex_common_shock_overshoot failed ("panel lacks required field(s) ['industry']") — skipped
[score_book_oos] directed_laggraph_liquidity_unpaid_response failed ("panel lacks required field(s) ['marketCap', 'industry']") — skipped
[score_book_oos] shrunk_directed_lag_liquidity_gap failed ("panel lacks required field(s) ['marketCap', 'industry']") — skipped
[score_book_oos] sector_hawkes_compensator_late_follower failed ("panel lacks required field(s) ['sector', 'currentRatio']") — skipped
[score_book_oos] signed_graph_curvature_residual_diffusion failed ("panel lacks required field(s) ['sector']") — skipped
[score_book_oos] factor_premium_dispersion_regime_transfer failed ("panel lacks required field(s) ['sector', 'freeCashFlowYield', 'roe', 'roic', 'incomeQuality', 'assetGrowth', 'debtGrowth', 'sharesGrowth']") — skipped
[score_book_oos] intraday_supply_curve_overshoot_reversal failed ("panel lacks required field(s) ['sector']") — skipped
[score_book_oos] report_assimilation_release_continuation_h6 failed ("panel lacks required field(s) ['epsSurprise', 'epsEstimate', 'epsActual']") — skipped
[score_book_oos] sector_shrunk_mode_follower_relay failed ("panel lacks required field(s) ['sector']") — skipped
[score_book_oos] fresh_cashfunded_upgrade_wedge failed ("panel lacks required field(s) ['epsEstimate', 'freeCashFlow', 'netStockIssuance', 'marketCap']") — skipped
[score_book_oos] tail_survival_capacity_impedance_drift failed ("panel lacks required field(s) ['revenueGrowth', 'operatingCashFlowGrowth', 'revenueSurprise']") — skipped
[score_book_oos] event_freshness_accounting_confirmed_surprise failed ("panel lacks required field(s) ['epsSurprise', 'revenueSurprise', 'epsEstimate', 'revenueEstimate', 'grossMargin', 'operatingCashFlow', 'revenue', 'receivables', 'inventory', 'accountsPayable']") — skipped
[score_book_oos] partial_graph_peer_innovation_catchup failed ("panel lacks required field(s) ['sector']") — skipped
[score_book_oos] quality_regime_conditioned_issuer_distribution failed ("panel lacks required field(s) ['marketCap', 'netStockIssuance', 'sharesGrowth', 'industry', 'sector', 'roic', 'grossMargin', 'earningsYield']") — skipped
[score_book_oos] fresh_expectation_delivery_decay failed ("panel lacks required field(s) ['revenueGrowth', 'freeCashFlowYield', 'incomeQuality', 'sharesGrowth', 'psRatio']") — skipped
[score_book_oos] growth_expectation_convexity_break failed ("panel lacks required field(s) ['psRatio', 'sector', 'revenueGrowth', 'operatingMargin']") — skipped
[score_book_oos] growth_expectation_fresh_delivery_break failed ("panel lacks required field(s) ['psRatio', 'sector', 'revenueGrowth', 'operatingMargin']") — skipped
[score_book_oos] fundamental_momentum_extrapolation_fragility failed ("panel lacks required field(s) ['epsEstimate', 'revenueEstimate', 'operatingMargin', 'freeCashFlow', 'roic', 'psRatio', 'evToSales', 'sector']") — skipped
[score_book_oos] cashflow_deterioration_idio_downside_overshoot failed ("panel lacks required field(s) ['sector', 'operatingCashFlow', 'revenue', 'operatingMargin', 'interestCoverage']") — skipped
[score_book_oos] tail_survival_forcedflow_reversal_h6 failed ("panel lacks required field(s) ['revenueGrowth', 'operatingCashFlowGrowth', 'revenueSurprise']") — skipped
[score_book_oos] downside_excitation_fragility_acceleration_h6 failed ("panel lacks required field(s) ['roic', 'currentRatio', 'debtToEquity']") — skipped
[score_book_oos] downside_persistence_fragility_exhaustion failed ("panel lacks required field(s) ['debtToEquity', 'interestCoverage']") — skipped
[score_book_oos] resilient_downside_excitation_cooling_continuati failed ("panel lacks required field(s) ['cashRatio', 'debtToEquity']") — skipped
[score_book_oos] asymmetric_overnight_range_wedge_rebound failed ("panel lacks required field(s) ['sector']") — skipped
[score_book_oos] revision_financing_gated_idio_downside_polarity failed ("panel lacks required field(s) ['sector', 'epsEstimate', 'revenueEstimate', 'sharesGrowth', 'netStockIssuance', 'marketCap', 'freeCashFlowYield']") — skipped
[score_book_oos] scheduled_downside_cooling_information_drift failed ("panel lacks required field(s) ['sector']") — skipped
[score_book_oos] downside_tail_dependence_unpaid_bridge failed ("panel lacks required field(s) ['sector', 'debtToEquity', 'currentRatio']") — skipped
[score_book_oos] robust_tail_equity_supply_reversal failed ("panel lacks required field(s) ['netStockIssuance', 'sharesGrowth', 'marketCap']") — skipped
[score_book_oos] cashcycle_replenishment_rebound_completion failed ("panel lacks required field(s) ['receivables', 'inventory', 'accountsPayable', 'revenue', 'industry']") — skipped
[score_book_oos] idiosyncratic_tail_resilience_absorption_repair failed ("panel lacks required field(s) ['sector', 'operatingCashFlow', 'totalAssets', 'grossMargin', 'freeCashFlowYield', 'evToFreeCashFlow']") — skipped
[score_book_oos] report_clock_tail_network_derisking_gate failed ("panel lacks required field(s) ['sector', 'epsEstimate', 'revenueEstimate', 'epsActual', 'revenueActual', 'epsSurprise']") — skipped
[score_book_oos] anticipated_report_peer_tail_impact_gate failed ("panel lacks required field(s) ['sector', 'epsActual', 'revenueActual']") — skipped
[score_book_oos] volume_clock_signed_flow_schedule_h6 failed ("panel lacks required field(s) ['sector']") — skipped
[score_book_oos] surprise_novelty_absorption_drift failed ("panel lacks required field(s) ['epsSurprise', 'revenueSurprise', 'epsEstimate', 'revenueEstimate']") — skipped
[score_book_oos] industry_turnover_gated_idio_repair failed ("panel lacks required field(s) ['marketCap', 'industry', 'sector']") — skipped
[score_book_oos] latent_impact_absorption_persistence failed ("panel lacks required field(s) ['industry']") — skipped
[score_book_oos] fractional_propagator_flow_debt_reversal failed ("panel lacks required field(s) ['industry']") — skipped
[score_book_oos] sector_relative_opening_auction_rejection_h6 failed ("panel lacks required field(s) ['sector']") — skipped
[score_book_oos] decelerating_execution_debt_reversal failed ("panel lacks required field(s) ['industry']") — skipped
/Users/lucawurker/Desktop/Imperial/Master Thesis/QuantFundAgent/venv/lib/python3.13/site-packages/sklearn/utils/validation.py:2691: UserWarning: X does not have valid feature names, but LGBMRegressor was fitted with feature names
  warnings.warn(
  LOCO 2/62 cashflow_quality_confirmed_surprise_drift
[score_book_oos] sbc_dilution_acceleration_supply_drift failed ("panel lacks required field(s) ['sector', 'stockBasedCompensation', 'revenue', 'sharesOutstanding', 'sharesGrowth', 'netStockIssuance', 'marketCap', 'shareRepurchase']") — skipped
[score_book_oos] cashflow_quality_confirmed_surprise_drift failed ("panel lacks required field(s) ['epsSurprise', 'epsEstimate', 'incomeQuality']") — skipped
[score_book_oos] cashbacked_asymmetric_surprise_drift_h6 failed ("panel lacks required field(s) ['epsSurprise', 'epsEstimate', 'incomeQuality']") — skipped
[score_book_oos] cash_realization_surprise_disagreement failed ("panel lacks required field(s) ['epsSurprise', 'revenueSurprise', 'epsEstimate', 'revenueEstimate', 'epsActual', 'revenueActual', 'cashConversionCycle', 'incomeQuality', 'receivablesGrowth', 'inventoryGrowth']") — skipped
[score_book_oos] cashcycle_ambiguity_operating_fade failed ("panel lacks required field(s) ['sector', 'daysSalesOutstanding', 'daysInventoryOutstanding', 'incomeQuality', 'revenueGrowth']") — skipped
[score_book_oos] episode_coherence_fresh_revision_gap failed ("panel lacks required field(s) ['epsEstimate', 'revenueEstimate', 'industry']") — skipped
[score_book_oos] fundamental_peer_surprise_transmission_gap failed ("panel lacks required field(s) ['revenueGrowth', 'grossMargin', 'operatingMargin', 'roic', 'debtToEquity', 'epsSurprise', 'revenueSurprise', 'epsEstimate', 'revenueEstimate']") — skipped
[score_book_oos] sector_shock_distributed_lag_unpaid_response failed ("panel lacks required field(s) ['sector']") — skipped
[score_book_oos] stabilized_convex_common_shock_overshoot failed ("panel lacks required field(s) ['industry']") — skipped
[score_book_oos] directed_laggraph_liquidity_unpaid_response failed ("panel lacks required field(s) ['marketCap', 'industry']") — skipped
[score_book_oos] shrunk_directed_lag_liquidity_gap failed ("panel lacks required field(s) ['marketCap', 'industry']") — skipped
[score_book_oos] sector_hawkes_compensator_late_follower failed ("panel lacks required field(s) ['sector', 'currentRatio']") — skipped
[score_book_oos] signed_graph_curvature_residual_diffusion failed ("panel lacks required field(s) ['sector']") — skipped
[score_book_oos] factor_premium_dispersion_regime_transfer failed ("panel lacks required field(s) ['sector', 'freeCashFlowYield', 'roe', 'roic', 'incomeQuality', 'assetGrowth', 'debtGrowth', 'sharesGrowth']") — skipped
[score_book_oos] intraday_supply_curve_overshoot_reversal failed ("panel lacks required field(s) ['sector']") — skipped
[score_book_oos] report_assimilation_release_continuation_h6 failed ("panel lacks required field(s) ['epsSurprise', 'epsEstimate', 'epsActual']") — skipped
[score_book_oos] sector_shrunk_mode_follower_relay failed ("panel lacks required field(s) ['sector']") — skipped
[score_book_oos] fresh_cashfunded_upgrade_wedge failed ("panel lacks required field(s) ['epsEstimate', 'freeCashFlow', 'netStockIssuance', 'marketCap']") — skipped
[score_book_oos] tail_survival_capacity_impedance_drift failed ("panel lacks required field(s) ['revenueGrowth', 'operatingCashFlowGrowth', 'revenueSurprise']") — skipped
[score_book_oos] event_freshness_accounting_confirmed_surprise failed ("panel lacks required field(s) ['epsSurprise', 'revenueSurprise', 'epsEstimate', 'revenueEstimate', 'grossMargin', 'operatingCashFlow', 'revenue', 'receivables', 'inventory', 'accountsPayable']") — skipped
[score_book_oos] partial_graph_peer_innovation_catchup failed ("panel lacks required field(s) ['sector']") — skipped
[score_book_oos] quality_regime_conditioned_issuer_distribution failed ("panel lacks required field(s) ['marketCap', 'netStockIssuance', 'sharesGrowth', 'industry', 'sector', 'roic', 'grossMargin', 'earningsYield']") — skipped
[score_book_oos] fresh_expectation_delivery_decay failed ("panel lacks required field(s) ['revenueGrowth', 'freeCashFlowYield', 'incomeQuality', 'sharesGrowth', 'psRatio']") — skipped
[score_book_oos] growth_expectation_convexity_break failed ("panel lacks required field(s) ['psRatio', 'sector', 'revenueGrowth', 'operatingMargin']") — skipped
[score_book_oos] growth_expectation_fresh_delivery_break failed ("panel lacks required field(s) ['psRatio', 'sector', 'revenueGrowth', 'operatingMargin']") — skipped
[score_book_oos] fundamental_momentum_extrapolation_fragility failed ("panel lacks required field(s) ['epsEstimate', 'revenueEstimate', 'operatingMargin', 'freeCashFlow', 'roic', 'psRatio', 'evToSales', 'sector']") — skipped
[score_book_oos] cashflow_deterioration_idio_downside_overshoot failed ("panel lacks required field(s) ['sector', 'operatingCashFlow', 'revenue', 'operatingMargin', 'interestCoverage']") — skipped
[score_book_oos] tail_survival_forcedflow_reversal_h6 failed ("panel lacks required field(s) ['revenueGrowth', 'operatingCashFlowGrowth', 'revenueSurprise']") — skipped
[score_book_oos] downside_excitation_fragility_acceleration_h6 failed ("panel lacks required field(s) ['roic', 'currentRatio', 'debtToEquity']") — skipped
[score_book_oos] downside_persistence_fragility_exhaustion failed ("panel lacks required field(s) ['debtToEquity', 'interestCoverage']") — skipped
[score_book_oos] resilient_downside_excitation_cooling_continuati failed ("panel lacks required field(s) ['cashRatio', 'debtToEquity']") — skipped
[score_book_oos] asymmetric_overnight_range_wedge_rebound failed ("panel lacks required field(s) ['sector']") — skipped
[score_book_oos] revision_financing_gated_idio_downside_polarity failed ("panel lacks required field(s) ['sector', 'epsEstimate', 'revenueEstimate', 'sharesGrowth', 'netStockIssuance', 'marketCap', 'freeCashFlowYield']") — skipped
[score_book_oos] scheduled_downside_cooling_information_drift failed ("panel lacks required field(s) ['sector']") — skipped
[score_book_oos] downside_tail_dependence_unpaid_bridge failed ("panel lacks required field(s) ['sector', 'debtToEquity', 'currentRatio']") — skipped
[score_book_oos] robust_tail_equity_supply_reversal failed ("panel lacks required field(s) ['netStockIssuance', 'sharesGrowth', 'marketCap']") — skipped
[score_book_oos] cashcycle_replenishment_rebound_completion failed ("panel lacks required field(s) ['receivables', 'inventory', 'accountsPayable', 'revenue', 'industry']") — skipped
[score_book_oos] idiosyncratic_tail_resilience_absorption_repair failed ("panel lacks required field(s) ['sector', 'operatingCashFlow', 'totalAssets', 'grossMargin', 'freeCashFlowYield', 'evToFreeCashFlow']") — skipped
[score_book_oos] report_clock_tail_network_derisking_gate failed ("panel lacks required field(s) ['sector', 'epsEstimate', 'revenueEstimate', 'epsActual', 'revenueActual', 'epsSurprise']") — skipped
[score_book_oos] anticipated_report_peer_tail_impact_gate failed ("panel lacks required field(s) ['sector', 'epsActual', 'revenueActual']") — skipped
[score_book_oos] volume_clock_signed_flow_schedule_h6 failed ("panel lacks required field(s) ['sector']") — skipped
[score_book_oos] surprise_novelty_absorption_drift failed ("panel lacks required field(s) ['epsSurprise', 'revenueSurprise', 'epsEstimate', 'revenueEstimate']") — skipped
[score_book_oos] industry_turnover_gated_idio_repair failed ("panel lacks required field(s) ['marketCap', 'industry', 'sector']") — skipped
[score_book_oos] latent_impact_absorption_persistence failed ("panel lacks required field(s) ['industry']") — skipped
[score_book_oos] fractional_propagator_flow_debt_reversal failed ("panel lacks required field(s) ['industry']") — skipped
[score_book_oos] sector_relative_opening_auction_rejection_h6 failed ("panel lacks required field(s) ['sector']") — skipped
[score_book_oos] decelerating_execution_debt_reversal failed ("panel lacks required field(s) ['industry']") — skipped
/Users/lucawurker/Desktop/Imperial/Master Thesis/QuantFundAgent/venv/lib/python3.13/site-packages/sklearn/utils/validation.py:2691: UserWarning: X does not have valid feature names, but LGBMRegressor was fitted with feature names
  warnings.warn(
  LOCO 3/62 fresh_cashflow_confirmed_surprise_drift
[score_book_oos] sbc_dilution_acceleration_supply_drift failed ("panel lacks required field(s) ['sector', 'stockBasedCompensation', 'revenue', 'sharesOutstanding', 'sharesGrowth', 'netStockIssuance', 'marketCap', 'shareRepurchase']") — skipped
[score_book_oos] cashflow_quality_confirmed_surprise_drift failed ("panel lacks required field(s) ['epsSurprise', 'epsEstimate', 'incomeQuality']") — skipped
[score_book_oos] fresh_cashflow_confirmed_surprise_drift failed ("panel lacks required field(s) ['epsSurprise', 'revenueSurprise', 'incomeQuality', 'freeCashFlowYield', 'cashConversionCycle']") — skipped
[score_book_oos] cash_realization_surprise_disagreement failed ("panel lacks required field(s) ['epsSurprise', 'revenueSurprise', 'epsEstimate', 'revenueEstimate', 'epsActual', 'revenueActual', 'cashConversionCycle', 'incomeQuality', 'receivablesGrowth', 'inventoryGrowth']") — skipped
[score_book_oos] cashcycle_ambiguity_operating_fade failed ("panel lacks required field(s) ['sector', 'daysSalesOutstanding', 'daysInventoryOutstanding', 'incomeQuality', 'revenueGrowth']") — skipped
[score_book_oos] episode_coherence_fresh_revision_gap failed ("panel lacks required field(s) ['epsEstimate', 'revenueEstimate', 'industry']") — skipped
[score_book_oos] fundamental_peer_surprise_transmission_gap failed ("panel lacks required field(s) ['revenueGrowth', 'grossMargin', 'operatingMargin', 'roic', 'debtToEquity', 'epsSurprise', 'revenueSurprise', 'epsEstimate', 'revenueEstimate']") — skipped
[score_book_oos] sector_shock_distributed_lag_unpaid_response failed ("panel lacks required field(s) ['sector']") — skipped
[score_book_oos] stabilized_convex_common_shock_overshoot failed ("panel lacks required field(s) ['industry']") — skipped
[score_book_oos] directed_laggraph_liquidity_unpaid_response failed ("panel lacks required field(s) ['marketCap', 'industry']") — skipped
[score_book_oos] shrunk_directed_lag_liquidity_gap failed ("panel lacks required field(s) ['marketCap', 'industry']") — skipped
[score_book_oos] sector_hawkes_compensator_late_follower failed ("panel lacks required field(s) ['sector', 'currentRatio']") — skipped
[score_book_oos] signed_graph_curvature_residual_diffusion failed ("panel lacks required field(s) ['sector']") — skipped
[score_book_oos] factor_premium_dispersion_regime_transfer failed ("panel lacks required field(s) ['sector', 'freeCashFlowYield', 'roe', 'roic', 'incomeQuality', 'assetGrowth', 'debtGrowth', 'sharesGrowth']") — skipped
[score_book_oos] intraday_supply_curve_overshoot_reversal failed ("panel lacks required field(s) ['sector']") — skipped
[score_book_oos] report_assimilation_release_continuation_h6 failed ("panel lacks required field(s) ['epsSurprise', 'epsEstimate', 'epsActual']") — skipped
[score_book_oos] sector_shrunk_mode_follower_relay failed ("panel lacks required field(s) ['sector']") — skipped
[score_book_oos] fresh_cashfunded_upgrade_wedge failed ("panel lacks required field(s) ['epsEstimate', 'freeCashFlow', 'netStockIssuance', 'marketCap']") — skipped
[score_book_oos] tail_survival_capacity_impedance_drift failed ("panel lacks required field(s) ['revenueGrowth', 'operatingCashFlowGrowth', 'revenueSurprise']") — skipped
[score_book_oos] event_freshness_accounting_confirmed_surprise failed ("panel lacks required field(s) ['epsSurprise', 'revenueSurprise', 'epsEstimate', 'revenueEstimate', 'grossMargin', 'operatingCashFlow', 'revenue', 'receivables', 'inventory', 'accountsPayable']") — skipped
[score_book_oos] partial_graph_peer_innovation_catchup failed ("panel lacks required field(s) ['sector']") — skipped
[score_book_oos] quality_regime_conditioned_issuer_distribution failed ("panel lacks required field(s) ['marketCap', 'netStockIssuance', 'sharesGrowth', 'industry', 'sector', 'roic', 'grossMargin', 'earningsYield']") — skipped
[score_book_oos] fresh_expectation_delivery_decay failed ("panel lacks required field(s) ['revenueGrowth', 'freeCashFlowYield', 'incomeQuality', 'sharesGrowth', 'psRatio']") — skipped
[score_book_oos] growth_expectation_convexity_break failed ("panel lacks required field(s) ['psRatio', 'sector', 'revenueGrowth', 'operatingMargin']") — skipped
[score_book_oos] growth_expectation_fresh_delivery_break failed ("panel lacks required field(s) ['psRatio', 'sector', 'revenueGrowth', 'operatingMargin']") — skipped
[score_book_oos] fundamental_momentum_extrapolation_fragility failed ("panel lacks required field(s) ['epsEstimate', 'revenueEstimate', 'operatingMargin', 'freeCashFlow', 'roic', 'psRatio', 'evToSales', 'sector']") — skipped
[score_book_oos] cashflow_deterioration_idio_downside_overshoot failed ("panel lacks required field(s) ['sector', 'operatingCashFlow', 'revenue', 'operatingMargin', 'interestCoverage']") — skipped
[score_book_oos] tail_survival_forcedflow_reversal_h6 failed ("panel lacks required field(s) ['revenueGrowth', 'operatingCashFlowGrowth', 'revenueSurprise']") — skipped
[score_book_oos] downside_excitation_fragility_acceleration_h6 failed ("panel lacks required field(s) ['roic', 'currentRatio', 'debtToEquity']") — skipped
[score_book_oos] downside_persistence_fragility_exhaustion failed ("panel lacks required field(s) ['debtToEquity', 'interestCoverage']") — skipped
[score_book_oos] resilient_downside_excitation_cooling_continuati failed ("panel lacks required field(s) ['cashRatio', 'debtToEquity']") — skipped
[score_book_oos] asymmetric_overnight_range_wedge_rebound failed ("panel lacks required field(s) ['sector']") — skipped
[score_book_oos] revision_financing_gated_idio_downside_polarity failed ("panel lacks required field(s) ['sector', 'epsEstimate', 'revenueEstimate', 'sharesGrowth', 'netStockIssuance', 'marketCap', 'freeCashFlowYield']") — skipped
[score_book_oos] scheduled_downside_cooling_information_drift failed ("panel lacks required field(s) ['sector']") — skipped
[score_book_oos] downside_tail_dependence_unpaid_bridge failed ("panel lacks required field(s) ['sector', 'debtToEquity', 'currentRatio']") — skipped
[score_book_oos] robust_tail_equity_supply_reversal failed ("panel lacks required field(s) ['netStockIssuance', 'sharesGrowth', 'marketCap']") — skipped
[score_book_oos] cashcycle_replenishment_rebound_completion failed ("panel lacks required field(s) ['receivables', 'inventory', 'accountsPayable', 'revenue', 'industry']") — skipped
[score_book_oos] idiosyncratic_tail_resilience_absorption_repair failed ("panel lacks required field(s) ['sector', 'operatingCashFlow', 'totalAssets', 'grossMargin', 'freeCashFlowYield', 'evToFreeCashFlow']") — skipped
[score_book_oos] report_clock_tail_network_derisking_gate failed ("panel lacks required field(s) ['sector', 'epsEstimate', 'revenueEstimate', 'epsActual', 'revenueActual', 'epsSurprise']") — skipped
[score_book_oos] anticipated_report_peer_tail_impact_gate failed ("panel lacks required field(s) ['sector', 'epsActual', 'revenueActual']") — skipped
[score_book_oos] volume_clock_signed_flow_schedule_h6 failed ("panel lacks required field(s) ['sector']") — skipped
[score_book_oos] surprise_novelty_absorption_drift failed ("panel lacks required field(s) ['epsSurprise', 'revenueSurprise', 'epsEstimate', 'revenueEstimate']") — skipped
[score_book_oos] industry_turnover_gated_idio_repair failed ("panel lacks required field(s) ['marketCap', 'industry', 'sector']") — skipped
[score_book_oos] latent_impact_absorption_persistence failed ("panel lacks required field(s) ['industry']") — skipped
[score_book_oos] fractional_propagator_flow_debt_reversal failed ("panel lacks required field(s) ['industry']") — skipped
[score_book_oos] sector_relative_opening_auction_rejection_h6 failed ("panel lacks required field(s) ['sector']") — skipped
[score_book_oos] decelerating_execution_debt_reversal failed ("panel lacks required field(s) ['industry']") — skipped
/Users/lucawurker/Desktop/Imperial/Master Thesis/QuantFundAgent/venv/lib/python3.13/site-packages/sklearn/utils/validation.py:2691: UserWarning: X does not have valid feature names, but LGBMRegressor was fitted with feature names
  warnings.warn(
  LOCO 4/62 cashbacked_asymmetric_surprise_drift_h6
[score_book_oos] sbc_dilution_acceleration_supply_drift failed ("panel lacks required field(s) ['sector', 'stockBasedCompensation', 'revenue', 'sharesOutstanding', 'sharesGrowth', 'netStockIssuance', 'marketCap', 'shareRepurchase']") — skipped
[score_book_oos] cashflow_quality_confirmed_surprise_drift failed ("panel lacks required field(s) ['epsSurprise', 'epsEstimate', 'incomeQuality']") — skipped
[score_book_oos] fresh_cashflow_confirmed_surprise_drift failed ("panel lacks required field(s) ['epsSurprise', 'revenueSurprise', 'incomeQuality', 'freeCashFlowYield', 'cashConversionCycle']") — skipped
[score_book_oos] cashbacked_asymmetric_surprise_drift_h6 failed ("panel lacks required field(s) ['epsSurprise', 'epsEstimate', 'incomeQuality']") — skipped
[score_book_oos] cashcycle_ambiguity_operating_fade failed ("panel lacks required field(s) ['sector', 'daysSalesOutstanding', 'daysInventoryOutstanding', 'incomeQuality', 'revenueGrowth']") — skipped
[score_book_oos] episode_coherence_fresh_revision_gap failed ("panel lacks required field(s) ['epsEstimate', 'revenueEstimate', 'industry']") — skipped
[score_book_oos] fundamental_peer_surprise_transmission_gap failed ("panel lacks required field(s) ['revenueGrowth', 'grossMargin', 'operatingMargin', 'roic', 'debtToEquity', 'epsSurprise', 'revenueSurprise', 'epsEstimate', 'revenueEstimate']") — skipped
[score_book_oos] sector_shock_distributed_lag_unpaid_response failed ("panel lacks required field(s) ['sector']") — skipped
[score_book_oos] stabilized_convex_common_shock_overshoot failed ("panel lacks required field(s) ['industry']") — skipped
[score_book_oos] directed_laggraph_liquidity_unpaid_response failed ("panel lacks required field(s) ['marketCap', 'industry']") — skipped
[score_book_oos] shrunk_directed_lag_liquidity_gap failed ("panel lacks required field(s) ['marketCap', 'industry']") — skipped
[score_book_oos] sector_hawkes_compensator_late_follower failed ("panel lacks required field(s) ['sector', 'currentRatio']") — skipped
[score_book_oos] signed_graph_curvature_residual_diffusion failed ("panel lacks required field(s) ['sector']") — skipped
[score_book_oos] factor_premium_dispersion_regime_transfer failed ("panel lacks required field(s) ['sector', 'freeCashFlowYield', 'roe', 'roic', 'incomeQuality', 'assetGrowth', 'debtGrowth', 'sharesGrowth']") — skipped
[score_book_oos] intraday_supply_curve_overshoot_reversal failed ("panel lacks required field(s) ['sector']") — skipped
[score_book_oos] report_assimilation_release_continuation_h6 failed ("panel lacks required field(s) ['epsSurprise', 'epsEstimate', 'epsActual']") — skipped
[score_book_oos] sector_shrunk_mode_follower_relay failed ("panel lacks required field(s) ['sector']") — skipped
[score_book_oos] fresh_cashfunded_upgrade_wedge failed ("panel lacks required field(s) ['epsEstimate', 'freeCashFlow', 'netStockIssuance', 'marketCap']") — skipped
[score_book_oos] tail_survival_capacity_impedance_drift failed ("panel lacks required field(s) ['revenueGrowth', 'operatingCashFlowGrowth', 'revenueSurprise']") — skipped
[score_book_oos] event_freshness_accounting_confirmed_surprise failed ("panel lacks required field(s) ['epsSurprise', 'revenueSurprise', 'epsEstimate', 'revenueEstimate', 'grossMargin', 'operatingCashFlow', 'revenue', 'receivables', 'inventory', 'accountsPayable']") — skipped
[score_book_oos] partial_graph_peer_innovation_catchup failed ("panel lacks required field(s) ['sector']") — skipped
[score_book_oos] quality_regime_conditioned_issuer_distribution failed ("panel lacks required field(s) ['marketCap', 'netStockIssuance', 'sharesGrowth', 'industry', 'sector', 'roic', 'grossMargin', 'earningsYield']") — skipped
[score_book_oos] fresh_expectation_delivery_decay failed ("panel lacks required field(s) ['revenueGrowth', 'freeCashFlowYield', 'incomeQuality', 'sharesGrowth', 'psRatio']") — skipped
[score_book_oos] growth_expectation_convexity_break failed ("panel lacks required field(s) ['psRatio', 'sector', 'revenueGrowth', 'operatingMargin']") — skipped
[score_book_oos] growth_expectation_fresh_delivery_break failed ("panel lacks required field(s) ['psRatio', 'sector', 'revenueGrowth', 'operatingMargin']") — skipped
[score_book_oos] fundamental_momentum_extrapolation_fragility failed ("panel lacks required field(s) ['epsEstimate', 'revenueEstimate', 'operatingMargin', 'freeCashFlow', 'roic', 'psRatio', 'evToSales', 'sector']") — skipped
[score_book_oos] cashflow_deterioration_idio_downside_overshoot failed ("panel lacks required field(s) ['sector', 'operatingCashFlow', 'revenue', 'operatingMargin', 'interestCoverage']") — skipped
[score_book_oos] tail_survival_forcedflow_reversal_h6 failed ("panel lacks required field(s) ['revenueGrowth', 'operatingCashFlowGrowth', 'revenueSurprise']") — skipped
[score_book_oos] downside_excitation_fragility_acceleration_h6 failed ("panel lacks required field(s) ['roic', 'currentRatio', 'debtToEquity']") — skipped
[score_book_oos] downside_persistence_fragility_exhaustion failed ("panel lacks required field(s) ['debtToEquity', 'interestCoverage']") — skipped
[score_book_oos] resilient_downside_excitation_cooling_continuati failed ("panel lacks required field(s) ['cashRatio', 'debtToEquity']") — skipped
[score_book_oos] asymmetric_overnight_range_wedge_rebound failed ("panel lacks required field(s) ['sector']") — skipped
[score_book_oos] revision_financing_gated_idio_downside_polarity failed ("panel lacks required field(s) ['sector', 'epsEstimate', 'revenueEstimate', 'sharesGrowth', 'netStockIssuance', 'marketCap', 'freeCashFlowYield']") — skipped
[score_book_oos] scheduled_downside_cooling_information_drift failed ("panel lacks required field(s) ['sector']") — skipped
[score_book_oos] downside_tail_dependence_unpaid_bridge failed ("panel lacks required field(s) ['sector', 'debtToEquity', 'currentRatio']") — skipped
[score_book_oos] robust_tail_equity_supply_reversal failed ("panel lacks required field(s) ['netStockIssuance', 'sharesGrowth', 'marketCap']") — skipped
[score_book_oos] cashcycle_replenishment_rebound_completion failed ("panel lacks required field(s) ['receivables', 'inventory', 'accountsPayable', 'revenue', 'industry']") — skipped
[score_book_oos] idiosyncratic_tail_resilience_absorption_repair failed ("panel lacks required field(s) ['sector', 'operatingCashFlow', 'totalAssets', 'grossMargin', 'freeCashFlowYield', 'evToFreeCashFlow']") — skipped
[score_book_oos] report_clock_tail_network_derisking_gate failed ("panel lacks required field(s) ['sector', 'epsEstimate', 'revenueEstimate', 'epsActual', 'revenueActual', 'epsSurprise']") — skipped
[score_book_oos] anticipated_report_peer_tail_impact_gate failed ("panel lacks required field(s) ['sector', 'epsActual', 'revenueActual']") — skipped
[score_book_oos] volume_clock_signed_flow_schedule_h6 failed ("panel lacks required field(s) ['sector']") — skipped
[score_book_oos] surprise_novelty_absorption_drift failed ("panel lacks required field(s) ['epsSurprise', 'revenueSurprise', 'epsEstimate', 'revenueEstimate']") — skipped
[score_book_oos] industry_turnover_gated_idio_repair failed ("panel lacks required field(s) ['marketCap', 'industry', 'sector']") — skipped
[score_book_oos] latent_impact_absorption_persistence failed ("panel lacks required field(s) ['industry']") — skipped
[score_book_oos] fractional_propagator_flow_debt_reversal failed ("panel lacks required field(s) ['industry']") — skipped
[score_book_oos] sector_relative_opening_auction_rejection_h6 failed ("panel lacks required field(s) ['sector']") — skipped
[score_book_oos] decelerating_execution_debt_reversal failed ("panel lacks required field(s) ['industry']") — skipped
/Users/lucawurker/Desktop/Imperial/Master Thesis/QuantFundAgent/venv/lib/python3.13/site-packages/sklearn/utils/validation.py:2691: UserWarning: X does not have valid feature names, but LGBMRegressor was fitted with feature names
  warnings.warn(
  LOCO 5/62 cash_realization_surprise_disagreement
[score_book_oos] sbc_dilution_acceleration_supply_drift failed ("panel lacks required field(s) ['sector', 'stockBasedCompensation', 'revenue', 'sharesOutstanding', 'sharesGrowth', 'netStockIssuance', 'marketCap', 'shareRepurchase']") — skipped
[score_book_oos] cashflow_quality_confirmed_surprise_drift failed ("panel lacks required field(s) ['epsSurprise', 'epsEstimate', 'incomeQuality']") — skipped
[score_book_oos] fresh_cashflow_confirmed_surprise_drift failed ("panel lacks required field(s) ['epsSurprise', 'revenueSurprise', 'incomeQuality', 'freeCashFlowYield', 'cashConversionCycle']") — skipped
[score_book_oos] cashbacked_asymmetric_surprise_drift_h6 failed ("panel lacks required field(s) ['epsSurprise', 'epsEstimate', 'incomeQuality']") — skipped
[score_book_oos] cash_realization_surprise_disagreement failed ("panel lacks required field(s) ['epsSurprise', 'revenueSurprise', 'epsEstimate', 'revenueEstimate', 'epsActual', 'revenueActual', 'cashConversionCycle', 'incomeQuality', 'receivablesGrowth', 'inventoryGrowth']") — skipped
[score_book_oos] episode_coherence_fresh_revision_gap failed ("panel lacks required field(s) ['epsEstimate', 'revenueEstimate', 'industry']") — skipped
[score_book_oos] fundamental_peer_surprise_transmission_gap failed ("panel lacks required field(s) ['revenueGrowth', 'grossMargin', 'operatingMargin', 'roic', 'debtToEquity', 'epsSurprise', 'revenueSurprise', 'epsEstimate', 'revenueEstimate']") — skipped
[score_book_oos] sector_shock_distributed_lag_unpaid_response failed ("panel lacks required field(s) ['sector']") — skipped
[score_book_oos] stabilized_convex_common_shock_overshoot failed ("panel lacks required field(s) ['industry']") — skipped
[score_book_oos] directed_laggraph_liquidity_unpaid_response failed ("panel lacks required field(s) ['marketCap', 'industry']") — skipped
[score_book_oos] shrunk_directed_lag_liquidity_gap failed ("panel lacks required field(s) ['marketCap', 'industry']") — skipped
[score_book_oos] sector_hawkes_compensator_late_follower failed ("panel lacks required field(s) ['sector', 'currentRatio']") — skipped
[score_book_oos] signed_graph_curvature_residual_diffusion failed ("panel lacks required field(s) ['sector']") — skipped
[score_book_oos] factor_premium_dispersion_regime_transfer failed ("panel lacks required field(s) ['sector', 'freeCashFlowYield', 'roe', 'roic', 'incomeQuality', 'assetGrowth', 'debtGrowth', 'sharesGrowth']") — skipped
[score_book_oos] intraday_supply_curve_overshoot_reversal failed ("panel lacks required field(s) ['sector']") — skipped
[score_book_oos] report_assimilation_release_continuation_h6 failed ("panel lacks required field(s) ['epsSurprise', 'epsEstimate', 'epsActual']") — skipped
[score_book_oos] sector_shrunk_mode_follower_relay failed ("panel lacks required field(s) ['sector']") — skipped
[score_book_oos] fresh_cashfunded_upgrade_wedge failed ("panel lacks required field(s) ['epsEstimate', 'freeCashFlow', 'netStockIssuance', 'marketCap']") — skipped
[score_book_oos] tail_survival_capacity_impedance_drift failed ("panel lacks required field(s) ['revenueGrowth', 'operatingCashFlowGrowth', 'revenueSurprise']") — skipped
[score_book_oos] event_freshness_accounting_confirmed_surprise failed ("panel lacks required field(s) ['epsSurprise', 'revenueSurprise', 'epsEstimate', 'revenueEstimate', 'grossMargin', 'operatingCashFlow', 'revenue', 'receivables', 'inventory', 'accountsPayable']") — skipped
[score_book_oos] partial_graph_peer_innovation_catchup failed ("panel lacks required field(s) ['sector']") — skipped
[score_book_oos] quality_regime_conditioned_issuer_distribution failed ("panel lacks required field(s) ['marketCap', 'netStockIssuance', 'sharesGrowth', 'industry', 'sector', 'roic', 'grossMargin', 'earningsYield']") — skipped
[score_book_oos] fresh_expectation_delivery_decay failed ("panel lacks required field(s) ['revenueGrowth', 'freeCashFlowYield', 'incomeQuality', 'sharesGrowth', 'psRatio']") — skipped
[score_book_oos] growth_expectation_convexity_break failed ("panel lacks required field(s) ['psRatio', 'sector', 'revenueGrowth', 'operatingMargin']") — skipped
[score_book_oos] growth_expectation_fresh_delivery_break failed ("panel lacks required field(s) ['psRatio', 'sector', 'revenueGrowth', 'operatingMargin']") — skipped
[score_book_oos] fundamental_momentum_extrapolation_fragility failed ("panel lacks required field(s) ['epsEstimate', 'revenueEstimate', 'operatingMargin', 'freeCashFlow', 'roic', 'psRatio', 'evToSales', 'sector']") — skipped
[score_book_oos] cashflow_deterioration_idio_downside_overshoot failed ("panel lacks required field(s) ['sector', 'operatingCashFlow', 'revenue', 'operatingMargin', 'interestCoverage']") — skipped
[score_book_oos] tail_survival_forcedflow_reversal_h6 failed ("panel lacks required field(s) ['revenueGrowth', 'operatingCashFlowGrowth', 'revenueSurprise']") — skipped
[score_book_oos] downside_excitation_fragility_acceleration_h6 failed ("panel lacks required field(s) ['roic', 'currentRatio', 'debtToEquity']") — skipped
[score_book_oos] downside_persistence_fragility_exhaustion failed ("panel lacks required field(s) ['debtToEquity', 'interestCoverage']") — skipped
[score_book_oos] resilient_downside_excitation_cooling_continuati failed ("panel lacks required field(s) ['cashRatio', 'debtToEquity']") — skipped
[score_book_oos] asymmetric_overnight_range_wedge_rebound failed ("panel lacks required field(s) ['sector']") — skipped
[score_book_oos] revision_financing_gated_idio_downside_polarity failed ("panel lacks required field(s) ['sector', 'epsEstimate', 'revenueEstimate', 'sharesGrowth', 'netStockIssuance', 'marketCap', 'freeCashFlowYield']") — skipped
[score_book_oos] scheduled_downside_cooling_information_drift failed ("panel lacks required field(s) ['sector']") — skipped
[score_book_oos] downside_tail_dependence_unpaid_bridge failed ("panel lacks required field(s) ['sector', 'debtToEquity', 'currentRatio']") — skipped
[score_book_oos] robust_tail_equity_supply_reversal failed ("panel lacks required field(s) ['netStockIssuance', 'sharesGrowth', 'marketCap']") — skipped
[score_book_oos] cashcycle_replenishment_rebound_completion failed ("panel lacks required field(s) ['receivables', 'inventory', 'accountsPayable', 'revenue', 'industry']") — skipped
[score_book_oos] idiosyncratic_tail_resilience_absorption_repair failed ("panel lacks required field(s) ['sector', 'operatingCashFlow', 'totalAssets', 'grossMargin', 'freeCashFlowYield', 'evToFreeCashFlow']") — skipped
[score_book_oos] report_clock_tail_network_derisking_gate failed ("panel lacks required field(s) ['sector', 'epsEstimate', 'revenueEstimate', 'epsActual', 'revenueActual', 'epsSurprise']") — skipped
[score_book_oos] anticipated_report_peer_tail_impact_gate failed ("panel lacks required field(s) ['sector', 'epsActual', 'revenueActual']") — skipped
[score_book_oos] volume_clock_signed_flow_schedule_h6 failed ("panel lacks required field(s) ['sector']") — skipped
[score_book_oos] surprise_novelty_absorption_drift failed ("panel lacks required field(s) ['epsSurprise', 'revenueSurprise', 'epsEstimate', 'revenueEstimate']") — skipped
[score_book_oos] industry_turnover_gated_idio_repair failed ("panel lacks required field(s) ['marketCap', 'industry', 'sector']") — skipped
[score_book_oos] latent_impact_absorption_persistence failed ("panel lacks required field(s) ['industry']") — skipped
[score_book_oos] fractional_propagator_flow_debt_reversal failed ("panel lacks required field(s) ['industry']") — skipped
[score_book_oos] sector_relative_opening_auction_rejection_h6 failed ("panel lacks required field(s) ['sector']") — skipped
[score_book_oos] decelerating_execution_debt_reversal failed ("panel lacks required field(s) ['industry']") — skipped
/Users/lucawurker/Desktop/Imperial/Master Thesis/QuantFundAgent/venv/lib/python3.13/site-packages/sklearn/utils/validation.py:2691: UserWarning: X does not have valid feature names, but LGBMRegressor was fitted with feature names
  warnings.warn(
  LOCO 6/62 cashcycle_ambiguity_operating_fade
[score_book_oos] sbc_dilution_acceleration_supply_drift failed ("panel lacks required field(s) ['sector', 'stockBasedCompensation', 'revenue', 'sharesOutstanding', 'sharesGrowth', 'netStockIssuance', 'marketCap', 'shareRepurchase']") — skipped
[score_book_oos] cashflow_quality_confirmed_surprise_drift failed ("panel lacks required field(s) ['epsSurprise', 'epsEstimate', 'incomeQuality']") — skipped
[score_book_oos] fresh_cashflow_confirmed_surprise_drift failed ("panel lacks required field(s) ['epsSurprise', 'revenueSurprise', 'incomeQuality', 'freeCashFlowYield', 'cashConversionCycle']") — skipped
[score_book_oos] cashbacked_asymmetric_surprise_drift_h6 failed ("panel lacks required field(s) ['epsSurprise', 'epsEstimate', 'incomeQuality']") — skipped
[score_book_oos] cash_realization_surprise_disagreement failed ("panel lacks required field(s) ['epsSurprise', 'revenueSurprise', 'epsEstimate', 'revenueEstimate', 'epsActual', 'revenueActual', 'cashConversionCycle', 'incomeQuality', 'receivablesGrowth', 'inventoryGrowth']") — skipped
[score_book_oos] cashcycle_ambiguity_operating_fade failed ("panel lacks required field(s) ['sector', 'daysSalesOutstanding', 'daysInventoryOutstanding', 'incomeQuality', 'revenueGrowth']") — skipped
[score_book_oos] fundamental_peer_surprise_transmission_gap failed ("panel lacks required field(s) ['revenueGrowth', 'grossMargin', 'operatingMargin', 'roic', 'debtToEquity', 'epsSurprise', 'revenueSurprise', 'epsEstimate', 'revenueEstimate']") — skipped
[score_book_oos] sector_shock_distributed_lag_unpaid_response failed ("panel lacks required field(s) ['sector']") — skipped
[score_book_oos] stabilized_convex_common_shock_overshoot failed ("panel lacks required field(s) ['industry']") — skipped
[score_book_oos] directed_laggraph_liquidity_unpaid_response failed ("panel lacks required field(s) ['marketCap', 'industry']") — skipped
[score_book_oos] shrunk_directed_lag_liquidity_gap failed ("panel lacks required field(s) ['marketCap', 'industry']") — skipped
[score_book_oos] sector_hawkes_compensator_late_follower failed ("panel lacks required field(s) ['sector', 'currentRatio']") — skipped
[score_book_oos] signed_graph_curvature_residual_diffusion failed ("panel lacks required field(s) ['sector']") — skipped
[score_book_oos] factor_premium_dispersion_regime_transfer failed ("panel lacks required field(s) ['sector', 'freeCashFlowYield', 'roe', 'roic', 'incomeQuality', 'assetGrowth', 'debtGrowth', 'sharesGrowth']") — skipped
[score_book_oos] intraday_supply_curve_overshoot_reversal failed ("panel lacks required field(s) ['sector']") — skipped
[score_book_oos] report_assimilation_release_continuation_h6 failed ("panel lacks required field(s) ['epsSurprise', 'epsEstimate', 'epsActual']") — skipped
[score_book_oos] sector_shrunk_mode_follower_relay failed ("panel lacks required field(s) ['sector']") — skipped
[score_book_oos] fresh_cashfunded_upgrade_wedge failed ("panel lacks required field(s) ['epsEstimate', 'freeCashFlow', 'netStockIssuance', 'marketCap']") — skipped
[score_book_oos] tail_survival_capacity_impedance_drift failed ("panel lacks required field(s) ['revenueGrowth', 'operatingCashFlowGrowth', 'revenueSurprise']") — skipped
[score_book_oos] event_freshness_accounting_confirmed_surprise failed ("panel lacks required field(s) ['epsSurprise', 'revenueSurprise', 'epsEstimate', 'revenueEstimate', 'grossMargin', 'operatingCashFlow', 'revenue', 'receivables', 'inventory', 'accountsPayable']") — skipped
[score_book_oos] partial_graph_peer_innovation_catchup failed ("panel lacks required field(s) ['sector']") — skipped
[score_book_oos] quality_regime_conditioned_issuer_distribution failed ("panel lacks required field(s) ['marketCap', 'netStockIssuance', 'sharesGrowth', 'industry', 'sector', 'roic', 'grossMargin', 'earningsYield']") — skipped
[score_book_oos] fresh_expectation_delivery_decay failed ("panel lacks required field(s) ['revenueGrowth', 'freeCashFlowYield', 'incomeQuality', 'sharesGrowth', 'psRatio']") — skipped
[score_book_oos] growth_expectation_convexity_break failed ("panel lacks required field(s) ['psRatio', 'sector', 'revenueGrowth', 'operatingMargin']") — skipped
[score_book_oos] growth_expectation_fresh_delivery_break failed ("panel lacks required field(s) ['psRatio', 'sector', 'revenueGrowth', 'operatingMargin']") — skipped
[score_book_oos] fundamental_momentum_extrapolation_fragility failed ("panel lacks required field(s) ['epsEstimate', 'revenueEstimate', 'operatingMargin', 'freeCashFlow', 'roic', 'psRatio', 'evToSales', 'sector']") — skipped
[score_book_oos] cashflow_deterioration_idio_downside_overshoot failed ("panel lacks required field(s) ['sector', 'operatingCashFlow', 'revenue', 'operatingMargin', 'interestCoverage']") — skipped
[score_book_oos] tail_survival_forcedflow_reversal_h6 failed ("panel lacks required field(s) ['revenueGrowth', 'operatingCashFlowGrowth', 'revenueSurprise']") — skipped
[score_book_oos] downside_excitation_fragility_acceleration_h6 failed ("panel lacks required field(s) ['roic', 'currentRatio', 'debtToEquity']") — skipped
[score_book_oos] downside_persistence_fragility_exhaustion failed ("panel lacks required field(s) ['debtToEquity', 'interestCoverage']") — skipped
[score_book_oos] resilient_downside_excitation_cooling_continuati failed ("panel lacks required field(s) ['cashRatio', 'debtToEquity']") — skipped
[score_book_oos] asymmetric_overnight_range_wedge_rebound failed ("panel lacks required field(s) ['sector']") — skipped
[score_book_oos] revision_financing_gated_idio_downside_polarity failed ("panel lacks required field(s) ['sector', 'epsEstimate', 'revenueEstimate', 'sharesGrowth', 'netStockIssuance', 'marketCap', 'freeCashFlowYield']") — skipped
[score_book_oos] scheduled_downside_cooling_information_drift failed ("panel lacks required field(s) ['sector']") — skipped
[score_book_oos] downside_tail_dependence_unpaid_bridge failed ("panel lacks required field(s) ['sector', 'debtToEquity', 'currentRatio']") — skipped
[score_book_oos] robust_tail_equity_supply_reversal failed ("panel lacks required field(s) ['netStockIssuance', 'sharesGrowth', 'marketCap']") — skipped
[score_book_oos] cashcycle_replenishment_rebound_completion failed ("panel lacks required field(s) ['receivables', 'inventory', 'accountsPayable', 'revenue', 'industry']") — skipped
[score_book_oos] idiosyncratic_tail_resilience_absorption_repair failed ("panel lacks required field(s) ['sector', 'operatingCashFlow', 'totalAssets', 'grossMargin', 'freeCashFlowYield', 'evToFreeCashFlow']") — skipped
[score_book_oos] report_clock_tail_network_derisking_gate failed ("panel lacks required field(s) ['sector', 'epsEstimate', 'revenueEstimate', 'epsActual', 'revenueActual', 'epsSurprise']") — skipped
[score_book_oos] anticipated_report_peer_tail_impact_gate failed ("panel lacks required field(s) ['sector', 'epsActual', 'revenueActual']") — skipped
[score_book_oos] volume_clock_signed_flow_schedule_h6 failed ("panel lacks required field(s) ['sector']") — skipped
[score_book_oos] surprise_novelty_absorption_drift failed ("panel lacks required field(s) ['epsSurprise', 'revenueSurprise', 'epsEstimate', 'revenueEstimate']") — skipped
[score_book_oos] industry_turnover_gated_idio_repair failed ("panel lacks required field(s) ['marketCap', 'industry', 'sector']") — skipped
[score_book_oos] latent_impact_absorption_persistence failed ("panel lacks required field(s) ['industry']") — skipped
[score_book_oos] fractional_propagator_flow_debt_reversal failed ("panel lacks required field(s) ['industry']") — skipped
[score_book_oos] sector_relative_opening_auction_rejection_h6 failed ("panel lacks required field(s) ['sector']") — skipped
[score_book_oos] decelerating_execution_debt_reversal failed ("panel lacks required field(s) ['industry']") — skipped
/Users/lucawurker/Desktop/Imperial/Master Thesis/QuantFundAgent/venv/lib/python3.13/site-packages/sklearn/utils/validation.py:2691: UserWarning: X does not have valid feature names, but LGBMRegressor was fitted with feature names
  warnings.warn(
  LOCO 7/62 episode_coherence_fresh_revision_gap
[score_book_oos] sbc_dilution_acceleration_supply_drift failed ("panel lacks required field(s) ['sector', 'stockBasedCompensation', 'revenue', 'sharesOutstanding', 'sharesGrowth', 'netStockIssuance', 'marketCap', 'shareRepurchase']") — skipped
[score_book_oos] cashflow_quality_confirmed_surprise_drift failed ("panel lacks required field(s) ['epsSurprise', 'epsEstimate', 'incomeQuality']") — skipped
[score_book_oos] fresh_cashflow_confirmed_surprise_drift failed ("panel lacks required field(s) ['epsSurprise', 'revenueSurprise', 'incomeQuality', 'freeCashFlowYield', 'cashConversionCycle']") — skipped
[score_book_oos] cashbacked_asymmetric_surprise_drift_h6 failed ("panel lacks required field(s) ['epsSurprise', 'epsEstimate', 'incomeQuality']") — skipped
[score_book_oos] cash_realization_surprise_disagreement failed ("panel lacks required field(s) ['epsSurprise', 'revenueSurprise', 'epsEstimate', 'revenueEstimate', 'epsActual', 'revenueActual', 'cashConversionCycle', 'incomeQuality', 'receivablesGrowth', 'inventoryGrowth']") — skipped
[score_book_oos] cashcycle_ambiguity_operating_fade failed ("panel lacks required field(s) ['sector', 'daysSalesOutstanding', 'daysInventoryOutstanding', 'incomeQuality', 'revenueGrowth']") — skipped
[score_book_oos] episode_coherence_fresh_revision_gap failed ("panel lacks required field(s) ['epsEstimate', 'revenueEstimate', 'industry']") — skipped
[score_book_oos] sector_shock_distributed_lag_unpaid_response failed ("panel lacks required field(s) ['sector']") — skipped
[score_book_oos] stabilized_convex_common_shock_overshoot failed ("panel lacks required field(s) ['industry']") — skipped
[score_book_oos] directed_laggraph_liquidity_unpaid_response failed ("panel lacks required field(s) ['marketCap', 'industry']") — skipped
[score_book_oos] shrunk_directed_lag_liquidity_gap failed ("panel lacks required field(s) ['marketCap', 'industry']") — skipped
[score_book_oos] sector_hawkes_compensator_late_follower failed ("panel lacks required field(s) ['sector', 'currentRatio']") — skipped
[score_book_oos] signed_graph_curvature_residual_diffusion failed ("panel lacks required field(s) ['sector']") — skipped
[score_book_oos] factor_premium_dispersion_regime_transfer failed ("panel lacks required field(s) ['sector', 'freeCashFlowYield', 'roe', 'roic', 'incomeQuality', 'assetGrowth', 'debtGrowth', 'sharesGrowth']") — skipped
[score_book_oos] intraday_supply_curve_overshoot_reversal failed ("panel lacks required field(s) ['sector']") — skipped
[score_book_oos] report_assimilation_release_continuation_h6 failed ("panel lacks required field(s) ['epsSurprise', 'epsEstimate', 'epsActual']") — skipped
[score_book_oos] sector_shrunk_mode_follower_relay failed ("panel lacks required field(s) ['sector']") — skipped
[score_book_oos] fresh_cashfunded_upgrade_wedge failed ("panel lacks required field(s) ['epsEstimate', 'freeCashFlow', 'netStockIssuance', 'marketCap']") — skipped
[score_book_oos] tail_survival_capacity_impedance_drift failed ("panel lacks required field(s) ['revenueGrowth', 'operatingCashFlowGrowth', 'revenueSurprise']") — skipped
[score_book_oos] event_freshness_accounting_confirmed_surprise failed ("panel lacks required field(s) ['epsSurprise', 'revenueSurprise', 'epsEstimate', 'revenueEstimate', 'grossMargin', 'operatingCashFlow', 'revenue', 'receivables', 'inventory', 'accountsPayable']") — skipped
[score_book_oos] partial_graph_peer_innovation_catchup failed ("panel lacks required field(s) ['sector']") — skipped
[score_book_oos] quality_regime_conditioned_issuer_distribution failed ("panel lacks required field(s) ['marketCap', 'netStockIssuance', 'sharesGrowth', 'industry', 'sector', 'roic', 'grossMargin', 'earningsYield']") — skipped
[score_book_oos] fresh_expectation_delivery_decay failed ("panel lacks required field(s) ['revenueGrowth', 'freeCashFlowYield', 'incomeQuality', 'sharesGrowth', 'psRatio']") — skipped
[score_book_oos] growth_expectation_convexity_break failed ("panel lacks required field(s) ['psRatio', 'sector', 'revenueGrowth', 'operatingMargin']") — skipped
[score_book_oos] growth_expectation_fresh_delivery_break failed ("panel lacks required field(s) ['psRatio', 'sector', 'revenueGrowth', 'operatingMargin']") — skipped
[score_book_oos] fundamental_momentum_extrapolation_fragility failed ("panel lacks required field(s) ['epsEstimate', 'revenueEstimate', 'operatingMargin', 'freeCashFlow', 'roic', 'psRatio', 'evToSales', 'sector']") — skipped
[score_book_oos] cashflow_deterioration_idio_downside_overshoot failed ("panel lacks required field(s) ['sector', 'operatingCashFlow', 'revenue', 'operatingMargin', 'interestCoverage']") — skipped
[score_book_oos] tail_survival_forcedflow_reversal_h6 failed ("panel lacks required field(s) ['revenueGrowth', 'operatingCashFlowGrowth', 'revenueSurprise']") — skipped
[score_book_oos] downside_excitation_fragility_acceleration_h6 failed ("panel lacks required field(s) ['roic', 'currentRatio', 'debtToEquity']") — skipped
[score_book_oos] downside_persistence_fragility_exhaustion failed ("panel lacks required field(s) ['debtToEquity', 'interestCoverage']") — skipped
[score_book_oos] resilient_downside_excitation_cooling_continuati failed ("panel lacks required field(s) ['cashRatio', 'debtToEquity']") — skipped
[score_book_oos] asymmetric_overnight_range_wedge_rebound failed ("panel lacks required field(s) ['sector']") — skipped
[score_book_oos] revision_financing_gated_idio_downside_polarity failed ("panel lacks required field(s) ['sector', 'epsEstimate', 'revenueEstimate', 'sharesGrowth', 'netStockIssuance', 'marketCap', 'freeCashFlowYield']") — skipped
[score_book_oos] scheduled_downside_cooling_information_drift failed ("panel lacks required field(s) ['sector']") — skipped
[score_book_oos] downside_tail_dependence_unpaid_bridge failed ("panel lacks required field(s) ['sector', 'debtToEquity', 'currentRatio']") — skipped
[score_book_oos] robust_tail_equity_supply_reversal failed ("panel lacks required field(s) ['netStockIssuance', 'sharesGrowth', 'marketCap']") — skipped
[score_book_oos] cashcycle_replenishment_rebound_completion failed ("panel lacks required field(s) ['receivables', 'inventory', 'accountsPayable', 'revenue', 'industry']") — skipped
[score_book_oos] idiosyncratic_tail_resilience_absorption_repair failed ("panel lacks required field(s) ['sector', 'operatingCashFlow', 'totalAssets', 'grossMargin', 'freeCashFlowYield', 'evToFreeCashFlow']") — skipped
[score_book_oos] report_clock_tail_network_derisking_gate failed ("panel lacks required field(s) ['sector', 'epsEstimate', 'revenueEstimate', 'epsActual', 'revenueActual', 'epsSurprise']") — skipped
[score_book_oos] anticipated_report_peer_tail_impact_gate failed ("panel lacks required field(s) ['sector', 'epsActual', 'revenueActual']") — skipped
[score_book_oos] volume_clock_signed_flow_schedule_h6 failed ("panel lacks required field(s) ['sector']") — skipped
[score_book_oos] surprise_novelty_absorption_drift failed ("panel lacks required field(s) ['epsSurprise', 'revenueSurprise', 'epsEstimate', 'revenueEstimate']") — skipped
[score_book_oos] industry_turnover_gated_idio_repair failed ("panel lacks required field(s) ['marketCap', 'industry', 'sector']") — skipped
[score_book_oos] latent_impact_absorption_persistence failed ("panel lacks required field(s) ['industry']") — skipped
[score_book_oos] fractional_propagator_flow_debt_reversal failed ("panel lacks required field(s) ['industry']") — skipped
[score_book_oos] sector_relative_opening_auction_rejection_h6 failed ("panel lacks required field(s) ['sector']") — skipped
[score_book_oos] decelerating_execution_debt_reversal failed ("panel lacks required field(s) ['industry']") — skipped
/Users/lucawurker/Desktop/Imperial/Master Thesis/QuantFundAgent/venv/lib/python3.13/site-packages/sklearn/utils/validation.py:2691: UserWarning: X does not have valid feature names, but LGBMRegressor was fitted with feature names
  warnings.warn(
  LOCO 8/62 fundamental_peer_surprise_transmission_gap
[score_book_oos] sbc_dilution_acceleration_supply_drift failed ("panel lacks required field(s) ['sector', 'stockBasedCompensation', 'revenue', 'sharesOutstanding', 'sharesGrowth', 'netStockIssuance', 'marketCap', 'shareRepurchase']") — skipped
[score_book_oos] cashflow_quality_confirmed_surprise_drift failed ("panel lacks required field(s) ['epsSurprise', 'epsEstimate', 'incomeQuality']") — skipped
[score_book_oos] fresh_cashflow_confirmed_surprise_drift failed ("panel lacks required field(s) ['epsSurprise', 'revenueSurprise', 'incomeQuality', 'freeCashFlowYield', 'cashConversionCycle']") — skipped
[score_book_oos] cashbacked_asymmetric_surprise_drift_h6 failed ("panel lacks required field(s) ['epsSurprise', 'epsEstimate', 'incomeQuality']") — skipped
[score_book_oos] cash_realization_surprise_disagreement failed ("panel lacks required field(s) ['epsSurprise', 'revenueSurprise', 'epsEstimate', 'revenueEstimate', 'epsActual', 'revenueActual', 'cashConversionCycle', 'incomeQuality', 'receivablesGrowth', 'inventoryGrowth']") — skipped
[score_book_oos] cashcycle_ambiguity_operating_fade failed ("panel lacks required field(s) ['sector', 'daysSalesOutstanding', 'daysInventoryOutstanding', 'incomeQuality', 'revenueGrowth']") — skipped
[score_book_oos] episode_coherence_fresh_revision_gap failed ("panel lacks required field(s) ['epsEstimate', 'revenueEstimate', 'industry']") — skipped
[score_book_oos] fundamental_peer_surprise_transmission_gap failed ("panel lacks required field(s) ['revenueGrowth', 'grossMargin', 'operatingMargin', 'roic', 'debtToEquity', 'epsSurprise', 'revenueSurprise', 'epsEstimate', 'revenueEstimate']") — skipped
[score_book_oos] sector_shock_distributed_lag_unpaid_response failed ("panel lacks required field(s) ['sector']") — skipped
[score_book_oos] stabilized_convex_common_shock_overshoot failed ("panel lacks required field(s) ['industry']") — skipped
[score_book_oos] directed_laggraph_liquidity_unpaid_response failed ("panel lacks required field(s) ['marketCap', 'industry']") — skipped
[score_book_oos] shrunk_directed_lag_liquidity_gap failed ("panel lacks required field(s) ['marketCap', 'industry']") — skipped
[score_book_oos] sector_hawkes_compensator_late_follower failed ("panel lacks required field(s) ['sector', 'currentRatio']") — skipped
[score_book_oos] signed_graph_curvature_residual_diffusion failed ("panel lacks required field(s) ['sector']") — skipped
[score_book_oos] factor_premium_dispersion_regime_transfer failed ("panel lacks required field(s) ['sector', 'freeCashFlowYield', 'roe', 'roic', 'incomeQuality', 'assetGrowth', 'debtGrowth', 'sharesGrowth']") — skipped
[score_book_oos] intraday_supply_curve_overshoot_reversal failed ("panel lacks required field(s) ['sector']") — skipped
[score_book_oos] report_assimilation_release_continuation_h6 failed ("panel lacks required field(s) ['epsSurprise', 'epsEstimate', 'epsActual']") — skipped
[score_book_oos] sector_shrunk_mode_follower_relay failed ("panel lacks required field(s) ['sector']") — skipped
[score_book_oos] fresh_cashfunded_upgrade_wedge failed ("panel lacks required field(s) ['epsEstimate', 'freeCashFlow', 'netStockIssuance', 'marketCap']") — skipped
[score_book_oos] tail_survival_capacity_impedance_drift failed ("panel lacks required field(s) ['revenueGrowth', 'operatingCashFlowGrowth', 'revenueSurprise']") — skipped
[score_book_oos] event_freshness_accounting_confirmed_surprise failed ("panel lacks required field(s) ['epsSurprise', 'revenueSurprise', 'epsEstimate', 'revenueEstimate', 'grossMargin', 'operatingCashFlow', 'revenue', 'receivables', 'inventory', 'accountsPayable']") — skipped
[score_book_oos] partial_graph_peer_innovation_catchup failed ("panel lacks required field(s) ['sector']") — skipped
[score_book_oos] quality_regime_conditioned_issuer_distribution failed ("panel lacks required field(s) ['marketCap', 'netStockIssuance', 'sharesGrowth', 'industry', 'sector', 'roic', 'grossMargin', 'earningsYield']") — skipped
[score_book_oos] fresh_expectation_delivery_decay failed ("panel lacks required field(s) ['revenueGrowth', 'freeCashFlowYield', 'incomeQuality', 'sharesGrowth', 'psRatio']") — skipped
[score_book_oos] growth_expectation_convexity_break failed ("panel lacks required field(s) ['psRatio', 'sector', 'revenueGrowth', 'operatingMargin']") — skipped
[score_book_oos] growth_expectation_fresh_delivery_break failed ("panel lacks required field(s) ['psRatio', 'sector', 'revenueGrowth', 'operatingMargin']") — skipped
[score_book_oos] fundamental_momentum_extrapolation_fragility failed ("panel lacks required field(s) ['epsEstimate', 'revenueEstimate', 'operatingMargin', 'freeCashFlow', 'roic', 'psRatio', 'evToSales', 'sector']") — skipped
[score_book_oos] cashflow_deterioration_idio_downside_overshoot failed ("panel lacks required field(s) ['sector', 'operatingCashFlow', 'revenue', 'operatingMargin', 'interestCoverage']") — skipped
[score_book_oos] tail_survival_forcedflow_reversal_h6 failed ("panel lacks required field(s) ['revenueGrowth', 'operatingCashFlowGrowth', 'revenueSurprise']") — skipped
[score_book_oos] downside_excitation_fragility_acceleration_h6 failed ("panel lacks required field(s) ['roic', 'currentRatio', 'debtToEquity']") — skipped
[score_book_oos] downside_persistence_fragility_exhaustion failed ("panel lacks required field(s) ['debtToEquity', 'interestCoverage']") — skipped
[score_book_oos] resilient_downside_excitation_cooling_continuati failed ("panel lacks required field(s) ['cashRatio', 'debtToEquity']") — skipped
[score_book_oos] asymmetric_overnight_range_wedge_rebound failed ("panel lacks required field(s) ['sector']") — skipped
[score_book_oos] revision_financing_gated_idio_downside_polarity failed ("panel lacks required field(s) ['sector', 'epsEstimate', 'revenueEstimate', 'sharesGrowth', 'netStockIssuance', 'marketCap', 'freeCashFlowYield']") — skipped
[score_book_oos] scheduled_downside_cooling_information_drift failed ("panel lacks required field(s) ['sector']") — skipped
[score_book_oos] downside_tail_dependence_unpaid_bridge failed ("panel lacks required field(s) ['sector', 'debtToEquity', 'currentRatio']") — skipped
[score_book_oos] robust_tail_equity_supply_reversal failed ("panel lacks required field(s) ['netStockIssuance', 'sharesGrowth', 'marketCap']") — skipped
[score_book_oos] cashcycle_replenishment_rebound_completion failed ("panel lacks required field(s) ['receivables', 'inventory', 'accountsPayable', 'revenue', 'industry']") — skipped
[score_book_oos] idiosyncratic_tail_resilience_absorption_repair failed ("panel lacks required field(s) ['sector', 'operatingCashFlow', 'totalAssets', 'grossMargin', 'freeCashFlowYield', 'evToFreeCashFlow']") — skipped
[score_book_oos] report_clock_tail_network_derisking_gate failed ("panel lacks required field(s) ['sector', 'epsEstimate', 'revenueEstimate', 'epsActual', 'revenueActual', 'epsSurprise']") — skipped
[score_book_oos] anticipated_report_peer_tail_impact_gate failed ("panel lacks required field(s) ['sector', 'epsActual', 'revenueActual']") — skipped
[score_book_oos] volume_clock_signed_flow_schedule_h6 failed ("panel lacks required field(s) ['sector']") — skipped
[score_book_oos] surprise_novelty_absorption_drift failed ("panel lacks required field(s) ['epsSurprise', 'revenueSurprise', 'epsEstimate', 'revenueEstimate']") — skipped
[score_book_oos] industry_turnover_gated_idio_repair failed ("panel lacks required field(s) ['marketCap', 'industry', 'sector']") — skipped
[score_book_oos] latent_impact_absorption_persistence failed ("panel lacks required field(s) ['industry']") — skipped
[score_book_oos] fractional_propagator_flow_debt_reversal failed ("panel lacks required field(s) ['industry']") — skipped
[score_book_oos] sector_relative_opening_auction_rejection_h6 failed ("panel lacks required field(s) ['sector']") — skipped
[score_book_oos] decelerating_execution_debt_reversal failed ("panel lacks required field(s) ['industry']") — skipped
/Users/lucawurker/Desktop/Imperial/Master Thesis/QuantFundAgent/venv/lib/python3.13/site-packages/sklearn/utils/validation.py:2691: UserWarning: X does not have valid feature names, but LGBMRegressor was fitted with feature names
  warnings.warn(
  LOCO 9/62 scheduled_flow_impact_decay_reversal
[score_book_oos] sbc_dilution_acceleration_supply_drift failed ("panel lacks required field(s) ['sector', 'stockBasedCompensation', 'revenue', 'sharesOutstanding', 'sharesGrowth', 'netStockIssuance', 'marketCap', 'shareRepurchase']") — skipped
[score_book_oos] cashflow_quality_confirmed_surprise_drift failed ("panel lacks required field(s) ['epsSurprise', 'epsEstimate', 'incomeQuality']") — skipped
[score_book_oos] fresh_cashflow_confirmed_surprise_drift failed ("panel lacks required field(s) ['epsSurprise', 'revenueSurprise', 'incomeQuality', 'freeCashFlowYield', 'cashConversionCycle']") — skipped
[score_book_oos] cashbacked_asymmetric_surprise_drift_h6 failed ("panel lacks required field(s) ['epsSurprise', 'epsEstimate', 'incomeQuality']") — skipped
[score_book_oos] cash_realization_surprise_disagreement failed ("panel lacks required field(s) ['epsSurprise', 'revenueSurprise', 'epsEstimate', 'revenueEstimate', 'epsActual', 'revenueActual', 'cashConversionCycle', 'incomeQuality', 'receivablesGrowth', 'inventoryGrowth']") — skipped
[score_book_oos] cashcycle_ambiguity_operating_fade failed ("panel lacks required field(s) ['sector', 'daysSalesOutstanding', 'daysInventoryOutstanding', 'incomeQuality', 'revenueGrowth']") — skipped
[score_book_oos] episode_coherence_fresh_revision_gap failed ("panel lacks required field(s) ['epsEstimate', 'revenueEstimate', 'industry']") — skipped
[score_book_oos] fundamental_peer_surprise_transmission_gap failed ("panel lacks required field(s) ['revenueGrowth', 'grossMargin', 'operatingMargin', 'roic', 'debtToEquity', 'epsSurprise', 'revenueSurprise', 'epsEstimate', 'revenueEstimate']") — skipped
[score_book_oos] stabilized_convex_common_shock_overshoot failed ("panel lacks required field(s) ['industry']") — skipped
[score_book_oos] directed_laggraph_liquidity_unpaid_response failed ("panel lacks required field(s) ['marketCap', 'industry']") — skipped
[score_book_oos] shrunk_directed_lag_liquidity_gap failed ("panel lacks required field(s) ['marketCap', 'industry']") — skipped
[score_book_oos] sector_hawkes_compensator_late_follower failed ("panel lacks required field(s) ['sector', 'currentRatio']") — skipped
[score_book_oos] signed_graph_curvature_residual_diffusion failed ("panel lacks required field(s) ['sector']") — skipped
[score_book_oos] factor_premium_dispersion_regime_transfer failed ("panel lacks required field(s) ['sector', 'freeCashFlowYield', 'roe', 'roic', 'incomeQuality', 'assetGrowth', 'debtGrowth', 'sharesGrowth']") — skipped
[score_book_oos] intraday_supply_curve_overshoot_reversal failed ("panel lacks required field(s) ['sector']") — skipped
[score_book_oos] report_assimilation_release_continuation_h6 failed ("panel lacks required field(s) ['epsSurprise', 'epsEstimate', 'epsActual']") — skipped
[score_book_oos] sector_shrunk_mode_follower_relay failed ("panel lacks required field(s) ['sector']") — skipped
[score_book_oos] fresh_cashfunded_upgrade_wedge failed ("panel lacks required field(s) ['epsEstimate', 'freeCashFlow', 'netStockIssuance', 'marketCap']") — skipped
[score_book_oos] tail_survival_capacity_impedance_drift failed ("panel lacks required field(s) ['revenueGrowth', 'operatingCashFlowGrowth', 'revenueSurprise']") — skipped
[score_book_oos] event_freshness_accounting_confirmed_surprise failed ("panel lacks required field(s) ['epsSurprise', 'revenueSurprise', 'epsEstimate', 'revenueEstimate', 'grossMargin', 'operatingCashFlow', 'revenue', 'receivables', 'inventory', 'accountsPayable']") — skipped
[score_book_oos] partial_graph_peer_innovation_catchup failed ("panel lacks required field(s) ['sector']") — skipped
[score_book_oos] quality_regime_conditioned_issuer_distribution failed ("panel lacks required field(s) ['marketCap', 'netStockIssuance', 'sharesGrowth', 'industry', 'sector', 'roic', 'grossMargin', 'earningsYield']") — skipped
[score_book_oos] fresh_expectation_delivery_decay failed ("panel lacks required field(s) ['revenueGrowth', 'freeCashFlowYield', 'incomeQuality', 'sharesGrowth', 'psRatio']") — skipped
[score_book_oos] growth_expectation_convexity_break failed ("panel lacks required field(s) ['psRatio', 'sector', 'revenueGrowth', 'operatingMargin']") — skipped
[score_book_oos] growth_expectation_fresh_delivery_break failed ("panel lacks required field(s) ['psRatio', 'sector', 'revenueGrowth', 'operatingMargin']") — skipped
[score_book_oos] fundamental_momentum_extrapolation_fragility failed ("panel lacks required field(s) ['epsEstimate', 'revenueEstimate', 'operatingMargin', 'freeCashFlow', 'roic', 'psRatio', 'evToSales', 'sector']") — skipped
[score_book_oos] cashflow_deterioration_idio_downside_overshoot failed ("panel lacks required field(s) ['sector', 'operatingCashFlow', 'revenue', 'operatingMargin', 'interestCoverage']") — skipped
[score_book_oos] tail_survival_forcedflow_reversal_h6 failed ("panel lacks required field(s) ['revenueGrowth', 'operatingCashFlowGrowth', 'revenueSurprise']") — skipped
[score_book_oos] downside_excitation_fragility_acceleration_h6 failed ("panel lacks required field(s) ['roic', 'currentRatio', 'debtToEquity']") — skipped
[score_book_oos] downside_persistence_fragility_exhaustion failed ("panel lacks required field(s) ['debtToEquity', 'interestCoverage']") — skipped
[score_book_oos] resilient_downside_excitation_cooling_continuati failed ("panel lacks required field(s) ['cashRatio', 'debtToEquity']") — skipped
[score_book_oos] asymmetric_overnight_range_wedge_rebound failed ("panel lacks required field(s) ['sector']") — skipped
[score_book_oos] revision_financing_gated_idio_downside_polarity failed ("panel lacks required field(s) ['sector', 'epsEstimate', 'revenueEstimate', 'sharesGrowth', 'netStockIssuance', 'marketCap', 'freeCashFlowYield']") — skipped
[score_book_oos] scheduled_downside_cooling_information_drift failed ("panel lacks required field(s) ['sector']") — skipped
[score_book_oos] downside_tail_dependence_unpaid_bridge failed ("panel lacks required field(s) ['sector', 'debtToEquity', 'currentRatio']") — skipped
[score_book_oos] robust_tail_equity_supply_reversal failed ("panel lacks required field(s) ['netStockIssuance', 'sharesGrowth', 'marketCap']") — skipped
[score_book_oos] cashcycle_replenishment_rebound_completion failed ("panel lacks required field(s) ['receivables', 'inventory', 'accountsPayable', 'revenue', 'industry']") — skipped
[score_book_oos] idiosyncratic_tail_resilience_absorption_repair failed ("panel lacks required field(s) ['sector', 'operatingCashFlow', 'totalAssets', 'grossMargin', 'freeCashFlowYield', 'evToFreeCashFlow']") — skipped
[score_book_oos] report_clock_tail_network_derisking_gate failed ("panel lacks required field(s) ['sector', 'epsEstimate', 'revenueEstimate', 'epsActual', 'revenueActual', 'epsSurprise']") — skipped
[score_book_oos] anticipated_report_peer_tail_impact_gate failed ("panel lacks required field(s) ['sector', 'epsActual', 'revenueActual']") — skipped
[score_book_oos] volume_clock_signed_flow_schedule_h6 failed ("panel lacks required field(s) ['sector']") — skipped
[score_book_oos] surprise_novelty_absorption_drift failed ("panel lacks required field(s) ['epsSurprise', 'revenueSurprise', 'epsEstimate', 'revenueEstimate']") — skipped
[score_book_oos] industry_turnover_gated_idio_repair failed ("panel lacks required field(s) ['marketCap', 'industry', 'sector']") — skipped
[score_book_oos] latent_impact_absorption_persistence failed ("panel lacks required field(s) ['industry']") — skipped
[score_book_oos] fractional_propagator_flow_debt_reversal failed ("panel lacks required field(s) ['industry']") — skipped
[score_book_oos] sector_relative_opening_auction_rejection_h6 failed ("panel lacks required field(s) ['sector']") — skipped
[score_book_oos] decelerating_execution_debt_reversal failed ("panel lacks required field(s) ['industry']") — skipped
/Users/lucawurker/Desktop/Imperial/Master Thesis/QuantFundAgent/venv/lib/python3.13/site-packages/sklearn/utils/validation.py:2691: UserWarning: X does not have valid feature names, but LGBMRegressor was fitted with feature names
  warnings.warn(
  LOCO 10/62 sector_shock_distributed_lag_unpaid_response
[score_book_oos] sbc_dilution_acceleration_supply_drift failed ("panel lacks required field(s) ['sector', 'stockBasedCompensation', 'revenue', 'sharesOutstanding', 'sharesGrowth', 'netStockIssuance', 'marketCap', 'shareRepurchase']") — skipped
[score_book_oos] cashflow_quality_confirmed_surprise_drift failed ("panel lacks required field(s) ['epsSurprise', 'epsEstimate', 'incomeQuality']") — skipped
[score_book_oos] fresh_cashflow_confirmed_surprise_drift failed ("panel lacks required field(s) ['epsSurprise', 'revenueSurprise', 'incomeQuality', 'freeCashFlowYield', 'cashConversionCycle']") — skipped
[score_book_oos] cashbacked_asymmetric_surprise_drift_h6 failed ("panel lacks required field(s) ['epsSurprise', 'epsEstimate', 'incomeQuality']") — skipped
[score_book_oos] cash_realization_surprise_disagreement failed ("panel lacks required field(s) ['epsSurprise', 'revenueSurprise', 'epsEstimate', 'revenueEstimate', 'epsActual', 'revenueActual', 'cashConversionCycle', 'incomeQuality', 'receivablesGrowth', 'inventoryGrowth']") — skipped
[score_book_oos] cashcycle_ambiguity_operating_fade failed ("panel lacks required field(s) ['sector', 'daysSalesOutstanding', 'daysInventoryOutstanding', 'incomeQuality', 'revenueGrowth']") — skipped
[score_book_oos] episode_coherence_fresh_revision_gap failed ("panel lacks required field(s) ['epsEstimate', 'revenueEstimate', 'industry']") — skipped
[score_book_oos] fundamental_peer_surprise_transmission_gap failed ("panel lacks required field(s) ['revenueGrowth', 'grossMargin', 'operatingMargin', 'roic', 'debtToEquity', 'epsSurprise', 'revenueSurprise', 'epsEstimate', 'revenueEstimate']") — skipped
[score_book_oos] sector_shock_distributed_lag_unpaid_response failed ("panel lacks required field(s) ['sector']") — skipped
[score_book_oos] directed_laggraph_liquidity_unpaid_response failed ("panel lacks required field(s) ['marketCap', 'industry']") — skipped
[score_book_oos] shrunk_directed_lag_liquidity_gap failed ("panel lacks required field(s) ['marketCap', 'industry']") — skipped
[score_book_oos] sector_hawkes_compensator_late_follower failed ("panel lacks required field(s) ['sector', 'currentRatio']") — skipped
[score_book_oos] signed_graph_curvature_residual_diffusion failed ("panel lacks required field(s) ['sector']") — skipped
[score_book_oos] factor_premium_dispersion_regime_transfer failed ("panel lacks required field(s) ['sector', 'freeCashFlowYield', 'roe', 'roic', 'incomeQuality', 'assetGrowth', 'debtGrowth', 'sharesGrowth']") — skipped
[score_book_oos] intraday_supply_curve_overshoot_reversal failed ("panel lacks required field(s) ['sector']") — skipped
[score_book_oos] report_assimilation_release_continuation_h6 failed ("panel lacks required field(s) ['epsSurprise', 'epsEstimate', 'epsActual']") — skipped
[score_book_oos] sector_shrunk_mode_follower_relay failed ("panel lacks required field(s) ['sector']") — skipped
[score_book_oos] fresh_cashfunded_upgrade_wedge failed ("panel lacks required field(s) ['epsEstimate', 'freeCashFlow', 'netStockIssuance', 'marketCap']") — skipped
[score_book_oos] tail_survival_capacity_impedance_drift failed ("panel lacks required field(s) ['revenueGrowth', 'operatingCashFlowGrowth', 'revenueSurprise']") — skipped
[score_book_oos] event_freshness_accounting_confirmed_surprise failed ("panel lacks required field(s) ['epsSurprise', 'revenueSurprise', 'epsEstimate', 'revenueEstimate', 'grossMargin', 'operatingCashFlow', 'revenue', 'receivables', 'inventory', 'accountsPayable']") — skipped
[score_book_oos] partial_graph_peer_innovation_catchup failed ("panel lacks required field(s) ['sector']") — skipped
[score_book_oos] quality_regime_conditioned_issuer_distribution failed ("panel lacks required field(s) ['marketCap', 'netStockIssuance', 'sharesGrowth', 'industry', 'sector', 'roic', 'grossMargin', 'earningsYield']") — skipped
[score_book_oos] fresh_expectation_delivery_decay failed ("panel lacks required field(s) ['revenueGrowth', 'freeCashFlowYield', 'incomeQuality', 'sharesGrowth', 'psRatio']") — skipped
[score_book_oos] growth_expectation_convexity_break failed ("panel lacks required field(s) ['psRatio', 'sector', 'revenueGrowth', 'operatingMargin']") — skipped
[score_book_oos] growth_expectation_fresh_delivery_break failed ("panel lacks required field(s) ['psRatio', 'sector', 'revenueGrowth', 'operatingMargin']") — skipped
[score_book_oos] fundamental_momentum_extrapolation_fragility failed ("panel lacks required field(s) ['epsEstimate', 'revenueEstimate', 'operatingMargin', 'freeCashFlow', 'roic', 'psRatio', 'evToSales', 'sector']") — skipped
[score_book_oos] cashflow_deterioration_idio_downside_overshoot failed ("panel lacks required field(s) ['sector', 'operatingCashFlow', 'revenue', 'operatingMargin', 'interestCoverage']") — skipped
[score_book_oos] tail_survival_forcedflow_reversal_h6 failed ("panel lacks required field(s) ['revenueGrowth', 'operatingCashFlowGrowth', 'revenueSurprise']") — skipped
[score_book_oos] downside_excitation_fragility_acceleration_h6 failed ("panel lacks required field(s) ['roic', 'currentRatio', 'debtToEquity']") — skipped
[score_book_oos] downside_persistence_fragility_exhaustion failed ("panel lacks required field(s) ['debtToEquity', 'interestCoverage']") — skipped
[score_book_oos] resilient_downside_excitation_cooling_continuati failed ("panel lacks required field(s) ['cashRatio', 'debtToEquity']") — skipped
[score_book_oos] asymmetric_overnight_range_wedge_rebound failed ("panel lacks required field(s) ['sector']") — skipped
[score_book_oos] revision_financing_gated_idio_downside_polarity failed ("panel lacks required field(s) ['sector', 'epsEstimate', 'revenueEstimate', 'sharesGrowth', 'netStockIssuance', 'marketCap', 'freeCashFlowYield']") — skipped
[score_book_oos] scheduled_downside_cooling_information_drift failed ("panel lacks required field(s) ['sector']") — skipped
[score_book_oos] downside_tail_dependence_unpaid_bridge failed ("panel lacks required field(s) ['sector', 'debtToEquity', 'currentRatio']") — skipped
[score_book_oos] robust_tail_equity_supply_reversal failed ("panel lacks required field(s) ['netStockIssuance', 'sharesGrowth', 'marketCap']") — skipped
[score_book_oos] cashcycle_replenishment_rebound_completion failed ("panel lacks required field(s) ['receivables', 'inventory', 'accountsPayable', 'revenue', 'industry']") — skipped
[score_book_oos] idiosyncratic_tail_resilience_absorption_repair failed ("panel lacks required field(s) ['sector', 'operatingCashFlow', 'totalAssets', 'grossMargin', 'freeCashFlowYield', 'evToFreeCashFlow']") — skipped
[score_book_oos] report_clock_tail_network_derisking_gate failed ("panel lacks required field(s) ['sector', 'epsEstimate', 'revenueEstimate', 'epsActual', 'revenueActual', 'epsSurprise']") — skipped
[score_book_oos] anticipated_report_peer_tail_impact_gate failed ("panel lacks required field(s) ['sector', 'epsActual', 'revenueActual']") — skipped
[score_book_oos] volume_clock_signed_flow_schedule_h6 failed ("panel lacks required field(s) ['sector']") — skipped
[score_book_oos] surprise_novelty_absorption_drift failed ("panel lacks required field(s) ['epsSurprise', 'revenueSurprise', 'epsEstimate', 'revenueEstimate']") — skipped
[score_book_oos] industry_turnover_gated_idio_repair failed ("panel lacks required field(s) ['marketCap', 'industry', 'sector']") — skipped
[score_book_oos] latent_impact_absorption_persistence failed ("panel lacks required field(s) ['industry']") — skipped
[score_book_oos] fractional_propagator_flow_debt_reversal failed ("panel lacks required field(s) ['industry']") — skipped
[score_book_oos] sector_relative_opening_auction_rejection_h6 failed ("panel lacks required field(s) ['sector']") — skipped
[score_book_oos] decelerating_execution_debt_reversal failed ("panel lacks required field(s) ['industry']") — skipped
/Users/lucawurker/Desktop/Imperial/Master Thesis/QuantFundAgent/venv/lib/python3.13/site-packages/sklearn/utils/validation.py:2691: UserWarning: X does not have valid feature names, but LGBMRegressor was fitted with feature names
  warnings.warn(
  LOCO 11/62 stabilized_convex_common_shock_overshoot
[score_book_oos] sbc_dilution_acceleration_supply_drift failed ("panel lacks required field(s) ['sector', 'stockBasedCompensation', 'revenue', 'sharesOutstanding', 'sharesGrowth', 'netStockIssuance', 'marketCap', 'shareRepurchase']") — skipped
[score_book_oos] cashflow_quality_confirmed_surprise_drift failed ("panel lacks required field(s) ['epsSurprise', 'epsEstimate', 'incomeQuality']") — skipped
[score_book_oos] fresh_cashflow_confirmed_surprise_drift failed ("panel lacks required field(s) ['epsSurprise', 'revenueSurprise', 'incomeQuality', 'freeCashFlowYield', 'cashConversionCycle']") — skipped
[score_book_oos] cashbacked_asymmetric_surprise_drift_h6 failed ("panel lacks required field(s) ['epsSurprise', 'epsEstimate', 'incomeQuality']") — skipped
[score_book_oos] cash_realization_surprise_disagreement failed ("panel lacks required field(s) ['epsSurprise', 'revenueSurprise', 'epsEstimate', 'revenueEstimate', 'epsActual', 'revenueActual', 'cashConversionCycle', 'incomeQuality', 'receivablesGrowth', 'inventoryGrowth']") — skipped
[score_book_oos] cashcycle_ambiguity_operating_fade failed ("panel lacks required field(s) ['sector', 'daysSalesOutstanding', 'daysInventoryOutstanding', 'incomeQuality', 'revenueGrowth']") — skipped
[score_book_oos] episode_coherence_fresh_revision_gap failed ("panel lacks required field(s) ['epsEstimate', 'revenueEstimate', 'industry']") — skipped
[score_book_oos] fundamental_peer_surprise_transmission_gap failed ("panel lacks required field(s) ['revenueGrowth', 'grossMargin', 'operatingMargin', 'roic', 'debtToEquity', 'epsSurprise', 'revenueSurprise', 'epsEstimate', 'revenueEstimate']") — skipped
[score_book_oos] sector_shock_distributed_lag_unpaid_response failed ("panel lacks required field(s) ['sector']") — skipped
[score_book_oos] stabilized_convex_common_shock_overshoot failed ("panel lacks required field(s) ['industry']") — skipped
[score_book_oos] shrunk_directed_lag_liquidity_gap failed ("panel lacks required field(s) ['marketCap', 'industry']") — skipped
[score_book_oos] sector_hawkes_compensator_late_follower failed ("panel lacks required field(s) ['sector', 'currentRatio']") — skipped
[score_book_oos] signed_graph_curvature_residual_diffusion failed ("panel lacks required field(s) ['sector']") — skipped
[score_book_oos] factor_premium_dispersion_regime_transfer failed ("panel lacks required field(s) ['sector', 'freeCashFlowYield', 'roe', 'roic', 'incomeQuality', 'assetGrowth', 'debtGrowth', 'sharesGrowth']") — skipped
[score_book_oos] intraday_supply_curve_overshoot_reversal failed ("panel lacks required field(s) ['sector']") — skipped
[score_book_oos] report_assimilation_release_continuation_h6 failed ("panel lacks required field(s) ['epsSurprise', 'epsEstimate', 'epsActual']") — skipped
[score_book_oos] sector_shrunk_mode_follower_relay failed ("panel lacks required field(s) ['sector']") — skipped
[score_book_oos] fresh_cashfunded_upgrade_wedge failed ("panel lacks required field(s) ['epsEstimate', 'freeCashFlow', 'netStockIssuance', 'marketCap']") — skipped
[score_book_oos] tail_survival_capacity_impedance_drift failed ("panel lacks required field(s) ['revenueGrowth', 'operatingCashFlowGrowth', 'revenueSurprise']") — skipped
[score_book_oos] event_freshness_accounting_confirmed_surprise failed ("panel lacks required field(s) ['epsSurprise', 'revenueSurprise', 'epsEstimate', 'revenueEstimate', 'grossMargin', 'operatingCashFlow', 'revenue', 'receivables', 'inventory', 'accountsPayable']") — skipped
[score_book_oos] partial_graph_peer_innovation_catchup failed ("panel lacks required field(s) ['sector']") — skipped
[score_book_oos] quality_regime_conditioned_issuer_distribution failed ("panel lacks required field(s) ['marketCap', 'netStockIssuance', 'sharesGrowth', 'industry', 'sector', 'roic', 'grossMargin', 'earningsYield']") — skipped
[score_book_oos] fresh_expectation_delivery_decay failed ("panel lacks required field(s) ['revenueGrowth', 'freeCashFlowYield', 'incomeQuality', 'sharesGrowth', 'psRatio']") — skipped
[score_book_oos] growth_expectation_convexity_break failed ("panel lacks required field(s) ['psRatio', 'sector', 'revenueGrowth', 'operatingMargin']") — skipped
[score_book_oos] growth_expectation_fresh_delivery_break failed ("panel lacks required field(s) ['psRatio', 'sector', 'revenueGrowth', 'operatingMargin']") — skipped
[score_book_oos] fundamental_momentum_extrapolation_fragility failed ("panel lacks required field(s) ['epsEstimate', 'revenueEstimate', 'operatingMargin', 'freeCashFlow', 'roic', 'psRatio', 'evToSales', 'sector']") — skipped
[score_book_oos] cashflow_deterioration_idio_downside_overshoot failed ("panel lacks required field(s) ['sector', 'operatingCashFlow', 'revenue', 'operatingMargin', 'interestCoverage']") — skipped
[score_book_oos] tail_survival_forcedflow_reversal_h6 failed ("panel lacks required field(s) ['revenueGrowth', 'operatingCashFlowGrowth', 'revenueSurprise']") — skipped
[score_book_oos] downside_excitation_fragility_acceleration_h6 failed ("panel lacks required field(s) ['roic', 'currentRatio', 'debtToEquity']") — skipped
[score_book_oos] downside_persistence_fragility_exhaustion failed ("panel lacks required field(s) ['debtToEquity', 'interestCoverage']") — skipped
[score_book_oos] resilient_downside_excitation_cooling_continuati failed ("panel lacks required field(s) ['cashRatio', 'debtToEquity']") — skipped
[score_book_oos] asymmetric_overnight_range_wedge_rebound failed ("panel lacks required field(s) ['sector']") — skipped
[score_book_oos] revision_financing_gated_idio_downside_polarity failed ("panel lacks required field(s) ['sector', 'epsEstimate', 'revenueEstimate', 'sharesGrowth', 'netStockIssuance', 'marketCap', 'freeCashFlowYield']") — skipped
[score_book_oos] scheduled_downside_cooling_information_drift failed ("panel lacks required field(s) ['sector']") — skipped
[score_book_oos] downside_tail_dependence_unpaid_bridge failed ("panel lacks required field(s) ['sector', 'debtToEquity', 'currentRatio']") — skipped
[score_book_oos] robust_tail_equity_supply_reversal failed ("panel lacks required field(s) ['netStockIssuance', 'sharesGrowth', 'marketCap']") — skipped
[score_book_oos] cashcycle_replenishment_rebound_completion failed ("panel lacks required field(s) ['receivables', 'inventory', 'accountsPayable', 'revenue', 'industry']") — skipped
[score_book_oos] idiosyncratic_tail_resilience_absorption_repair failed ("panel lacks required field(s) ['sector', 'operatingCashFlow', 'totalAssets', 'grossMargin', 'freeCashFlowYield', 'evToFreeCashFlow']") — skipped
[score_book_oos] report_clock_tail_network_derisking_gate failed ("panel lacks required field(s) ['sector', 'epsEstimate', 'revenueEstimate', 'epsActual', 'revenueActual', 'epsSurprise']") — skipped
[score_book_oos] anticipated_report_peer_tail_impact_gate failed ("panel lacks required field(s) ['sector', 'epsActual', 'revenueActual']") — skipped
[score_book_oos] volume_clock_signed_flow_schedule_h6 failed ("panel lacks required field(s) ['sector']") — skipped
[score_book_oos] surprise_novelty_absorption_drift failed ("panel lacks required field(s) ['epsSurprise', 'revenueSurprise', 'epsEstimate', 'revenueEstimate']") — skipped
[score_book_oos] industry_turnover_gated_idio_repair failed ("panel lacks required field(s) ['marketCap', 'industry', 'sector']") — skipped
[score_book_oos] latent_impact_absorption_persistence failed ("panel lacks required field(s) ['industry']") — skipped
[score_book_oos] fractional_propagator_flow_debt_reversal failed ("panel lacks required field(s) ['industry']") — skipped
[score_book_oos] sector_relative_opening_auction_rejection_h6 failed ("panel lacks required field(s) ['sector']") — skipped
[score_book_oos] decelerating_execution_debt_reversal failed ("panel lacks required field(s) ['industry']") — skipped
/Users/lucawurker/Desktop/Imperial/Master Thesis/QuantFundAgent/venv/lib/python3.13/site-packages/sklearn/utils/validation.py:2691: UserWarning: X does not have valid feature names, but LGBMRegressor was fitted with feature names
  warnings.warn(
  LOCO 12/62 directed_laggraph_liquidity_unpaid_response
[score_book_oos] sbc_dilution_acceleration_supply_drift failed ("panel lacks required field(s) ['sector', 'stockBasedCompensation', 'revenue', 'sharesOutstanding', 'sharesGrowth', 'netStockIssuance', 'marketCap', 'shareRepurchase']") — skipped
[score_book_oos] cashflow_quality_confirmed_surprise_drift failed ("panel lacks required field(s) ['epsSurprise', 'epsEstimate', 'incomeQuality']") — skipped
[score_book_oos] fresh_cashflow_confirmed_surprise_drift failed ("panel lacks required field(s) ['epsSurprise', 'revenueSurprise', 'incomeQuality', 'freeCashFlowYield', 'cashConversionCycle']") — skipped
[score_book_oos] cashbacked_asymmetric_surprise_drift_h6 failed ("panel lacks required field(s) ['epsSurprise', 'epsEstimate', 'incomeQuality']") — skipped
[score_book_oos] cash_realization_surprise_disagreement failed ("panel lacks required field(s) ['epsSurprise', 'revenueSurprise', 'epsEstimate', 'revenueEstimate', 'epsActual', 'revenueActual', 'cashConversionCycle', 'incomeQuality', 'receivablesGrowth', 'inventoryGrowth']") — skipped
[score_book_oos] cashcycle_ambiguity_operating_fade failed ("panel lacks required field(s) ['sector', 'daysSalesOutstanding', 'daysInventoryOutstanding', 'incomeQuality', 'revenueGrowth']") — skipped
[score_book_oos] episode_coherence_fresh_revision_gap failed ("panel lacks required field(s) ['epsEstimate', 'revenueEstimate', 'industry']") — skipped
[score_book_oos] fundamental_peer_surprise_transmission_gap failed ("panel lacks required field(s) ['revenueGrowth', 'grossMargin', 'operatingMargin', 'roic', 'debtToEquity', 'epsSurprise', 'revenueSurprise', 'epsEstimate', 'revenueEstimate']") — skipped
[score_book_oos] sector_shock_distributed_lag_unpaid_response failed ("panel lacks required field(s) ['sector']") — skipped
[score_book_oos] stabilized_convex_common_shock_overshoot failed ("panel lacks required field(s) ['industry']") — skipped
[score_book_oos] directed_laggraph_liquidity_unpaid_response failed ("panel lacks required field(s) ['marketCap', 'industry']") — skipped
[score_book_oos] sector_hawkes_compensator_late_follower failed ("panel lacks required field(s) ['sector', 'currentRatio']") — skipped
[score_book_oos] signed_graph_curvature_residual_diffusion failed ("panel lacks required field(s) ['sector']") — skipped
[score_book_oos] factor_premium_dispersion_regime_transfer failed ("panel lacks required field(s) ['sector', 'freeCashFlowYield', 'roe', 'roic', 'incomeQuality', 'assetGrowth', 'debtGrowth', 'sharesGrowth']") — skipped
[score_book_oos] intraday_supply_curve_overshoot_reversal failed ("panel lacks required field(s) ['sector']") — skipped
[score_book_oos] report_assimilation_release_continuation_h6 failed ("panel lacks required field(s) ['epsSurprise', 'epsEstimate', 'epsActual']") — skipped
[score_book_oos] sector_shrunk_mode_follower_relay failed ("panel lacks required field(s) ['sector']") — skipped
[score_book_oos] fresh_cashfunded_upgrade_wedge failed ("panel lacks required field(s) ['epsEstimate', 'freeCashFlow', 'netStockIssuance', 'marketCap']") — skipped
[score_book_oos] tail_survival_capacity_impedance_drift failed ("panel lacks required field(s) ['revenueGrowth', 'operatingCashFlowGrowth', 'revenueSurprise']") — skipped
[score_book_oos] event_freshness_accounting_confirmed_surprise failed ("panel lacks required field(s) ['epsSurprise', 'revenueSurprise', 'epsEstimate', 'revenueEstimate', 'grossMargin', 'operatingCashFlow', 'revenue', 'receivables', 'inventory', 'accountsPayable']") — skipped
[score_book_oos] partial_graph_peer_innovation_catchup failed ("panel lacks required field(s) ['sector']") — skipped
[score_book_oos] quality_regime_conditioned_issuer_distribution failed ("panel lacks required field(s) ['marketCap', 'netStockIssuance', 'sharesGrowth', 'industry', 'sector', 'roic', 'grossMargin', 'earningsYield']") — skipped
[score_book_oos] fresh_expectation_delivery_decay failed ("panel lacks required field(s) ['revenueGrowth', 'freeCashFlowYield', 'incomeQuality', 'sharesGrowth', 'psRatio']") — skipped
[score_book_oos] growth_expectation_convexity_break failed ("panel lacks required field(s) ['psRatio', 'sector', 'revenueGrowth', 'operatingMargin']") — skipped
[score_book_oos] growth_expectation_fresh_delivery_break failed ("panel lacks required field(s) ['psRatio', 'sector', 'revenueGrowth', 'operatingMargin']") — skipped
[score_book_oos] fundamental_momentum_extrapolation_fragility failed ("panel lacks required field(s) ['epsEstimate', 'revenueEstimate', 'operatingMargin', 'freeCashFlow', 'roic', 'psRatio', 'evToSales', 'sector']") — skipped
[score_book_oos] cashflow_deterioration_idio_downside_overshoot failed ("panel lacks required field(s) ['sector', 'operatingCashFlow', 'revenue', 'operatingMargin', 'interestCoverage']") — skipped
[score_book_oos] tail_survival_forcedflow_reversal_h6 failed ("panel lacks required field(s) ['revenueGrowth', 'operatingCashFlowGrowth', 'revenueSurprise']") — skipped
[score_book_oos] downside_excitation_fragility_acceleration_h6 failed ("panel lacks required field(s) ['roic', 'currentRatio', 'debtToEquity']") — skipped
[score_book_oos] downside_persistence_fragility_exhaustion failed ("panel lacks required field(s) ['debtToEquity', 'interestCoverage']") — skipped
[score_book_oos] resilient_downside_excitation_cooling_continuati failed ("panel lacks required field(s) ['cashRatio', 'debtToEquity']") — skipped
[score_book_oos] asymmetric_overnight_range_wedge_rebound failed ("panel lacks required field(s) ['sector']") — skipped
[score_book_oos] revision_financing_gated_idio_downside_polarity failed ("panel lacks required field(s) ['sector', 'epsEstimate', 'revenueEstimate', 'sharesGrowth', 'netStockIssuance', 'marketCap', 'freeCashFlowYield']") — skipped
[score_book_oos] scheduled_downside_cooling_information_drift failed ("panel lacks required field(s) ['sector']") — skipped
[score_book_oos] downside_tail_dependence_unpaid_bridge failed ("panel lacks required field(s) ['sector', 'debtToEquity', 'currentRatio']") — skipped
[score_book_oos] robust_tail_equity_supply_reversal failed ("panel lacks required field(s) ['netStockIssuance', 'sharesGrowth', 'marketCap']") — skipped
[score_book_oos] cashcycle_replenishment_rebound_completion failed ("panel lacks required field(s) ['receivables', 'inventory', 'accountsPayable', 'revenue', 'industry']") — skipped
[score_book_oos] idiosyncratic_tail_resilience_absorption_repair failed ("panel lacks required field(s) ['sector', 'operatingCashFlow', 'totalAssets', 'grossMargin', 'freeCashFlowYield', 'evToFreeCashFlow']") — skipped
[score_book_oos] report_clock_tail_network_derisking_gate failed ("panel lacks required field(s) ['sector', 'epsEstimate', 'revenueEstimate', 'epsActual', 'revenueActual', 'epsSurprise']") — skipped
[score_book_oos] anticipated_report_peer_tail_impact_gate failed ("panel lacks required field(s) ['sector', 'epsActual', 'revenueActual']") — skipped
[score_book_oos] volume_clock_signed_flow_schedule_h6 failed ("panel lacks required field(s) ['sector']") — skipped
[score_book_oos] surprise_novelty_absorption_drift failed ("panel lacks required field(s) ['epsSurprise', 'revenueSurprise', 'epsEstimate', 'revenueEstimate']") — skipped
[score_book_oos] industry_turnover_gated_idio_repair failed ("panel lacks required field(s) ['marketCap', 'industry', 'sector']") — skipped
[score_book_oos] latent_impact_absorption_persistence failed ("panel lacks required field(s) ['industry']") — skipped
[score_book_oos] fractional_propagator_flow_debt_reversal failed ("panel lacks required field(s) ['industry']") — skipped
[score_book_oos] sector_relative_opening_auction_rejection_h6 failed ("panel lacks required field(s) ['sector']") — skipped
[score_book_oos] decelerating_execution_debt_reversal failed ("panel lacks required field(s) ['industry']") — skipped
/Users/lucawurker/Desktop/Imperial/Master Thesis/QuantFundAgent/venv/lib/python3.13/site-packages/sklearn/utils/validation.py:2691: UserWarning: X does not have valid feature names, but LGBMRegressor was fitted with feature names
  warnings.warn(
  LOCO 13/62 shrunk_directed_lag_liquidity_gap
[score_book_oos] sbc_dilution_acceleration_supply_drift failed ("panel lacks required field(s) ['sector', 'stockBasedCompensation', 'revenue', 'sharesOutstanding', 'sharesGrowth', 'netStockIssuance', 'marketCap', 'shareRepurchase']") — skipped
[score_book_oos] cashflow_quality_confirmed_surprise_drift failed ("panel lacks required field(s) ['epsSurprise', 'epsEstimate', 'incomeQuality']") — skipped
[score_book_oos] fresh_cashflow_confirmed_surprise_drift failed ("panel lacks required field(s) ['epsSurprise', 'revenueSurprise', 'incomeQuality', 'freeCashFlowYield', 'cashConversionCycle']") — skipped
[score_book_oos] cashbacked_asymmetric_surprise_drift_h6 failed ("panel lacks required field(s) ['epsSurprise', 'epsEstimate', 'incomeQuality']") — skipped
[score_book_oos] cash_realization_surprise_disagreement failed ("panel lacks required field(s) ['epsSurprise', 'revenueSurprise', 'epsEstimate', 'revenueEstimate', 'epsActual', 'revenueActual', 'cashConversionCycle', 'incomeQuality', 'receivablesGrowth', 'inventoryGrowth']") — skipped
[score_book_oos] cashcycle_ambiguity_operating_fade failed ("panel lacks required field(s) ['sector', 'daysSalesOutstanding', 'daysInventoryOutstanding', 'incomeQuality', 'revenueGrowth']") — skipped
[score_book_oos] episode_coherence_fresh_revision_gap failed ("panel lacks required field(s) ['epsEstimate', 'revenueEstimate', 'industry']") — skipped
[score_book_oos] fundamental_peer_surprise_transmission_gap failed ("panel lacks required field(s) ['revenueGrowth', 'grossMargin', 'operatingMargin', 'roic', 'debtToEquity', 'epsSurprise', 'revenueSurprise', 'epsEstimate', 'revenueEstimate']") — skipped
[score_book_oos] sector_shock_distributed_lag_unpaid_response failed ("panel lacks required field(s) ['sector']") — skipped
[score_book_oos] stabilized_convex_common_shock_overshoot failed ("panel lacks required field(s) ['industry']") — skipped
[score_book_oos] directed_laggraph_liquidity_unpaid_response failed ("panel lacks required field(s) ['marketCap', 'industry']") — skipped
[score_book_oos] shrunk_directed_lag_liquidity_gap failed ("panel lacks required field(s) ['marketCap', 'industry']") — skipped
[score_book_oos] sector_hawkes_compensator_late_follower failed ("panel lacks required field(s) ['sector', 'currentRatio']") — skipped
[score_book_oos] signed_graph_curvature_residual_diffusion failed ("panel lacks required field(s) ['sector']") — skipped
[score_book_oos] factor_premium_dispersion_regime_transfer failed ("panel lacks required field(s) ['sector', 'freeCashFlowYield', 'roe', 'roic', 'incomeQuality', 'assetGrowth', 'debtGrowth', 'sharesGrowth']") — skipped
[score_book_oos] intraday_supply_curve_overshoot_reversal failed ("panel lacks required field(s) ['sector']") — skipped
[score_book_oos] report_assimilation_release_continuation_h6 failed ("panel lacks required field(s) ['epsSurprise', 'epsEstimate', 'epsActual']") — skipped
[score_book_oos] sector_shrunk_mode_follower_relay failed ("panel lacks required field(s) ['sector']") — skipped
[score_book_oos] fresh_cashfunded_upgrade_wedge failed ("panel lacks required field(s) ['epsEstimate', 'freeCashFlow', 'netStockIssuance', 'marketCap']") — skipped
[score_book_oos] tail_survival_capacity_impedance_drift failed ("panel lacks required field(s) ['revenueGrowth', 'operatingCashFlowGrowth', 'revenueSurprise']") — skipped
[score_book_oos] event_freshness_accounting_confirmed_surprise failed ("panel lacks required field(s) ['epsSurprise', 'revenueSurprise', 'epsEstimate', 'revenueEstimate', 'grossMargin', 'operatingCashFlow', 'revenue', 'receivables', 'inventory', 'accountsPayable']") — skipped
[score_book_oos] partial_graph_peer_innovation_catchup failed ("panel lacks required field(s) ['sector']") — skipped
[score_book_oos] quality_regime_conditioned_issuer_distribution failed ("panel lacks required field(s) ['marketCap', 'netStockIssuance', 'sharesGrowth', 'industry', 'sector', 'roic', 'grossMargin', 'earningsYield']") — skipped
[score_book_oos] fresh_expectation_delivery_decay failed ("panel lacks required field(s) ['revenueGrowth', 'freeCashFlowYield', 'incomeQuality', 'sharesGrowth', 'psRatio']") — skipped
[score_book_oos] growth_expectation_convexity_break failed ("panel lacks required field(s) ['psRatio', 'sector', 'revenueGrowth', 'operatingMargin']") — skipped
[score_book_oos] growth_expectation_fresh_delivery_break failed ("panel lacks required field(s) ['psRatio', 'sector', 'revenueGrowth', 'operatingMargin']") — skipped
[score_book_oos] fundamental_momentum_extrapolation_fragility failed ("panel lacks required field(s) ['epsEstimate', 'revenueEstimate', 'operatingMargin', 'freeCashFlow', 'roic', 'psRatio', 'evToSales', 'sector']") — skipped
[score_book_oos] cashflow_deterioration_idio_downside_overshoot failed ("panel lacks required field(s) ['sector', 'operatingCashFlow', 'revenue', 'operatingMargin', 'interestCoverage']") — skipped
[score_book_oos] tail_survival_forcedflow_reversal_h6 failed ("panel lacks required field(s) ['revenueGrowth', 'operatingCashFlowGrowth', 'revenueSurprise']") — skipped
[score_book_oos] downside_excitation_fragility_acceleration_h6 failed ("panel lacks required field(s) ['roic', 'currentRatio', 'debtToEquity']") — skipped
[score_book_oos] downside_persistence_fragility_exhaustion failed ("panel lacks required field(s) ['debtToEquity', 'interestCoverage']") — skipped
[score_book_oos] resilient_downside_excitation_cooling_continuati failed ("panel lacks required field(s) ['cashRatio', 'debtToEquity']") — skipped
[score_book_oos] asymmetric_overnight_range_wedge_rebound failed ("panel lacks required field(s) ['sector']") — skipped
[score_book_oos] revision_financing_gated_idio_downside_polarity failed ("panel lacks required field(s) ['sector', 'epsEstimate', 'revenueEstimate', 'sharesGrowth', 'netStockIssuance', 'marketCap', 'freeCashFlowYield']") — skipped
[score_book_oos] scheduled_downside_cooling_information_drift failed ("panel lacks required field(s) ['sector']") — skipped
[score_book_oos] downside_tail_dependence_unpaid_bridge failed ("panel lacks required field(s) ['sector', 'debtToEquity', 'currentRatio']") — skipped
[score_book_oos] robust_tail_equity_supply_reversal failed ("panel lacks required field(s) ['netStockIssuance', 'sharesGrowth', 'marketCap']") — skipped
[score_book_oos] cashcycle_replenishment_rebound_completion failed ("panel lacks required field(s) ['receivables', 'inventory', 'accountsPayable', 'revenue', 'industry']") — skipped
[score_book_oos] idiosyncratic_tail_resilience_absorption_repair failed ("panel lacks required field(s) ['sector', 'operatingCashFlow', 'totalAssets', 'grossMargin', 'freeCashFlowYield', 'evToFreeCashFlow']") — skipped
[score_book_oos] report_clock_tail_network_derisking_gate failed ("panel lacks required field(s) ['sector', 'epsEstimate', 'revenueEstimate', 'epsActual', 'revenueActual', 'epsSurprise']") — skipped
[score_book_oos] anticipated_report_peer_tail_impact_gate failed ("panel lacks required field(s) ['sector', 'epsActual', 'revenueActual']") — skipped
[score_book_oos] volume_clock_signed_flow_schedule_h6 failed ("panel lacks required field(s) ['sector']") — skipped
[score_book_oos] surprise_novelty_absorption_drift failed ("panel lacks required field(s) ['epsSurprise', 'revenueSurprise', 'epsEstimate', 'revenueEstimate']") — skipped
[score_book_oos] industry_turnover_gated_idio_repair failed ("panel lacks required field(s) ['marketCap', 'industry', 'sector']") — skipped
[score_book_oos] latent_impact_absorption_persistence failed ("panel lacks required field(s) ['industry']") — skipped
[score_book_oos] fractional_propagator_flow_debt_reversal failed ("panel lacks required field(s) ['industry']") — skipped
[score_book_oos] sector_relative_opening_auction_rejection_h6 failed ("panel lacks required field(s) ['sector']") — skipped
[score_book_oos] decelerating_execution_debt_reversal failed ("panel lacks required field(s) ['industry']") — skipped
/Users/lucawurker/Desktop/Imperial/Master Thesis/QuantFundAgent/venv/lib/python3.13/site-packages/sklearn/utils/validation.py:2691: UserWarning: X does not have valid feature names, but LGBMRegressor was fitted with feature names
  warnings.warn(
  LOCO 14/62 return_volume_recurrence_intensity_acceleration
[score_book_oos] sbc_dilution_acceleration_supply_drift failed ("panel lacks required field(s) ['sector', 'stockBasedCompensation', 'revenue', 'sharesOutstanding', 'sharesGrowth', 'netStockIssuance', 'marketCap', 'shareRepurchase']") — skipped
[score_book_oos] cashflow_quality_confirmed_surprise_drift failed ("panel lacks required field(s) ['epsSurprise', 'epsEstimate', 'incomeQuality']") — skipped
[score_book_oos] fresh_cashflow_confirmed_surprise_drift failed ("panel lacks required field(s) ['epsSurprise', 'revenueSurprise', 'incomeQuality', 'freeCashFlowYield', 'cashConversionCycle']") — skipped
[score_book_oos] cashbacked_asymmetric_surprise_drift_h6 failed ("panel lacks required field(s) ['epsSurprise', 'epsEstimate', 'incomeQuality']") — skipped
[score_book_oos] cash_realization_surprise_disagreement failed ("panel lacks required field(s) ['epsSurprise', 'revenueSurprise', 'epsEstimate', 'revenueEstimate', 'epsActual', 'revenueActual', 'cashConversionCycle', 'incomeQuality', 'receivablesGrowth', 'inventoryGrowth']") — skipped
[score_book_oos] cashcycle_ambiguity_operating_fade failed ("panel lacks required field(s) ['sector', 'daysSalesOutstanding', 'daysInventoryOutstanding', 'incomeQuality', 'revenueGrowth']") — skipped
[score_book_oos] episode_coherence_fresh_revision_gap failed ("panel lacks required field(s) ['epsEstimate', 'revenueEstimate', 'industry']") — skipped
[score_book_oos] fundamental_peer_surprise_transmission_gap failed ("panel lacks required field(s) ['revenueGrowth', 'grossMargin', 'operatingMargin', 'roic', 'debtToEquity', 'epsSurprise', 'revenueSurprise', 'epsEstimate', 'revenueEstimate']") — skipped
[score_book_oos] sector_shock_distributed_lag_unpaid_response failed ("panel lacks required field(s) ['sector']") — skipped
[score_book_oos] stabilized_convex_common_shock_overshoot failed ("panel lacks required field(s) ['industry']") — skipped
[score_book_oos] directed_laggraph_liquidity_unpaid_response failed ("panel lacks required field(s) ['marketCap', 'industry']") — skipped
[score_book_oos] shrunk_directed_lag_liquidity_gap failed ("panel lacks required field(s) ['marketCap', 'industry']") — skipped
[score_book_oos] sector_hawkes_compensator_late_follower failed ("panel lacks required field(s) ['sector', 'currentRatio']") — skipped
[score_book_oos] signed_graph_curvature_residual_diffusion failed ("panel lacks required field(s) ['sector']") — skipped
[score_book_oos] factor_premium_dispersion_regime_transfer failed ("panel lacks required field(s) ['sector', 'freeCashFlowYield', 'roe', 'roic', 'incomeQuality', 'assetGrowth', 'debtGrowth', 'sharesGrowth']") — skipped
[score_book_oos] intraday_supply_curve_overshoot_reversal failed ("panel lacks required field(s) ['sector']") — skipped
[score_book_oos] report_assimilation_release_continuation_h6 failed ("panel lacks required field(s) ['epsSurprise', 'epsEstimate', 'epsActual']") — skipped
[score_book_oos] sector_shrunk_mode_follower_relay failed ("panel lacks required field(s) ['sector']") — skipped
[score_book_oos] fresh_cashfunded_upgrade_wedge failed ("panel lacks required field(s) ['epsEstimate', 'freeCashFlow', 'netStockIssuance', 'marketCap']") — skipped
[score_book_oos] tail_survival_capacity_impedance_drift failed ("panel lacks required field(s) ['revenueGrowth', 'operatingCashFlowGrowth', 'revenueSurprise']") — skipped
[score_book_oos] event_freshness_accounting_confirmed_surprise failed ("panel lacks required field(s) ['epsSurprise', 'revenueSurprise', 'epsEstimate', 'revenueEstimate', 'grossMargin', 'operatingCashFlow', 'revenue', 'receivables', 'inventory', 'accountsPayable']") — skipped
[score_book_oos] partial_graph_peer_innovation_catchup failed ("panel lacks required field(s) ['sector']") — skipped
[score_book_oos] quality_regime_conditioned_issuer_distribution failed ("panel lacks required field(s) ['marketCap', 'netStockIssuance', 'sharesGrowth', 'industry', 'sector', 'roic', 'grossMargin', 'earningsYield']") — skipped
[score_book_oos] fresh_expectation_delivery_decay failed ("panel lacks required field(s) ['revenueGrowth', 'freeCashFlowYield', 'incomeQuality', 'sharesGrowth', 'psRatio']") — skipped
[score_book_oos] growth_expectation_convexity_break failed ("panel lacks required field(s) ['psRatio', 'sector', 'revenueGrowth', 'operatingMargin']") — skipped
[score_book_oos] growth_expectation_fresh_delivery_break failed ("panel lacks required field(s) ['psRatio', 'sector', 'revenueGrowth', 'operatingMargin']") — skipped
[score_book_oos] fundamental_momentum_extrapolation_fragility failed ("panel lacks required field(s) ['epsEstimate', 'revenueEstimate', 'operatingMargin', 'freeCashFlow', 'roic', 'psRatio', 'evToSales', 'sector']") — skipped
[score_book_oos] cashflow_deterioration_idio_downside_overshoot failed ("panel lacks required field(s) ['sector', 'operatingCashFlow', 'revenue', 'operatingMargin', 'interestCoverage']") — skipped
[score_book_oos] tail_survival_forcedflow_reversal_h6 failed ("panel lacks required field(s) ['revenueGrowth', 'operatingCashFlowGrowth', 'revenueSurprise']") — skipped
[score_book_oos] downside_excitation_fragility_acceleration_h6 failed ("panel lacks required field(s) ['roic', 'currentRatio', 'debtToEquity']") — skipped
[score_book_oos] downside_persistence_fragility_exhaustion failed ("panel lacks required field(s) ['debtToEquity', 'interestCoverage']") — skipped
[score_book_oos] resilient_downside_excitation_cooling_continuati failed ("panel lacks required field(s) ['cashRatio', 'debtToEquity']") — skipped
[score_book_oos] asymmetric_overnight_range_wedge_rebound failed ("panel lacks required field(s) ['sector']") — skipped
[score_book_oos] revision_financing_gated_idio_downside_polarity failed ("panel lacks required field(s) ['sector', 'epsEstimate', 'revenueEstimate', 'sharesGrowth', 'netStockIssuance', 'marketCap', 'freeCashFlowYield']") — skipped
[score_book_oos] scheduled_downside_cooling_information_drift failed ("panel lacks required field(s) ['sector']") — skipped
[score_book_oos] downside_tail_dependence_unpaid_bridge failed ("panel lacks required field(s) ['sector', 'debtToEquity', 'currentRatio']") — skipped
[score_book_oos] robust_tail_equity_supply_reversal failed ("panel lacks required field(s) ['netStockIssuance', 'sharesGrowth', 'marketCap']") — skipped
[score_book_oos] cashcycle_replenishment_rebound_completion failed ("panel lacks required field(s) ['receivables', 'inventory', 'accountsPayable', 'revenue', 'industry']") — skipped
[score_book_oos] idiosyncratic_tail_resilience_absorption_repair failed ("panel lacks required field(s) ['sector', 'operatingCashFlow', 'totalAssets', 'grossMargin', 'freeCashFlowYield', 'evToFreeCashFlow']") — skipped
[score_book_oos] report_clock_tail_network_derisking_gate failed ("panel lacks required field(s) ['sector', 'epsEstimate', 'revenueEstimate', 'epsActual', 'revenueActual', 'epsSurprise']") — skipped
[score_book_oos] anticipated_report_peer_tail_impact_gate failed ("panel lacks required field(s) ['sector', 'epsActual', 'revenueActual']") — skipped
[score_book_oos] volume_clock_signed_flow_schedule_h6 failed ("panel lacks required field(s) ['sector']") — skipped
[score_book_oos] surprise_novelty_absorption_drift failed ("panel lacks required field(s) ['epsSurprise', 'revenueSurprise', 'epsEstimate', 'revenueEstimate']") — skipped
[score_book_oos] industry_turnover_gated_idio_repair failed ("panel lacks required field(s) ['marketCap', 'industry', 'sector']") — skipped
[score_book_oos] latent_impact_absorption_persistence failed ("panel lacks required field(s) ['industry']") — skipped
[score_book_oos] fractional_propagator_flow_debt_reversal failed ("panel lacks required field(s) ['industry']") — skipped
[score_book_oos] sector_relative_opening_auction_rejection_h6 failed ("panel lacks required field(s) ['sector']") — skipped
[score_book_oos] decelerating_execution_debt_reversal failed ("panel lacks required field(s) ['industry']") — skipped
/Users/lucawurker/Desktop/Imperial/Master Thesis/QuantFundAgent/venv/lib/python3.13/site-packages/sklearn/utils/validation.py:2691: UserWarning: X does not have valid feature names, but LGBMRegressor was fitted with feature names
  warnings.warn(
  LOCO 15/62 directional_recurrence_saturation_completion
[score_book_oos] sbc_dilution_acceleration_supply_drift failed ("panel lacks required field(s) ['sector', 'stockBasedCompensation', 'revenue', 'sharesOutstanding', 'sharesGrowth', 'netStockIssuance', 'marketCap', 'shareRepurchase']") — skipped
[score_book_oos] cashflow_quality_confirmed_surprise_drift failed ("panel lacks required field(s) ['epsSurprise', 'epsEstimate', 'incomeQuality']") — skipped
[score_book_oos] fresh_cashflow_confirmed_surprise_drift failed ("panel lacks required field(s) ['epsSurprise', 'revenueSurprise', 'incomeQuality', 'freeCashFlowYield', 'cashConversionCycle']") — skipped
[score_book_oos] cashbacked_asymmetric_surprise_drift_h6 failed ("panel lacks required field(s) ['epsSurprise', 'epsEstimate', 'incomeQuality']") — skipped
[score_book_oos] cash_realization_surprise_disagreement failed ("panel lacks required field(s) ['epsSurprise', 'revenueSurprise', 'epsEstimate', 'revenueEstimate', 'epsActual', 'revenueActual', 'cashConversionCycle', 'incomeQuality', 'receivablesGrowth', 'inventoryGrowth']") — skipped
[score_book_oos] cashcycle_ambiguity_operating_fade failed ("panel lacks required field(s) ['sector', 'daysSalesOutstanding', 'daysInventoryOutstanding', 'incomeQuality', 'revenueGrowth']") — skipped
[score_book_oos] episode_coherence_fresh_revision_gap failed ("panel lacks required field(s) ['epsEstimate', 'revenueEstimate', 'industry']") — skipped
[score_book_oos] fundamental_peer_surprise_transmission_gap failed ("panel lacks required field(s) ['revenueGrowth', 'grossMargin', 'operatingMargin', 'roic', 'debtToEquity', 'epsSurprise', 'revenueSurprise', 'epsEstimate', 'revenueEstimate']") — skipped
[score_book_oos] sector_shock_distributed_lag_unpaid_response failed ("panel lacks required field(s) ['sector']") — skipped
[score_book_oos] stabilized_convex_common_shock_overshoot failed ("panel lacks required field(s) ['industry']") — skipped
[score_book_oos] directed_laggraph_liquidity_unpaid_response failed ("panel lacks required field(s) ['marketCap', 'industry']") — skipped
[score_book_oos] shrunk_directed_lag_liquidity_gap failed ("panel lacks required field(s) ['marketCap', 'industry']") — skipped
[score_book_oos] signed_graph_curvature_residual_diffusion failed ("panel lacks required field(s) ['sector']") — skipped
[score_book_oos] factor_premium_dispersion_regime_transfer failed ("panel lacks required field(s) ['sector', 'freeCashFlowYield', 'roe', 'roic', 'incomeQuality', 'assetGrowth', 'debtGrowth', 'sharesGrowth']") — skipped
[score_book_oos] intraday_supply_curve_overshoot_reversal failed ("panel lacks required field(s) ['sector']") — skipped
[score_book_oos] report_assimilation_release_continuation_h6 failed ("panel lacks required field(s) ['epsSurprise', 'epsEstimate', 'epsActual']") — skipped
[score_book_oos] sector_shrunk_mode_follower_relay failed ("panel lacks required field(s) ['sector']") — skipped
[score_book_oos] fresh_cashfunded_upgrade_wedge failed ("panel lacks required field(s) ['epsEstimate', 'freeCashFlow', 'netStockIssuance', 'marketCap']") — skipped
[score_book_oos] tail_survival_capacity_impedance_drift failed ("panel lacks required field(s) ['revenueGrowth', 'operatingCashFlowGrowth', 'revenueSurprise']") — skipped
[score_book_oos] event_freshness_accounting_confirmed_surprise failed ("panel lacks required field(s) ['epsSurprise', 'revenueSurprise', 'epsEstimate', 'revenueEstimate', 'grossMargin', 'operatingCashFlow', 'revenue', 'receivables', 'inventory', 'accountsPayable']") — skipped
[score_book_oos] partial_graph_peer_innovation_catchup failed ("panel lacks required field(s) ['sector']") — skipped
[score_book_oos] quality_regime_conditioned_issuer_distribution failed ("panel lacks required field(s) ['marketCap', 'netStockIssuance', 'sharesGrowth', 'industry', 'sector', 'roic', 'grossMargin', 'earningsYield']") — skipped
[score_book_oos] fresh_expectation_delivery_decay failed ("panel lacks required field(s) ['revenueGrowth', 'freeCashFlowYield', 'incomeQuality', 'sharesGrowth', 'psRatio']") — skipped
[score_book_oos] growth_expectation_convexity_break failed ("panel lacks required field(s) ['psRatio', 'sector', 'revenueGrowth', 'operatingMargin']") — skipped
[score_book_oos] growth_expectation_fresh_delivery_break failed ("panel lacks required field(s) ['psRatio', 'sector', 'revenueGrowth', 'operatingMargin']") — skipped
[score_book_oos] fundamental_momentum_extrapolation_fragility failed ("panel lacks required field(s) ['epsEstimate', 'revenueEstimate', 'operatingMargin', 'freeCashFlow', 'roic', 'psRatio', 'evToSales', 'sector']") — skipped
[score_book_oos] cashflow_deterioration_idio_downside_overshoot failed ("panel lacks required field(s) ['sector', 'operatingCashFlow', 'revenue', 'operatingMargin', 'interestCoverage']") — skipped
[score_book_oos] tail_survival_forcedflow_reversal_h6 failed ("panel lacks required field(s) ['revenueGrowth', 'operatingCashFlowGrowth', 'revenueSurprise']") — skipped
[score_book_oos] downside_excitation_fragility_acceleration_h6 failed ("panel lacks required field(s) ['roic', 'currentRatio', 'debtToEquity']") — skipped
[score_book_oos] downside_persistence_fragility_exhaustion failed ("panel lacks required field(s) ['debtToEquity', 'interestCoverage']") — skipped
[score_book_oos] resilient_downside_excitation_cooling_continuati failed ("panel lacks required field(s) ['cashRatio', 'debtToEquity']") — skipped
[score_book_oos] asymmetric_overnight_range_wedge_rebound failed ("panel lacks required field(s) ['sector']") — skipped
[score_book_oos] revision_financing_gated_idio_downside_polarity failed ("panel lacks required field(s) ['sector', 'epsEstimate', 'revenueEstimate', 'sharesGrowth', 'netStockIssuance', 'marketCap', 'freeCashFlowYield']") — skipped
[score_book_oos] scheduled_downside_cooling_information_drift failed ("panel lacks required field(s) ['sector']") — skipped
[score_book_oos] downside_tail_dependence_unpaid_bridge failed ("panel lacks required field(s) ['sector', 'debtToEquity', 'currentRatio']") — skipped
[score_book_oos] robust_tail_equity_supply_reversal failed ("panel lacks required field(s) ['netStockIssuance', 'sharesGrowth', 'marketCap']") — skipped
[score_book_oos] cashcycle_replenishment_rebound_completion failed ("panel lacks required field(s) ['receivables', 'inventory', 'accountsPayable', 'revenue', 'industry']") — skipped
[score_book_oos] idiosyncratic_tail_resilience_absorption_repair failed ("panel lacks required field(s) ['sector', 'operatingCashFlow', 'totalAssets', 'grossMargin', 'freeCashFlowYield', 'evToFreeCashFlow']") — skipped
[score_book_oos] report_clock_tail_network_derisking_gate failed ("panel lacks required field(s) ['sector', 'epsEstimate', 'revenueEstimate', 'epsActual', 'revenueActual', 'epsSurprise']") — skipped
[score_book_oos] anticipated_report_peer_tail_impact_gate failed ("panel lacks required field(s) ['sector', 'epsActual', 'revenueActual']") — skipped
[score_book_oos] volume_clock_signed_flow_schedule_h6 failed ("panel lacks required field(s) ['sector']") — skipped
[score_book_oos] surprise_novelty_absorption_drift failed ("panel lacks required field(s) ['epsSurprise', 'revenueSurprise', 'epsEstimate', 'revenueEstimate']") — skipped
[score_book_oos] industry_turnover_gated_idio_repair failed ("panel lacks required field(s) ['marketCap', 'industry', 'sector']") — skipped
[score_book_oos] latent_impact_absorption_persistence failed ("panel lacks required field(s) ['industry']") — skipped
[score_book_oos] fractional_propagator_flow_debt_reversal failed ("panel lacks required field(s) ['industry']") — skipped
[score_book_oos] sector_relative_opening_auction_rejection_h6 failed ("panel lacks required field(s) ['sector']") — skipped
[score_book_oos] decelerating_execution_debt_reversal failed ("panel lacks required field(s) ['industry']") — skipped
/Users/lucawurker/Desktop/Imperial/Master Thesis/QuantFundAgent/venv/lib/python3.13/site-packages/sklearn/utils/validation.py:2691: UserWarning: X does not have valid feature names, but LGBMRegressor was fitted with feature names
  warnings.warn(
  LOCO 16/62 sector_hawkes_compensator_late_follower
[score_book_oos] sbc_dilution_acceleration_supply_drift failed ("panel lacks required field(s) ['sector', 'stockBasedCompensation', 'revenue', 'sharesOutstanding', 'sharesGrowth', 'netStockIssuance', 'marketCap', 'shareRepurchase']") — skipped
[score_book_oos] cashflow_quality_confirmed_surprise_drift failed ("panel lacks required field(s) ['epsSurprise', 'epsEstimate', 'incomeQuality']") — skipped
[score_book_oos] fresh_cashflow_confirmed_surprise_drift failed ("panel lacks required field(s) ['epsSurprise', 'revenueSurprise', 'incomeQuality', 'freeCashFlowYield', 'cashConversionCycle']") — skipped
[score_book_oos] cashbacked_asymmetric_surprise_drift_h6 failed ("panel lacks required field(s) ['epsSurprise', 'epsEstimate', 'incomeQuality']") — skipped
[score_book_oos] cash_realization_surprise_disagreement failed ("panel lacks required field(s) ['epsSurprise', 'revenueSurprise', 'epsEstimate', 'revenueEstimate', 'epsActual', 'revenueActual', 'cashConversionCycle', 'incomeQuality', 'receivablesGrowth', 'inventoryGrowth']") — skipped
[score_book_oos] cashcycle_ambiguity_operating_fade failed ("panel lacks required field(s) ['sector', 'daysSalesOutstanding', 'daysInventoryOutstanding', 'incomeQuality', 'revenueGrowth']") — skipped
[score_book_oos] episode_coherence_fresh_revision_gap failed ("panel lacks required field(s) ['epsEstimate', 'revenueEstimate', 'industry']") — skipped
[score_book_oos] fundamental_peer_surprise_transmission_gap failed ("panel lacks required field(s) ['revenueGrowth', 'grossMargin', 'operatingMargin', 'roic', 'debtToEquity', 'epsSurprise', 'revenueSurprise', 'epsEstimate', 'revenueEstimate']") — skipped
[score_book_oos] sector_shock_distributed_lag_unpaid_response failed ("panel lacks required field(s) ['sector']") — skipped
[score_book_oos] stabilized_convex_common_shock_overshoot failed ("panel lacks required field(s) ['industry']") — skipped
[score_book_oos] directed_laggraph_liquidity_unpaid_response failed ("panel lacks required field(s) ['marketCap', 'industry']") — skipped
[score_book_oos] shrunk_directed_lag_liquidity_gap failed ("panel lacks required field(s) ['marketCap', 'industry']") — skipped
[score_book_oos] sector_hawkes_compensator_late_follower failed ("panel lacks required field(s) ['sector', 'currentRatio']") — skipped
[score_book_oos] factor_premium_dispersion_regime_transfer failed ("panel lacks required field(s) ['sector', 'freeCashFlowYield', 'roe', 'roic', 'incomeQuality', 'assetGrowth', 'debtGrowth', 'sharesGrowth']") — skipped
[score_book_oos] intraday_supply_curve_overshoot_reversal failed ("panel lacks required field(s) ['sector']") — skipped
[score_book_oos] report_assimilation_release_continuation_h6 failed ("panel lacks required field(s) ['epsSurprise', 'epsEstimate', 'epsActual']") — skipped
[score_book_oos] sector_shrunk_mode_follower_relay failed ("panel lacks required field(s) ['sector']") — skipped
[score_book_oos] fresh_cashfunded_upgrade_wedge failed ("panel lacks required field(s) ['epsEstimate', 'freeCashFlow', 'netStockIssuance', 'marketCap']") — skipped
[score_book_oos] tail_survival_capacity_impedance_drift failed ("panel lacks required field(s) ['revenueGrowth', 'operatingCashFlowGrowth', 'revenueSurprise']") — skipped
[score_book_oos] event_freshness_accounting_confirmed_surprise failed ("panel lacks required field(s) ['epsSurprise', 'revenueSurprise', 'epsEstimate', 'revenueEstimate', 'grossMargin', 'operatingCashFlow', 'revenue', 'receivables', 'inventory', 'accountsPayable']") — skipped
[score_book_oos] partial_graph_peer_innovation_catchup failed ("panel lacks required field(s) ['sector']") — skipped
[score_book_oos] quality_regime_conditioned_issuer_distribution failed ("panel lacks required field(s) ['marketCap', 'netStockIssuance', 'sharesGrowth', 'industry', 'sector', 'roic', 'grossMargin', 'earningsYield']") — skipped
[score_book_oos] fresh_expectation_delivery_decay failed ("panel lacks required field(s) ['revenueGrowth', 'freeCashFlowYield', 'incomeQuality', 'sharesGrowth', 'psRatio']") — skipped
[score_book_oos] growth_expectation_convexity_break failed ("panel lacks required field(s) ['psRatio', 'sector', 'revenueGrowth', 'operatingMargin']") — skipped
[score_book_oos] growth_expectation_fresh_delivery_break failed ("panel lacks required field(s) ['psRatio', 'sector', 'revenueGrowth', 'operatingMargin']") — skipped
[score_book_oos] fundamental_momentum_extrapolation_fragility failed ("panel lacks required field(s) ['epsEstimate', 'revenueEstimate', 'operatingMargin', 'freeCashFlow', 'roic', 'psRatio', 'evToSales', 'sector']") — skipped
[score_book_oos] cashflow_deterioration_idio_downside_overshoot failed ("panel lacks required field(s) ['sector', 'operatingCashFlow', 'revenue', 'operatingMargin', 'interestCoverage']") — skipped
[score_book_oos] tail_survival_forcedflow_reversal_h6 failed ("panel lacks required field(s) ['revenueGrowth', 'operatingCashFlowGrowth', 'revenueSurprise']") — skipped
[score_book_oos] downside_excitation_fragility_acceleration_h6 failed ("panel lacks required field(s) ['roic', 'currentRatio', 'debtToEquity']") — skipped
[score_book_oos] downside_persistence_fragility_exhaustion failed ("panel lacks required field(s) ['debtToEquity', 'interestCoverage']") — skipped
[score_book_oos] resilient_downside_excitation_cooling_continuati failed ("panel lacks required field(s) ['cashRatio', 'debtToEquity']") — skipped
[score_book_oos] asymmetric_overnight_range_wedge_rebound failed ("panel lacks required field(s) ['sector']") — skipped
[score_book_oos] revision_financing_gated_idio_downside_polarity failed ("panel lacks required field(s) ['sector', 'epsEstimate', 'revenueEstimate', 'sharesGrowth', 'netStockIssuance', 'marketCap', 'freeCashFlowYield']") — skipped
[score_book_oos] scheduled_downside_cooling_information_drift failed ("panel lacks required field(s) ['sector']") — skipped
[score_book_oos] downside_tail_dependence_unpaid_bridge failed ("panel lacks required field(s) ['sector', 'debtToEquity', 'currentRatio']") — skipped
[score_book_oos] robust_tail_equity_supply_reversal failed ("panel lacks required field(s) ['netStockIssuance', 'sharesGrowth', 'marketCap']") — skipped
[score_book_oos] cashcycle_replenishment_rebound_completion failed ("panel lacks required field(s) ['receivables', 'inventory', 'accountsPayable', 'revenue', 'industry']") — skipped
[score_book_oos] idiosyncratic_tail_resilience_absorption_repair failed ("panel lacks required field(s) ['sector', 'operatingCashFlow', 'totalAssets', 'grossMargin', 'freeCashFlowYield', 'evToFreeCashFlow']") — skipped
[score_book_oos] report_clock_tail_network_derisking_gate failed ("panel lacks required field(s) ['sector', 'epsEstimate', 'revenueEstimate', 'epsActual', 'revenueActual', 'epsSurprise']") — skipped
[score_book_oos] anticipated_report_peer_tail_impact_gate failed ("panel lacks required field(s) ['sector', 'epsActual', 'revenueActual']") — skipped
[score_book_oos] volume_clock_signed_flow_schedule_h6 failed ("panel lacks required field(s) ['sector']") — skipped
[score_book_oos] surprise_novelty_absorption_drift failed ("panel lacks required field(s) ['epsSurprise', 'revenueSurprise', 'epsEstimate', 'revenueEstimate']") — skipped
[score_book_oos] industry_turnover_gated_idio_repair failed ("panel lacks required field(s) ['marketCap', 'industry', 'sector']") — skipped
[score_book_oos] latent_impact_absorption_persistence failed ("panel lacks required field(s) ['industry']") — skipped
[score_book_oos] fractional_propagator_flow_debt_reversal failed ("panel lacks required field(s) ['industry']") — skipped
[score_book_oos] sector_relative_opening_auction_rejection_h6 failed ("panel lacks required field(s) ['sector']") — skipped
[score_book_oos] decelerating_execution_debt_reversal failed ("panel lacks required field(s) ['industry']") — skipped
/Users/lucawurker/Desktop/Imperial/Master Thesis/QuantFundAgent/venv/lib/python3.13/site-packages/sklearn/utils/validation.py:2691: UserWarning: X does not have valid feature names, but LGBMRegressor was fitted with feature names
  warnings.warn(
  LOCO 17/62 signed_graph_curvature_residual_diffusion
[score_book_oos] sbc_dilution_acceleration_supply_drift failed ("panel lacks required field(s) ['sector', 'stockBasedCompensation', 'revenue', 'sharesOutstanding', 'sharesGrowth', 'netStockIssuance', 'marketCap', 'shareRepurchase']") — skipped
[score_book_oos] cashflow_quality_confirmed_surprise_drift failed ("panel lacks required field(s) ['epsSurprise', 'epsEstimate', 'incomeQuality']") — skipped
[score_book_oos] fresh_cashflow_confirmed_surprise_drift failed ("panel lacks required field(s) ['epsSurprise', 'revenueSurprise', 'incomeQuality', 'freeCashFlowYield', 'cashConversionCycle']") — skipped
[score_book_oos] cashbacked_asymmetric_surprise_drift_h6 failed ("panel lacks required field(s) ['epsSurprise', 'epsEstimate', 'incomeQuality']") — skipped
[score_book_oos] cash_realization_surprise_disagreement failed ("panel lacks required field(s) ['epsSurprise', 'revenueSurprise', 'epsEstimate', 'revenueEstimate', 'epsActual', 'revenueActual', 'cashConversionCycle', 'incomeQuality', 'receivablesGrowth', 'inventoryGrowth']") — skipped
[score_book_oos] cashcycle_ambiguity_operating_fade failed ("panel lacks required field(s) ['sector', 'daysSalesOutstanding', 'daysInventoryOutstanding', 'incomeQuality', 'revenueGrowth']") — skipped
[score_book_oos] episode_coherence_fresh_revision_gap failed ("panel lacks required field(s) ['epsEstimate', 'revenueEstimate', 'industry']") — skipped
[score_book_oos] fundamental_peer_surprise_transmission_gap failed ("panel lacks required field(s) ['revenueGrowth', 'grossMargin', 'operatingMargin', 'roic', 'debtToEquity', 'epsSurprise', 'revenueSurprise', 'epsEstimate', 'revenueEstimate']") — skipped
[score_book_oos] sector_shock_distributed_lag_unpaid_response failed ("panel lacks required field(s) ['sector']") — skipped
[score_book_oos] stabilized_convex_common_shock_overshoot failed ("panel lacks required field(s) ['industry']") — skipped
[score_book_oos] directed_laggraph_liquidity_unpaid_response failed ("panel lacks required field(s) ['marketCap', 'industry']") — skipped
[score_book_oos] shrunk_directed_lag_liquidity_gap failed ("panel lacks required field(s) ['marketCap', 'industry']") — skipped
[score_book_oos] sector_hawkes_compensator_late_follower failed ("panel lacks required field(s) ['sector', 'currentRatio']") — skipped
[score_book_oos] signed_graph_curvature_residual_diffusion failed ("panel lacks required field(s) ['sector']") — skipped
[score_book_oos] intraday_supply_curve_overshoot_reversal failed ("panel lacks required field(s) ['sector']") — skipped
[score_book_oos] report_assimilation_release_continuation_h6 failed ("panel lacks required field(s) ['epsSurprise', 'epsEstimate', 'epsActual']") — skipped
[score_book_oos] sector_shrunk_mode_follower_relay failed ("panel lacks required field(s) ['sector']") — skipped
[score_book_oos] fresh_cashfunded_upgrade_wedge failed ("panel lacks required field(s) ['epsEstimate', 'freeCashFlow', 'netStockIssuance', 'marketCap']") — skipped
[score_book_oos] tail_survival_capacity_impedance_drift failed ("panel lacks required field(s) ['revenueGrowth', 'operatingCashFlowGrowth', 'revenueSurprise']") — skipped
[score_book_oos] event_freshness_accounting_confirmed_surprise failed ("panel lacks required field(s) ['epsSurprise', 'revenueSurprise', 'epsEstimate', 'revenueEstimate', 'grossMargin', 'operatingCashFlow', 'revenue', 'receivables', 'inventory', 'accountsPayable']") — skipped
[score_book_oos] partial_graph_peer_innovation_catchup failed ("panel lacks required field(s) ['sector']") — skipped
[score_book_oos] quality_regime_conditioned_issuer_distribution failed ("panel lacks required field(s) ['marketCap', 'netStockIssuance', 'sharesGrowth', 'industry', 'sector', 'roic', 'grossMargin', 'earningsYield']") — skipped
[score_book_oos] fresh_expectation_delivery_decay failed ("panel lacks required field(s) ['revenueGrowth', 'freeCashFlowYield', 'incomeQuality', 'sharesGrowth', 'psRatio']") — skipped
[score_book_oos] growth_expectation_convexity_break failed ("panel lacks required field(s) ['psRatio', 'sector', 'revenueGrowth', 'operatingMargin']") — skipped
[score_book_oos] growth_expectation_fresh_delivery_break failed ("panel lacks required field(s) ['psRatio', 'sector', 'revenueGrowth', 'operatingMargin']") — skipped
[score_book_oos] fundamental_momentum_extrapolation_fragility failed ("panel lacks required field(s) ['epsEstimate', 'revenueEstimate', 'operatingMargin', 'freeCashFlow', 'roic', 'psRatio', 'evToSales', 'sector']") — skipped
[score_book_oos] cashflow_deterioration_idio_downside_overshoot failed ("panel lacks required field(s) ['sector', 'operatingCashFlow', 'revenue', 'operatingMargin', 'interestCoverage']") — skipped
[score_book_oos] tail_survival_forcedflow_reversal_h6 failed ("panel lacks required field(s) ['revenueGrowth', 'operatingCashFlowGrowth', 'revenueSurprise']") — skipped
[score_book_oos] downside_excitation_fragility_acceleration_h6 failed ("panel lacks required field(s) ['roic', 'currentRatio', 'debtToEquity']") — skipped
[score_book_oos] downside_persistence_fragility_exhaustion failed ("panel lacks required field(s) ['debtToEquity', 'interestCoverage']") — skipped
[score_book_oos] resilient_downside_excitation_cooling_continuati failed ("panel lacks required field(s) ['cashRatio', 'debtToEquity']") — skipped
[score_book_oos] asymmetric_overnight_range_wedge_rebound failed ("panel lacks required field(s) ['sector']") — skipped
[score_book_oos] revision_financing_gated_idio_downside_polarity failed ("panel lacks required field(s) ['sector', 'epsEstimate', 'revenueEstimate', 'sharesGrowth', 'netStockIssuance', 'marketCap', 'freeCashFlowYield']") — skipped
[score_book_oos] scheduled_downside_cooling_information_drift failed ("panel lacks required field(s) ['sector']") — skipped
[score_book_oos] downside_tail_dependence_unpaid_bridge failed ("panel lacks required field(s) ['sector', 'debtToEquity', 'currentRatio']") — skipped
[score_book_oos] robust_tail_equity_supply_reversal failed ("panel lacks required field(s) ['netStockIssuance', 'sharesGrowth', 'marketCap']") — skipped
[score_book_oos] cashcycle_replenishment_rebound_completion failed ("panel lacks required field(s) ['receivables', 'inventory', 'accountsPayable', 'revenue', 'industry']") — skipped
[score_book_oos] idiosyncratic_tail_resilience_absorption_repair failed ("panel lacks required field(s) ['sector', 'operatingCashFlow', 'totalAssets', 'grossMargin', 'freeCashFlowYield', 'evToFreeCashFlow']") — skipped
[score_book_oos] report_clock_tail_network_derisking_gate failed ("panel lacks required field(s) ['sector', 'epsEstimate', 'revenueEstimate', 'epsActual', 'revenueActual', 'epsSurprise']") — skipped
[score_book_oos] anticipated_report_peer_tail_impact_gate failed ("panel lacks required field(s) ['sector', 'epsActual', 'revenueActual']") — skipped
[score_book_oos] volume_clock_signed_flow_schedule_h6 failed ("panel lacks required field(s) ['sector']") — skipped
[score_book_oos] surprise_novelty_absorption_drift failed ("panel lacks required field(s) ['epsSurprise', 'revenueSurprise', 'epsEstimate', 'revenueEstimate']") — skipped
[score_book_oos] industry_turnover_gated_idio_repair failed ("panel lacks required field(s) ['marketCap', 'industry', 'sector']") — skipped
[score_book_oos] latent_impact_absorption_persistence failed ("panel lacks required field(s) ['industry']") — skipped
[score_book_oos] fractional_propagator_flow_debt_reversal failed ("panel lacks required field(s) ['industry']") — skipped
[score_book_oos] sector_relative_opening_auction_rejection_h6 failed ("panel lacks required field(s) ['sector']") — skipped
[score_book_oos] decelerating_execution_debt_reversal failed ("panel lacks required field(s) ['industry']") — skipped
/Users/lucawurker/Desktop/Imperial/Master Thesis/QuantFundAgent/venv/lib/python3.13/site-packages/sklearn/utils/validation.py:2691: UserWarning: X does not have valid feature names, but LGBMRegressor was fitted with feature names
  warnings.warn(
  LOCO 18/62 factor_premium_dispersion_regime_transfer
[score_book_oos] sbc_dilution_acceleration_supply_drift failed ("panel lacks required field(s) ['sector', 'stockBasedCompensation', 'revenue', 'sharesOutstanding', 'sharesGrowth', 'netStockIssuance', 'marketCap', 'shareRepurchase']") — skipped
[score_book_oos] cashflow_quality_confirmed_surprise_drift failed ("panel lacks required field(s) ['epsSurprise', 'epsEstimate', 'incomeQuality']") — skipped
[score_book_oos] fresh_cashflow_confirmed_surprise_drift failed ("panel lacks required field(s) ['epsSurprise', 'revenueSurprise', 'incomeQuality', 'freeCashFlowYield', 'cashConversionCycle']") — skipped
[score_book_oos] cashbacked_asymmetric_surprise_drift_h6 failed ("panel lacks required field(s) ['epsSurprise', 'epsEstimate', 'incomeQuality']") — skipped
[score_book_oos] cash_realization_surprise_disagreement failed ("panel lacks required field(s) ['epsSurprise', 'revenueSurprise', 'epsEstimate', 'revenueEstimate', 'epsActual', 'revenueActual', 'cashConversionCycle', 'incomeQuality', 'receivablesGrowth', 'inventoryGrowth']") — skipped
[score_book_oos] cashcycle_ambiguity_operating_fade failed ("panel lacks required field(s) ['sector', 'daysSalesOutstanding', 'daysInventoryOutstanding', 'incomeQuality', 'revenueGrowth']") — skipped
[score_book_oos] episode_coherence_fresh_revision_gap failed ("panel lacks required field(s) ['epsEstimate', 'revenueEstimate', 'industry']") — skipped
[score_book_oos] fundamental_peer_surprise_transmission_gap failed ("panel lacks required field(s) ['revenueGrowth', 'grossMargin', 'operatingMargin', 'roic', 'debtToEquity', 'epsSurprise', 'revenueSurprise', 'epsEstimate', 'revenueEstimate']") — skipped
[score_book_oos] sector_shock_distributed_lag_unpaid_response failed ("panel lacks required field(s) ['sector']") — skipped
[score_book_oos] stabilized_convex_common_shock_overshoot failed ("panel lacks required field(s) ['industry']") — skipped
[score_book_oos] directed_laggraph_liquidity_unpaid_response failed ("panel lacks required field(s) ['marketCap', 'industry']") — skipped
[score_book_oos] shrunk_directed_lag_liquidity_gap failed ("panel lacks required field(s) ['marketCap', 'industry']") — skipped
[score_book_oos] sector_hawkes_compensator_late_follower failed ("panel lacks required field(s) ['sector', 'currentRatio']") — skipped
[score_book_oos] signed_graph_curvature_residual_diffusion failed ("panel lacks required field(s) ['sector']") — skipped
[score_book_oos] factor_premium_dispersion_regime_transfer failed ("panel lacks required field(s) ['sector', 'freeCashFlowYield', 'roe', 'roic', 'incomeQuality', 'assetGrowth', 'debtGrowth', 'sharesGrowth']") — skipped
[score_book_oos] intraday_supply_curve_overshoot_reversal failed ("panel lacks required field(s) ['sector']") — skipped
[score_book_oos] report_assimilation_release_continuation_h6 failed ("panel lacks required field(s) ['epsSurprise', 'epsEstimate', 'epsActual']") — skipped
[score_book_oos] sector_shrunk_mode_follower_relay failed ("panel lacks required field(s) ['sector']") — skipped
[score_book_oos] fresh_cashfunded_upgrade_wedge failed ("panel lacks required field(s) ['epsEstimate', 'freeCashFlow', 'netStockIssuance', 'marketCap']") — skipped
[score_book_oos] tail_survival_capacity_impedance_drift failed ("panel lacks required field(s) ['revenueGrowth', 'operatingCashFlowGrowth', 'revenueSurprise']") — skipped
[score_book_oos] event_freshness_accounting_confirmed_surprise failed ("panel lacks required field(s) ['epsSurprise', 'revenueSurprise', 'epsEstimate', 'revenueEstimate', 'grossMargin', 'operatingCashFlow', 'revenue', 'receivables', 'inventory', 'accountsPayable']") — skipped
[score_book_oos] partial_graph_peer_innovation_catchup failed ("panel lacks required field(s) ['sector']") — skipped
[score_book_oos] quality_regime_conditioned_issuer_distribution failed ("panel lacks required field(s) ['marketCap', 'netStockIssuance', 'sharesGrowth', 'industry', 'sector', 'roic', 'grossMargin', 'earningsYield']") — skipped
[score_book_oos] fresh_expectation_delivery_decay failed ("panel lacks required field(s) ['revenueGrowth', 'freeCashFlowYield', 'incomeQuality', 'sharesGrowth', 'psRatio']") — skipped
[score_book_oos] growth_expectation_convexity_break failed ("panel lacks required field(s) ['psRatio', 'sector', 'revenueGrowth', 'operatingMargin']") — skipped
[score_book_oos] growth_expectation_fresh_delivery_break failed ("panel lacks required field(s) ['psRatio', 'sector', 'revenueGrowth', 'operatingMargin']") — skipped
[score_book_oos] fundamental_momentum_extrapolation_fragility failed ("panel lacks required field(s) ['epsEstimate', 'revenueEstimate', 'operatingMargin', 'freeCashFlow', 'roic', 'psRatio', 'evToSales', 'sector']") — skipped
[score_book_oos] cashflow_deterioration_idio_downside_overshoot failed ("panel lacks required field(s) ['sector', 'operatingCashFlow', 'revenue', 'operatingMargin', 'interestCoverage']") — skipped
[score_book_oos] tail_survival_forcedflow_reversal_h6 failed ("panel lacks required field(s) ['revenueGrowth', 'operatingCashFlowGrowth', 'revenueSurprise']") — skipped
[score_book_oos] downside_excitation_fragility_acceleration_h6 failed ("panel lacks required field(s) ['roic', 'currentRatio', 'debtToEquity']") — skipped
[score_book_oos] downside_persistence_fragility_exhaustion failed ("panel lacks required field(s) ['debtToEquity', 'interestCoverage']") — skipped
[score_book_oos] resilient_downside_excitation_cooling_continuati failed ("panel lacks required field(s) ['cashRatio', 'debtToEquity']") — skipped
[score_book_oos] asymmetric_overnight_range_wedge_rebound failed ("panel lacks required field(s) ['sector']") — skipped
[score_book_oos] revision_financing_gated_idio_downside_polarity failed ("panel lacks required field(s) ['sector', 'epsEstimate', 'revenueEstimate', 'sharesGrowth', 'netStockIssuance', 'marketCap', 'freeCashFlowYield']") — skipped
[score_book_oos] scheduled_downside_cooling_information_drift failed ("panel lacks required field(s) ['sector']") — skipped
[score_book_oos] downside_tail_dependence_unpaid_bridge failed ("panel lacks required field(s) ['sector', 'debtToEquity', 'currentRatio']") — skipped
[score_book_oos] robust_tail_equity_supply_reversal failed ("panel lacks required field(s) ['netStockIssuance', 'sharesGrowth', 'marketCap']") — skipped
[score_book_oos] cashcycle_replenishment_rebound_completion failed ("panel lacks required field(s) ['receivables', 'inventory', 'accountsPayable', 'revenue', 'industry']") — skipped
[score_book_oos] idiosyncratic_tail_resilience_absorption_repair failed ("panel lacks required field(s) ['sector', 'operatingCashFlow', 'totalAssets', 'grossMargin', 'freeCashFlowYield', 'evToFreeCashFlow']") — skipped
[score_book_oos] report_clock_tail_network_derisking_gate failed ("panel lacks required field(s) ['sector', 'epsEstimate', 'revenueEstimate', 'epsActual', 'revenueActual', 'epsSurprise']") — skipped
[score_book_oos] anticipated_report_peer_tail_impact_gate failed ("panel lacks required field(s) ['sector', 'epsActual', 'revenueActual']") — skipped
[score_book_oos] volume_clock_signed_flow_schedule_h6 failed ("panel lacks required field(s) ['sector']") — skipped
[score_book_oos] surprise_novelty_absorption_drift failed ("panel lacks required field(s) ['epsSurprise', 'revenueSurprise', 'epsEstimate', 'revenueEstimate']") — skipped
[score_book_oos] industry_turnover_gated_idio_repair failed ("panel lacks required field(s) ['marketCap', 'industry', 'sector']") — skipped
[score_book_oos] latent_impact_absorption_persistence failed ("panel lacks required field(s) ['industry']") — skipped
[score_book_oos] fractional_propagator_flow_debt_reversal failed ("panel lacks required field(s) ['industry']") — skipped
[score_book_oos] sector_relative_opening_auction_rejection_h6 failed ("panel lacks required field(s) ['sector']") — skipped
[score_book_oos] decelerating_execution_debt_reversal failed ("panel lacks required field(s) ['industry']") — skipped
/Users/lucawurker/Desktop/Imperial/Master Thesis/QuantFundAgent/venv/lib/python3.13/site-packages/sklearn/utils/validation.py:2691: UserWarning: X does not have valid feature names, but LGBMRegressor was fitted with feature names
  warnings.warn(
  LOCO 19/62 relaxation_time_orderflow_persistence_drift
[score_book_oos] sbc_dilution_acceleration_supply_drift failed ("panel lacks required field(s) ['sector', 'stockBasedCompensation', 'revenue', 'sharesOutstanding', 'sharesGrowth', 'netStockIssuance', 'marketCap', 'shareRepurchase']") — skipped
[score_book_oos] cashflow_quality_confirmed_surprise_drift failed ("panel lacks required field(s) ['epsSurprise', 'epsEstimate', 'incomeQuality']") — skipped
[score_book_oos] fresh_cashflow_confirmed_surprise_drift failed ("panel lacks required field(s) ['epsSurprise', 'revenueSurprise', 'incomeQuality', 'freeCashFlowYield', 'cashConversionCycle']") — skipped
[score_book_oos] cashbacked_asymmetric_surprise_drift_h6 failed ("panel lacks required field(s) ['epsSurprise', 'epsEstimate', 'incomeQuality']") — skipped
[score_book_oos] cash_realization_surprise_disagreement failed ("panel lacks required field(s) ['epsSurprise', 'revenueSurprise', 'epsEstimate', 'revenueEstimate', 'epsActual', 'revenueActual', 'cashConversionCycle', 'incomeQuality', 'receivablesGrowth', 'inventoryGrowth']") — skipped
[score_book_oos] cashcycle_ambiguity_operating_fade failed ("panel lacks required field(s) ['sector', 'daysSalesOutstanding', 'daysInventoryOutstanding', 'incomeQuality', 'revenueGrowth']") — skipped
[score_book_oos] episode_coherence_fresh_revision_gap failed ("panel lacks required field(s) ['epsEstimate', 'revenueEstimate', 'industry']") — skipped
[score_book_oos] fundamental_peer_surprise_transmission_gap failed ("panel lacks required field(s) ['revenueGrowth', 'grossMargin', 'operatingMargin', 'roic', 'debtToEquity', 'epsSurprise', 'revenueSurprise', 'epsEstimate', 'revenueEstimate']") — skipped
[score_book_oos] sector_shock_distributed_lag_unpaid_response failed ("panel lacks required field(s) ['sector']") — skipped
[score_book_oos] stabilized_convex_common_shock_overshoot failed ("panel lacks required field(s) ['industry']") — skipped
[score_book_oos] directed_laggraph_liquidity_unpaid_response failed ("panel lacks required field(s) ['marketCap', 'industry']") — skipped
[score_book_oos] shrunk_directed_lag_liquidity_gap failed ("panel lacks required field(s) ['marketCap', 'industry']") — skipped
[score_book_oos] sector_hawkes_compensator_late_follower failed ("panel lacks required field(s) ['sector', 'currentRatio']") — skipped
[score_book_oos] signed_graph_curvature_residual_diffusion failed ("panel lacks required field(s) ['sector']") — skipped
[score_book_oos] factor_premium_dispersion_regime_transfer failed ("panel lacks required field(s) ['sector', 'freeCashFlowYield', 'roe', 'roic', 'incomeQuality', 'assetGrowth', 'debtGrowth', 'sharesGrowth']") — skipped
[score_book_oos] intraday_supply_curve_overshoot_reversal failed ("panel lacks required field(s) ['sector']") — skipped
[score_book_oos] report_assimilation_release_continuation_h6 failed ("panel lacks required field(s) ['epsSurprise', 'epsEstimate', 'epsActual']") — skipped
[score_book_oos] sector_shrunk_mode_follower_relay failed ("panel lacks required field(s) ['sector']") — skipped
[score_book_oos] fresh_cashfunded_upgrade_wedge failed ("panel lacks required field(s) ['epsEstimate', 'freeCashFlow', 'netStockIssuance', 'marketCap']") — skipped
[score_book_oos] tail_survival_capacity_impedance_drift failed ("panel lacks required field(s) ['revenueGrowth', 'operatingCashFlowGrowth', 'revenueSurprise']") — skipped
[score_book_oos] event_freshness_accounting_confirmed_surprise failed ("panel lacks required field(s) ['epsSurprise', 'revenueSurprise', 'epsEstimate', 'revenueEstimate', 'grossMargin', 'operatingCashFlow', 'revenue', 'receivables', 'inventory', 'accountsPayable']") — skipped
[score_book_oos] partial_graph_peer_innovation_catchup failed ("panel lacks required field(s) ['sector']") — skipped
[score_book_oos] quality_regime_conditioned_issuer_distribution failed ("panel lacks required field(s) ['marketCap', 'netStockIssuance', 'sharesGrowth', 'industry', 'sector', 'roic', 'grossMargin', 'earningsYield']") — skipped
[score_book_oos] fresh_expectation_delivery_decay failed ("panel lacks required field(s) ['revenueGrowth', 'freeCashFlowYield', 'incomeQuality', 'sharesGrowth', 'psRatio']") — skipped
[score_book_oos] growth_expectation_convexity_break failed ("panel lacks required field(s) ['psRatio', 'sector', 'revenueGrowth', 'operatingMargin']") — skipped
[score_book_oos] growth_expectation_fresh_delivery_break failed ("panel lacks required field(s) ['psRatio', 'sector', 'revenueGrowth', 'operatingMargin']") — skipped
[score_book_oos] fundamental_momentum_extrapolation_fragility failed ("panel lacks required field(s) ['epsEstimate', 'revenueEstimate', 'operatingMargin', 'freeCashFlow', 'roic', 'psRatio', 'evToSales', 'sector']") — skipped
[score_book_oos] cashflow_deterioration_idio_downside_overshoot failed ("panel lacks required field(s) ['sector', 'operatingCashFlow', 'revenue', 'operatingMargin', 'interestCoverage']") — skipped
[score_book_oos] tail_survival_forcedflow_reversal_h6 failed ("panel lacks required field(s) ['revenueGrowth', 'operatingCashFlowGrowth', 'revenueSurprise']") — skipped
[score_book_oos] downside_excitation_fragility_acceleration_h6 failed ("panel lacks required field(s) ['roic', 'currentRatio', 'debtToEquity']") — skipped
[score_book_oos] downside_persistence_fragility_exhaustion failed ("panel lacks required field(s) ['debtToEquity', 'interestCoverage']") — skipped
[score_book_oos] resilient_downside_excitation_cooling_continuati failed ("panel lacks required field(s) ['cashRatio', 'debtToEquity']") — skipped
[score_book_oos] asymmetric_overnight_range_wedge_rebound failed ("panel lacks required field(s) ['sector']") — skipped
[score_book_oos] revision_financing_gated_idio_downside_polarity failed ("panel lacks required field(s) ['sector', 'epsEstimate', 'revenueEstimate', 'sharesGrowth', 'netStockIssuance', 'marketCap', 'freeCashFlowYield']") — skipped
[score_book_oos] scheduled_downside_cooling_information_drift failed ("panel lacks required field(s) ['sector']") — skipped
[score_book_oos] downside_tail_dependence_unpaid_bridge failed ("panel lacks required field(s) ['sector', 'debtToEquity', 'currentRatio']") — skipped
[score_book_oos] robust_tail_equity_supply_reversal failed ("panel lacks required field(s) ['netStockIssuance', 'sharesGrowth', 'marketCap']") — skipped
[score_book_oos] cashcycle_replenishment_rebound_completion failed ("panel lacks required field(s) ['receivables', 'inventory', 'accountsPayable', 'revenue', 'industry']") — skipped
[score_book_oos] idiosyncratic_tail_resilience_absorption_repair failed ("panel lacks required field(s) ['sector', 'operatingCashFlow', 'totalAssets', 'grossMargin', 'freeCashFlowYield', 'evToFreeCashFlow']") — skipped
[score_book_oos] report_clock_tail_network_derisking_gate failed ("panel lacks required field(s) ['sector', 'epsEstimate', 'revenueEstimate', 'epsActual', 'revenueActual', 'epsSurprise']") — skipped
[score_book_oos] anticipated_report_peer_tail_impact_gate failed ("panel lacks required field(s) ['sector', 'epsActual', 'revenueActual']") — skipped
[score_book_oos] volume_clock_signed_flow_schedule_h6 failed ("panel lacks required field(s) ['sector']") — skipped
[score_book_oos] surprise_novelty_absorption_drift failed ("panel lacks required field(s) ['epsSurprise', 'revenueSurprise', 'epsEstimate', 'revenueEstimate']") — skipped
[score_book_oos] industry_turnover_gated_idio_repair failed ("panel lacks required field(s) ['marketCap', 'industry', 'sector']") — skipped
[score_book_oos] latent_impact_absorption_persistence failed ("panel lacks required field(s) ['industry']") — skipped
[score_book_oos] fractional_propagator_flow_debt_reversal failed ("panel lacks required field(s) ['industry']") — skipped
[score_book_oos] sector_relative_opening_auction_rejection_h6 failed ("panel lacks required field(s) ['sector']") — skipped
[score_book_oos] decelerating_execution_debt_reversal failed ("panel lacks required field(s) ['industry']") — skipped
/Users/lucawurker/Desktop/Imperial/Master Thesis/QuantFundAgent/venv/lib/python3.13/site-packages/sklearn/utils/validation.py:2691: UserWarning: X does not have valid feature names, but LGBMRegressor was fitted with feature names
  warnings.warn(
  LOCO 20/62 persistent_liquidity_commonality_derisking
[score_book_oos] sbc_dilution_acceleration_supply_drift failed ("panel lacks required field(s) ['sector', 'stockBasedCompensation', 'revenue', 'sharesOutstanding', 'sharesGrowth', 'netStockIssuance', 'marketCap', 'shareRepurchase']") — skipped
[score_book_oos] cashflow_quality_confirmed_surprise_drift failed ("panel lacks required field(s) ['epsSurprise', 'epsEstimate', 'incomeQuality']") — skipped
[score_book_oos] fresh_cashflow_confirmed_surprise_drift failed ("panel lacks required field(s) ['epsSurprise', 'revenueSurprise', 'incomeQuality', 'freeCashFlowYield', 'cashConversionCycle']") — skipped
[score_book_oos] cashbacked_asymmetric_surprise_drift_h6 failed ("panel lacks required field(s) ['epsSurprise', 'epsEstimate', 'incomeQuality']") — skipped
[score_book_oos] cash_realization_surprise_disagreement failed ("panel lacks required field(s) ['epsSurprise', 'revenueSurprise', 'epsEstimate', 'revenueEstimate', 'epsActual', 'revenueActual', 'cashConversionCycle', 'incomeQuality', 'receivablesGrowth', 'inventoryGrowth']") — skipped
[score_book_oos] cashcycle_ambiguity_operating_fade failed ("panel lacks required field(s) ['sector', 'daysSalesOutstanding', 'daysInventoryOutstanding', 'incomeQuality', 'revenueGrowth']") — skipped
[score_book_oos] episode_coherence_fresh_revision_gap failed ("panel lacks required field(s) ['epsEstimate', 'revenueEstimate', 'industry']") — skipped
[score_book_oos] fundamental_peer_surprise_transmission_gap failed ("panel lacks required field(s) ['revenueGrowth', 'grossMargin', 'operatingMargin', 'roic', 'debtToEquity', 'epsSurprise', 'revenueSurprise', 'epsEstimate', 'revenueEstimate']") — skipped
[score_book_oos] sector_shock_distributed_lag_unpaid_response failed ("panel lacks required field(s) ['sector']") — skipped
[score_book_oos] stabilized_convex_common_shock_overshoot failed ("panel lacks required field(s) ['industry']") — skipped
[score_book_oos] directed_laggraph_liquidity_unpaid_response failed ("panel lacks required field(s) ['marketCap', 'industry']") — skipped
[score_book_oos] shrunk_directed_lag_liquidity_gap failed ("panel lacks required field(s) ['marketCap', 'industry']") — skipped
[score_book_oos] sector_hawkes_compensator_late_follower failed ("panel lacks required field(s) ['sector', 'currentRatio']") — skipped
[score_book_oos] signed_graph_curvature_residual_diffusion failed ("panel lacks required field(s) ['sector']") — skipped
[score_book_oos] factor_premium_dispersion_regime_transfer failed ("panel lacks required field(s) ['sector', 'freeCashFlowYield', 'roe', 'roic', 'incomeQuality', 'assetGrowth', 'debtGrowth', 'sharesGrowth']") — skipped
[score_book_oos] report_assimilation_release_continuation_h6 failed ("panel lacks required field(s) ['epsSurprise', 'epsEstimate', 'epsActual']") — skipped
[score_book_oos] sector_shrunk_mode_follower_relay failed ("panel lacks required field(s) ['sector']") — skipped
[score_book_oos] fresh_cashfunded_upgrade_wedge failed ("panel lacks required field(s) ['epsEstimate', 'freeCashFlow', 'netStockIssuance', 'marketCap']") — skipped
[score_book_oos] tail_survival_capacity_impedance_drift failed ("panel lacks required field(s) ['revenueGrowth', 'operatingCashFlowGrowth', 'revenueSurprise']") — skipped
[score_book_oos] event_freshness_accounting_confirmed_surprise failed ("panel lacks required field(s) ['epsSurprise', 'revenueSurprise', 'epsEstimate', 'revenueEstimate', 'grossMargin', 'operatingCashFlow', 'revenue', 'receivables', 'inventory', 'accountsPayable']") — skipped
[score_book_oos] partial_graph_peer_innovation_catchup failed ("panel lacks required field(s) ['sector']") — skipped
[score_book_oos] quality_regime_conditioned_issuer_distribution failed ("panel lacks required field(s) ['marketCap', 'netStockIssuance', 'sharesGrowth', 'industry', 'sector', 'roic', 'grossMargin', 'earningsYield']") — skipped
[score_book_oos] fresh_expectation_delivery_decay failed ("panel lacks required field(s) ['revenueGrowth', 'freeCashFlowYield', 'incomeQuality', 'sharesGrowth', 'psRatio']") — skipped
[score_book_oos] growth_expectation_convexity_break failed ("panel lacks required field(s) ['psRatio', 'sector', 'revenueGrowth', 'operatingMargin']") — skipped
[score_book_oos] growth_expectation_fresh_delivery_break failed ("panel lacks required field(s) ['psRatio', 'sector', 'revenueGrowth', 'operatingMargin']") — skipped
[score_book_oos] fundamental_momentum_extrapolation_fragility failed ("panel lacks required field(s) ['epsEstimate', 'revenueEstimate', 'operatingMargin', 'freeCashFlow', 'roic', 'psRatio', 'evToSales', 'sector']") — skipped
[score_book_oos] cashflow_deterioration_idio_downside_overshoot failed ("panel lacks required field(s) ['sector', 'operatingCashFlow', 'revenue', 'operatingMargin', 'interestCoverage']") — skipped
[score_book_oos] tail_survival_forcedflow_reversal_h6 failed ("panel lacks required field(s) ['revenueGrowth', 'operatingCashFlowGrowth', 'revenueSurprise']") — skipped
[score_book_oos] downside_excitation_fragility_acceleration_h6 failed ("panel lacks required field(s) ['roic', 'currentRatio', 'debtToEquity']") — skipped
[score_book_oos] downside_persistence_fragility_exhaustion failed ("panel lacks required field(s) ['debtToEquity', 'interestCoverage']") — skipped
[score_book_oos] resilient_downside_excitation_cooling_continuati failed ("panel lacks required field(s) ['cashRatio', 'debtToEquity']") — skipped
[score_book_oos] asymmetric_overnight_range_wedge_rebound failed ("panel lacks required field(s) ['sector']") — skipped
[score_book_oos] revision_financing_gated_idio_downside_polarity failed ("panel lacks required field(s) ['sector', 'epsEstimate', 'revenueEstimate', 'sharesGrowth', 'netStockIssuance', 'marketCap', 'freeCashFlowYield']") — skipped
[score_book_oos] scheduled_downside_cooling_information_drift failed ("panel lacks required field(s) ['sector']") — skipped
[score_book_oos] downside_tail_dependence_unpaid_bridge failed ("panel lacks required field(s) ['sector', 'debtToEquity', 'currentRatio']") — skipped
[score_book_oos] robust_tail_equity_supply_reversal failed ("panel lacks required field(s) ['netStockIssuance', 'sharesGrowth', 'marketCap']") — skipped
[score_book_oos] cashcycle_replenishment_rebound_completion failed ("panel lacks required field(s) ['receivables', 'inventory', 'accountsPayable', 'revenue', 'industry']") — skipped
[score_book_oos] idiosyncratic_tail_resilience_absorption_repair failed ("panel lacks required field(s) ['sector', 'operatingCashFlow', 'totalAssets', 'grossMargin', 'freeCashFlowYield', 'evToFreeCashFlow']") — skipped
[score_book_oos] report_clock_tail_network_derisking_gate failed ("panel lacks required field(s) ['sector', 'epsEstimate', 'revenueEstimate', 'epsActual', 'revenueActual', 'epsSurprise']") — skipped
[score_book_oos] anticipated_report_peer_tail_impact_gate failed ("panel lacks required field(s) ['sector', 'epsActual', 'revenueActual']") — skipped
[score_book_oos] volume_clock_signed_flow_schedule_h6 failed ("panel lacks required field(s) ['sector']") — skipped
[score_book_oos] surprise_novelty_absorption_drift failed ("panel lacks required field(s) ['epsSurprise', 'revenueSurprise', 'epsEstimate', 'revenueEstimate']") — skipped
[score_book_oos] industry_turnover_gated_idio_repair failed ("panel lacks required field(s) ['marketCap', 'industry', 'sector']") — skipped
[score_book_oos] latent_impact_absorption_persistence failed ("panel lacks required field(s) ['industry']") — skipped
[score_book_oos] fractional_propagator_flow_debt_reversal failed ("panel lacks required field(s) ['industry']") — skipped
[score_book_oos] sector_relative_opening_auction_rejection_h6 failed ("panel lacks required field(s) ['sector']") — skipped
[score_book_oos] decelerating_execution_debt_reversal failed ("panel lacks required field(s) ['industry']") — skipped
/Users/lucawurker/Desktop/Imperial/Master Thesis/QuantFundAgent/venv/lib/python3.13/site-packages/sklearn/utils/validation.py:2691: UserWarning: X does not have valid feature names, but LGBMRegressor was fitted with feature names
  warnings.warn(
  LOCO 21/62 intraday_supply_curve_overshoot_reversal
[score_book_oos] sbc_dilution_acceleration_supply_drift failed ("panel lacks required field(s) ['sector', 'stockBasedCompensation', 'revenue', 'sharesOutstanding', 'sharesGrowth', 'netStockIssuance', 'marketCap', 'shareRepurchase']") — skipped
[score_book_oos] cashflow_quality_confirmed_surprise_drift failed ("panel lacks required field(s) ['epsSurprise', 'epsEstimate', 'incomeQuality']") — skipped
[score_book_oos] fresh_cashflow_confirmed_surprise_drift failed ("panel lacks required field(s) ['epsSurprise', 'revenueSurprise', 'incomeQuality', 'freeCashFlowYield', 'cashConversionCycle']") — skipped
[score_book_oos] cashbacked_asymmetric_surprise_drift_h6 failed ("panel lacks required field(s) ['epsSurprise', 'epsEstimate', 'incomeQuality']") — skipped
[score_book_oos] cash_realization_surprise_disagreement failed ("panel lacks required field(s) ['epsSurprise', 'revenueSurprise', 'epsEstimate', 'revenueEstimate', 'epsActual', 'revenueActual', 'cashConversionCycle', 'incomeQuality', 'receivablesGrowth', 'inventoryGrowth']") — skipped
[score_book_oos] cashcycle_ambiguity_operating_fade failed ("panel lacks required field(s) ['sector', 'daysSalesOutstanding', 'daysInventoryOutstanding', 'incomeQuality', 'revenueGrowth']") — skipped
[score_book_oos] episode_coherence_fresh_revision_gap failed ("panel lacks required field(s) ['epsEstimate', 'revenueEstimate', 'industry']") — skipped
[score_book_oos] fundamental_peer_surprise_transmission_gap failed ("panel lacks required field(s) ['revenueGrowth', 'grossMargin', 'operatingMargin', 'roic', 'debtToEquity', 'epsSurprise', 'revenueSurprise', 'epsEstimate', 'revenueEstimate']") — skipped
[score_book_oos] sector_shock_distributed_lag_unpaid_response failed ("panel lacks required field(s) ['sector']") — skipped
[score_book_oos] stabilized_convex_common_shock_overshoot failed ("panel lacks required field(s) ['industry']") — skipped
[score_book_oos] directed_laggraph_liquidity_unpaid_response failed ("panel lacks required field(s) ['marketCap', 'industry']") — skipped
[score_book_oos] shrunk_directed_lag_liquidity_gap failed ("panel lacks required field(s) ['marketCap', 'industry']") — skipped
[score_book_oos] sector_hawkes_compensator_late_follower failed ("panel lacks required field(s) ['sector', 'currentRatio']") — skipped
[score_book_oos] signed_graph_curvature_residual_diffusion failed ("panel lacks required field(s) ['sector']") — skipped
[score_book_oos] factor_premium_dispersion_regime_transfer failed ("panel lacks required field(s) ['sector', 'freeCashFlowYield', 'roe', 'roic', 'incomeQuality', 'assetGrowth', 'debtGrowth', 'sharesGrowth']") — skipped
[score_book_oos] intraday_supply_curve_overshoot_reversal failed ("panel lacks required field(s) ['sector']") — skipped
[score_book_oos] report_assimilation_release_continuation_h6 failed ("panel lacks required field(s) ['epsSurprise', 'epsEstimate', 'epsActual']") — skipped
[score_book_oos] sector_shrunk_mode_follower_relay failed ("panel lacks required field(s) ['sector']") — skipped
[score_book_oos] fresh_cashfunded_upgrade_wedge failed ("panel lacks required field(s) ['epsEstimate', 'freeCashFlow', 'netStockIssuance', 'marketCap']") — skipped
[score_book_oos] tail_survival_capacity_impedance_drift failed ("panel lacks required field(s) ['revenueGrowth', 'operatingCashFlowGrowth', 'revenueSurprise']") — skipped
[score_book_oos] event_freshness_accounting_confirmed_surprise failed ("panel lacks required field(s) ['epsSurprise', 'revenueSurprise', 'epsEstimate', 'revenueEstimate', 'grossMargin', 'operatingCashFlow', 'revenue', 'receivables', 'inventory', 'accountsPayable']") — skipped
[score_book_oos] partial_graph_peer_innovation_catchup failed ("panel lacks required field(s) ['sector']") — skipped
[score_book_oos] quality_regime_conditioned_issuer_distribution failed ("panel lacks required field(s) ['marketCap', 'netStockIssuance', 'sharesGrowth', 'industry', 'sector', 'roic', 'grossMargin', 'earningsYield']") — skipped
[score_book_oos] fresh_expectation_delivery_decay failed ("panel lacks required field(s) ['revenueGrowth', 'freeCashFlowYield', 'incomeQuality', 'sharesGrowth', 'psRatio']") — skipped
[score_book_oos] growth_expectation_convexity_break failed ("panel lacks required field(s) ['psRatio', 'sector', 'revenueGrowth', 'operatingMargin']") — skipped
[score_book_oos] growth_expectation_fresh_delivery_break failed ("panel lacks required field(s) ['psRatio', 'sector', 'revenueGrowth', 'operatingMargin']") — skipped
[score_book_oos] fundamental_momentum_extrapolation_fragility failed ("panel lacks required field(s) ['epsEstimate', 'revenueEstimate', 'operatingMargin', 'freeCashFlow', 'roic', 'psRatio', 'evToSales', 'sector']") — skipped
[score_book_oos] cashflow_deterioration_idio_downside_overshoot failed ("panel lacks required field(s) ['sector', 'operatingCashFlow', 'revenue', 'operatingMargin', 'interestCoverage']") — skipped
[score_book_oos] tail_survival_forcedflow_reversal_h6 failed ("panel lacks required field(s) ['revenueGrowth', 'operatingCashFlowGrowth', 'revenueSurprise']") — skipped
[score_book_oos] downside_excitation_fragility_acceleration_h6 failed ("panel lacks required field(s) ['roic', 'currentRatio', 'debtToEquity']") — skipped
[score_book_oos] downside_persistence_fragility_exhaustion failed ("panel lacks required field(s) ['debtToEquity', 'interestCoverage']") — skipped
[score_book_oos] resilient_downside_excitation_cooling_continuati failed ("panel lacks required field(s) ['cashRatio', 'debtToEquity']") — skipped
[score_book_oos] asymmetric_overnight_range_wedge_rebound failed ("panel lacks required field(s) ['sector']") — skipped
[score_book_oos] revision_financing_gated_idio_downside_polarity failed ("panel lacks required field(s) ['sector', 'epsEstimate', 'revenueEstimate', 'sharesGrowth', 'netStockIssuance', 'marketCap', 'freeCashFlowYield']") — skipped
[score_book_oos] scheduled_downside_cooling_information_drift failed ("panel lacks required field(s) ['sector']") — skipped
[score_book_oos] downside_tail_dependence_unpaid_bridge failed ("panel lacks required field(s) ['sector', 'debtToEquity', 'currentRatio']") — skipped
[score_book_oos] robust_tail_equity_supply_reversal failed ("panel lacks required field(s) ['netStockIssuance', 'sharesGrowth', 'marketCap']") — skipped
[score_book_oos] cashcycle_replenishment_rebound_completion failed ("panel lacks required field(s) ['receivables', 'inventory', 'accountsPayable', 'revenue', 'industry']") — skipped
[score_book_oos] idiosyncratic_tail_resilience_absorption_repair failed ("panel lacks required field(s) ['sector', 'operatingCashFlow', 'totalAssets', 'grossMargin', 'freeCashFlowYield', 'evToFreeCashFlow']") — skipped
[score_book_oos] report_clock_tail_network_derisking_gate failed ("panel lacks required field(s) ['sector', 'epsEstimate', 'revenueEstimate', 'epsActual', 'revenueActual', 'epsSurprise']") — skipped
[score_book_oos] anticipated_report_peer_tail_impact_gate failed ("panel lacks required field(s) ['sector', 'epsActual', 'revenueActual']") — skipped
[score_book_oos] volume_clock_signed_flow_schedule_h6 failed ("panel lacks required field(s) ['sector']") — skipped
[score_book_oos] surprise_novelty_absorption_drift failed ("panel lacks required field(s) ['epsSurprise', 'revenueSurprise', 'epsEstimate', 'revenueEstimate']") — skipped
[score_book_oos] industry_turnover_gated_idio_repair failed ("panel lacks required field(s) ['marketCap', 'industry', 'sector']") — skipped
[score_book_oos] latent_impact_absorption_persistence failed ("panel lacks required field(s) ['industry']") — skipped
[score_book_oos] fractional_propagator_flow_debt_reversal failed ("panel lacks required field(s) ['industry']") — skipped
[score_book_oos] sector_relative_opening_auction_rejection_h6 failed ("panel lacks required field(s) ['sector']") — skipped
[score_book_oos] decelerating_execution_debt_reversal failed ("panel lacks required field(s) ['industry']") — skipped
/Users/lucawurker/Desktop/Imperial/Master Thesis/QuantFundAgent/venv/lib/python3.13/site-packages/sklearn/utils/validation.py:2691: UserWarning: X does not have valid feature names, but LGBMRegressor was fitted with feature names
  warnings.warn(
  LOCO 22/62 thin_side_sqrt_impact_impulse_h6
[score_book_oos] sbc_dilution_acceleration_supply_drift failed ("panel lacks required field(s) ['sector', 'stockBasedCompensation', 'revenue', 'sharesOutstanding', 'sharesGrowth', 'netStockIssuance', 'marketCap', 'shareRepurchase']") — skipped
[score_book_oos] cashflow_quality_confirmed_surprise_drift failed ("panel lacks required field(s) ['epsSurprise', 'epsEstimate', 'incomeQuality']") — skipped
[score_book_oos] fresh_cashflow_confirmed_surprise_drift failed ("panel lacks required field(s) ['epsSurprise', 'revenueSurprise', 'incomeQuality', 'freeCashFlowYield', 'cashConversionCycle']") — skipped
[score_book_oos] cashbacked_asymmetric_surprise_drift_h6 failed ("panel lacks required field(s) ['epsSurprise', 'epsEstimate', 'incomeQuality']") — skipped
[score_book_oos] cash_realization_surprise_disagreement failed ("panel lacks required field(s) ['epsSurprise', 'revenueSurprise', 'epsEstimate', 'revenueEstimate', 'epsActual', 'revenueActual', 'cashConversionCycle', 'incomeQuality', 'receivablesGrowth', 'inventoryGrowth']") — skipped
[score_book_oos] cashcycle_ambiguity_operating_fade failed ("panel lacks required field(s) ['sector', 'daysSalesOutstanding', 'daysInventoryOutstanding', 'incomeQuality', 'revenueGrowth']") — skipped
[score_book_oos] episode_coherence_fresh_revision_gap failed ("panel lacks required field(s) ['epsEstimate', 'revenueEstimate', 'industry']") — skipped
[score_book_oos] fundamental_peer_surprise_transmission_gap failed ("panel lacks required field(s) ['revenueGrowth', 'grossMargin', 'operatingMargin', 'roic', 'debtToEquity', 'epsSurprise', 'revenueSurprise', 'epsEstimate', 'revenueEstimate']") — skipped
[score_book_oos] sector_shock_distributed_lag_unpaid_response failed ("panel lacks required field(s) ['sector']") — skipped
[score_book_oos] stabilized_convex_common_shock_overshoot failed ("panel lacks required field(s) ['industry']") — skipped
[score_book_oos] directed_laggraph_liquidity_unpaid_response failed ("panel lacks required field(s) ['marketCap', 'industry']") — skipped
[score_book_oos] shrunk_directed_lag_liquidity_gap failed ("panel lacks required field(s) ['marketCap', 'industry']") — skipped
[score_book_oos] sector_hawkes_compensator_late_follower failed ("panel lacks required field(s) ['sector', 'currentRatio']") — skipped
[score_book_oos] signed_graph_curvature_residual_diffusion failed ("panel lacks required field(s) ['sector']") — skipped
[score_book_oos] factor_premium_dispersion_regime_transfer failed ("panel lacks required field(s) ['sector', 'freeCashFlowYield', 'roe', 'roic', 'incomeQuality', 'assetGrowth', 'debtGrowth', 'sharesGrowth']") — skipped
[score_book_oos] intraday_supply_curve_overshoot_reversal failed ("panel lacks required field(s) ['sector']") — skipped
[score_book_oos] report_assimilation_release_continuation_h6 failed ("panel lacks required field(s) ['epsSurprise', 'epsEstimate', 'epsActual']") — skipped
[score_book_oos] sector_shrunk_mode_follower_relay failed ("panel lacks required field(s) ['sector']") — skipped
[score_book_oos] fresh_cashfunded_upgrade_wedge failed ("panel lacks required field(s) ['epsEstimate', 'freeCashFlow', 'netStockIssuance', 'marketCap']") — skipped
[score_book_oos] tail_survival_capacity_impedance_drift failed ("panel lacks required field(s) ['revenueGrowth', 'operatingCashFlowGrowth', 'revenueSurprise']") — skipped
[score_book_oos] event_freshness_accounting_confirmed_surprise failed ("panel lacks required field(s) ['epsSurprise', 'revenueSurprise', 'epsEstimate', 'revenueEstimate', 'grossMargin', 'operatingCashFlow', 'revenue', 'receivables', 'inventory', 'accountsPayable']") — skipped
[score_book_oos] partial_graph_peer_innovation_catchup failed ("panel lacks required field(s) ['sector']") — skipped
[score_book_oos] quality_regime_conditioned_issuer_distribution failed ("panel lacks required field(s) ['marketCap', 'netStockIssuance', 'sharesGrowth', 'industry', 'sector', 'roic', 'grossMargin', 'earningsYield']") — skipped
[score_book_oos] fresh_expectation_delivery_decay failed ("panel lacks required field(s) ['revenueGrowth', 'freeCashFlowYield', 'incomeQuality', 'sharesGrowth', 'psRatio']") — skipped
[score_book_oos] growth_expectation_convexity_break failed ("panel lacks required field(s) ['psRatio', 'sector', 'revenueGrowth', 'operatingMargin']") — skipped
[score_book_oos] growth_expectation_fresh_delivery_break failed ("panel lacks required field(s) ['psRatio', 'sector', 'revenueGrowth', 'operatingMargin']") — skipped
[score_book_oos] fundamental_momentum_extrapolation_fragility failed ("panel lacks required field(s) ['epsEstimate', 'revenueEstimate', 'operatingMargin', 'freeCashFlow', 'roic', 'psRatio', 'evToSales', 'sector']") — skipped
[score_book_oos] cashflow_deterioration_idio_downside_overshoot failed ("panel lacks required field(s) ['sector', 'operatingCashFlow', 'revenue', 'operatingMargin', 'interestCoverage']") — skipped
[score_book_oos] tail_survival_forcedflow_reversal_h6 failed ("panel lacks required field(s) ['revenueGrowth', 'operatingCashFlowGrowth', 'revenueSurprise']") — skipped
[score_book_oos] downside_excitation_fragility_acceleration_h6 failed ("panel lacks required field(s) ['roic', 'currentRatio', 'debtToEquity']") — skipped
[score_book_oos] downside_persistence_fragility_exhaustion failed ("panel lacks required field(s) ['debtToEquity', 'interestCoverage']") — skipped
[score_book_oos] resilient_downside_excitation_cooling_continuati failed ("panel lacks required field(s) ['cashRatio', 'debtToEquity']") — skipped
[score_book_oos] asymmetric_overnight_range_wedge_rebound failed ("panel lacks required field(s) ['sector']") — skipped
[score_book_oos] revision_financing_gated_idio_downside_polarity failed ("panel lacks required field(s) ['sector', 'epsEstimate', 'revenueEstimate', 'sharesGrowth', 'netStockIssuance', 'marketCap', 'freeCashFlowYield']") — skipped
[score_book_oos] scheduled_downside_cooling_information_drift failed ("panel lacks required field(s) ['sector']") — skipped
[score_book_oos] downside_tail_dependence_unpaid_bridge failed ("panel lacks required field(s) ['sector', 'debtToEquity', 'currentRatio']") — skipped
[score_book_oos] robust_tail_equity_supply_reversal failed ("panel lacks required field(s) ['netStockIssuance', 'sharesGrowth', 'marketCap']") — skipped
[score_book_oos] cashcycle_replenishment_rebound_completion failed ("panel lacks required field(s) ['receivables', 'inventory', 'accountsPayable', 'revenue', 'industry']") — skipped
[score_book_oos] idiosyncratic_tail_resilience_absorption_repair failed ("panel lacks required field(s) ['sector', 'operatingCashFlow', 'totalAssets', 'grossMargin', 'freeCashFlowYield', 'evToFreeCashFlow']") — skipped
[score_book_oos] report_clock_tail_network_derisking_gate failed ("panel lacks required field(s) ['sector', 'epsEstimate', 'revenueEstimate', 'epsActual', 'revenueActual', 'epsSurprise']") — skipped
[score_book_oos] anticipated_report_peer_tail_impact_gate failed ("panel lacks required field(s) ['sector', 'epsActual', 'revenueActual']") — skipped
[score_book_oos] volume_clock_signed_flow_schedule_h6 failed ("panel lacks required field(s) ['sector']") — skipped
[score_book_oos] surprise_novelty_absorption_drift failed ("panel lacks required field(s) ['epsSurprise', 'revenueSurprise', 'epsEstimate', 'revenueEstimate']") — skipped
[score_book_oos] industry_turnover_gated_idio_repair failed ("panel lacks required field(s) ['marketCap', 'industry', 'sector']") — skipped
[score_book_oos] latent_impact_absorption_persistence failed ("panel lacks required field(s) ['industry']") — skipped
[score_book_oos] fractional_propagator_flow_debt_reversal failed ("panel lacks required field(s) ['industry']") — skipped
[score_book_oos] sector_relative_opening_auction_rejection_h6 failed ("panel lacks required field(s) ['sector']") — skipped
[score_book_oos] decelerating_execution_debt_reversal failed ("panel lacks required field(s) ['industry']") — skipped
/Users/lucawurker/Desktop/Imperial/Master Thesis/QuantFundAgent/venv/lib/python3.13/site-packages/sklearn/utils/validation.py:2691: UserWarning: X does not have valid feature names, but LGBMRegressor was fitted with feature names
  warnings.warn(
  LOCO 23/62 completed_marked_arrival_absorption_reversal_h6
[score_book_oos] sbc_dilution_acceleration_supply_drift failed ("panel lacks required field(s) ['sector', 'stockBasedCompensation', 'revenue', 'sharesOutstanding', 'sharesGrowth', 'netStockIssuance', 'marketCap', 'shareRepurchase']") — skipped
[score_book_oos] cashflow_quality_confirmed_surprise_drift failed ("panel lacks required field(s) ['epsSurprise', 'epsEstimate', 'incomeQuality']") — skipped
[score_book_oos] fresh_cashflow_confirmed_surprise_drift failed ("panel lacks required field(s) ['epsSurprise', 'revenueSurprise', 'incomeQuality', 'freeCashFlowYield', 'cashConversionCycle']") — skipped
[score_book_oos] cashbacked_asymmetric_surprise_drift_h6 failed ("panel lacks required field(s) ['epsSurprise', 'epsEstimate', 'incomeQuality']") — skipped
[score_book_oos] cash_realization_surprise_disagreement failed ("panel lacks required field(s) ['epsSurprise', 'revenueSurprise', 'epsEstimate', 'revenueEstimate', 'epsActual', 'revenueActual', 'cashConversionCycle', 'incomeQuality', 'receivablesGrowth', 'inventoryGrowth']") — skipped
[score_book_oos] cashcycle_ambiguity_operating_fade failed ("panel lacks required field(s) ['sector', 'daysSalesOutstanding', 'daysInventoryOutstanding', 'incomeQuality', 'revenueGrowth']") — skipped
[score_book_oos] episode_coherence_fresh_revision_gap failed ("panel lacks required field(s) ['epsEstimate', 'revenueEstimate', 'industry']") — skipped
[score_book_oos] fundamental_peer_surprise_transmission_gap failed ("panel lacks required field(s) ['revenueGrowth', 'grossMargin', 'operatingMargin', 'roic', 'debtToEquity', 'epsSurprise', 'revenueSurprise', 'epsEstimate', 'revenueEstimate']") — skipped
[score_book_oos] sector_shock_distributed_lag_unpaid_response failed ("panel lacks required field(s) ['sector']") — skipped
[score_book_oos] stabilized_convex_common_shock_overshoot failed ("panel lacks required field(s) ['industry']") — skipped
[score_book_oos] directed_laggraph_liquidity_unpaid_response failed ("panel lacks required field(s) ['marketCap', 'industry']") — skipped
[score_book_oos] shrunk_directed_lag_liquidity_gap failed ("panel lacks required field(s) ['marketCap', 'industry']") — skipped
[score_book_oos] sector_hawkes_compensator_late_follower failed ("panel lacks required field(s) ['sector', 'currentRatio']") — skipped
[score_book_oos] signed_graph_curvature_residual_diffusion failed ("panel lacks required field(s) ['sector']") — skipped
[score_book_oos] factor_premium_dispersion_regime_transfer failed ("panel lacks required field(s) ['sector', 'freeCashFlowYield', 'roe', 'roic', 'incomeQuality', 'assetGrowth', 'debtGrowth', 'sharesGrowth']") — skipped
[score_book_oos] intraday_supply_curve_overshoot_reversal failed ("panel lacks required field(s) ['sector']") — skipped
[score_book_oos] sector_shrunk_mode_follower_relay failed ("panel lacks required field(s) ['sector']") — skipped
[score_book_oos] fresh_cashfunded_upgrade_wedge failed ("panel lacks required field(s) ['epsEstimate', 'freeCashFlow', 'netStockIssuance', 'marketCap']") — skipped
[score_book_oos] tail_survival_capacity_impedance_drift failed ("panel lacks required field(s) ['revenueGrowth', 'operatingCashFlowGrowth', 'revenueSurprise']") — skipped
[score_book_oos] event_freshness_accounting_confirmed_surprise failed ("panel lacks required field(s) ['epsSurprise', 'revenueSurprise', 'epsEstimate', 'revenueEstimate', 'grossMargin', 'operatingCashFlow', 'revenue', 'receivables', 'inventory', 'accountsPayable']") — skipped
[score_book_oos] partial_graph_peer_innovation_catchup failed ("panel lacks required field(s) ['sector']") — skipped
[score_book_oos] quality_regime_conditioned_issuer_distribution failed ("panel lacks required field(s) ['marketCap', 'netStockIssuance', 'sharesGrowth', 'industry', 'sector', 'roic', 'grossMargin', 'earningsYield']") — skipped
[score_book_oos] fresh_expectation_delivery_decay failed ("panel lacks required field(s) ['revenueGrowth', 'freeCashFlowYield', 'incomeQuality', 'sharesGrowth', 'psRatio']") — skipped
[score_book_oos] growth_expectation_convexity_break failed ("panel lacks required field(s) ['psRatio', 'sector', 'revenueGrowth', 'operatingMargin']") — skipped
[score_book_oos] growth_expectation_fresh_delivery_break failed ("panel lacks required field(s) ['psRatio', 'sector', 'revenueGrowth', 'operatingMargin']") — skipped
[score_book_oos] fundamental_momentum_extrapolation_fragility failed ("panel lacks required field(s) ['epsEstimate', 'revenueEstimate', 'operatingMargin', 'freeCashFlow', 'roic', 'psRatio', 'evToSales', 'sector']") — skipped
[score_book_oos] cashflow_deterioration_idio_downside_overshoot failed ("panel lacks required field(s) ['sector', 'operatingCashFlow', 'revenue', 'operatingMargin', 'interestCoverage']") — skipped
[score_book_oos] tail_survival_forcedflow_reversal_h6 failed ("panel lacks required field(s) ['revenueGrowth', 'operatingCashFlowGrowth', 'revenueSurprise']") — skipped
[score_book_oos] downside_excitation_fragility_acceleration_h6 failed ("panel lacks required field(s) ['roic', 'currentRatio', 'debtToEquity']") — skipped
[score_book_oos] downside_persistence_fragility_exhaustion failed ("panel lacks required field(s) ['debtToEquity', 'interestCoverage']") — skipped
[score_book_oos] resilient_downside_excitation_cooling_continuati failed ("panel lacks required field(s) ['cashRatio', 'debtToEquity']") — skipped
[score_book_oos] asymmetric_overnight_range_wedge_rebound failed ("panel lacks required field(s) ['sector']") — skipped
[score_book_oos] revision_financing_gated_idio_downside_polarity failed ("panel lacks required field(s) ['sector', 'epsEstimate', 'revenueEstimate', 'sharesGrowth', 'netStockIssuance', 'marketCap', 'freeCashFlowYield']") — skipped
[score_book_oos] scheduled_downside_cooling_information_drift failed ("panel lacks required field(s) ['sector']") — skipped
[score_book_oos] downside_tail_dependence_unpaid_bridge failed ("panel lacks required field(s) ['sector', 'debtToEquity', 'currentRatio']") — skipped
[score_book_oos] robust_tail_equity_supply_reversal failed ("panel lacks required field(s) ['netStockIssuance', 'sharesGrowth', 'marketCap']") — skipped
[score_book_oos] cashcycle_replenishment_rebound_completion failed ("panel lacks required field(s) ['receivables', 'inventory', 'accountsPayable', 'revenue', 'industry']") — skipped
[score_book_oos] idiosyncratic_tail_resilience_absorption_repair failed ("panel lacks required field(s) ['sector', 'operatingCashFlow', 'totalAssets', 'grossMargin', 'freeCashFlowYield', 'evToFreeCashFlow']") — skipped
[score_book_oos] report_clock_tail_network_derisking_gate failed ("panel lacks required field(s) ['sector', 'epsEstimate', 'revenueEstimate', 'epsActual', 'revenueActual', 'epsSurprise']") — skipped
[score_book_oos] anticipated_report_peer_tail_impact_gate failed ("panel lacks required field(s) ['sector', 'epsActual', 'revenueActual']") — skipped
[score_book_oos] volume_clock_signed_flow_schedule_h6 failed ("panel lacks required field(s) ['sector']") — skipped
[score_book_oos] surprise_novelty_absorption_drift failed ("panel lacks required field(s) ['epsSurprise', 'revenueSurprise', 'epsEstimate', 'revenueEstimate']") — skipped
[score_book_oos] industry_turnover_gated_idio_repair failed ("panel lacks required field(s) ['marketCap', 'industry', 'sector']") — skipped
[score_book_oos] latent_impact_absorption_persistence failed ("panel lacks required field(s) ['industry']") — skipped
[score_book_oos] fractional_propagator_flow_debt_reversal failed ("panel lacks required field(s) ['industry']") — skipped
[score_book_oos] sector_relative_opening_auction_rejection_h6 failed ("panel lacks required field(s) ['sector']") — skipped
[score_book_oos] decelerating_execution_debt_reversal failed ("panel lacks required field(s) ['industry']") — skipped
/Users/lucawurker/Desktop/Imperial/Master Thesis/QuantFundAgent/venv/lib/python3.13/site-packages/sklearn/utils/validation.py:2691: UserWarning: X does not have valid feature names, but LGBMRegressor was fitted with feature names
  warnings.warn(
  LOCO 24/62 report_assimilation_release_continuation_h6
[score_book_oos] sbc_dilution_acceleration_supply_drift failed ("panel lacks required field(s) ['sector', 'stockBasedCompensation', 'revenue', 'sharesOutstanding', 'sharesGrowth', 'netStockIssuance', 'marketCap', 'shareRepurchase']") — skipped
[score_book_oos] cashflow_quality_confirmed_surprise_drift failed ("panel lacks required field(s) ['epsSurprise', 'epsEstimate', 'incomeQuality']") — skipped
[score_book_oos] fresh_cashflow_confirmed_surprise_drift failed ("panel lacks required field(s) ['epsSurprise', 'revenueSurprise', 'incomeQuality', 'freeCashFlowYield', 'cashConversionCycle']") — skipped
[score_book_oos] cashbacked_asymmetric_surprise_drift_h6 failed ("panel lacks required field(s) ['epsSurprise', 'epsEstimate', 'incomeQuality']") — skipped
[score_book_oos] cash_realization_surprise_disagreement failed ("panel lacks required field(s) ['epsSurprise', 'revenueSurprise', 'epsEstimate', 'revenueEstimate', 'epsActual', 'revenueActual', 'cashConversionCycle', 'incomeQuality', 'receivablesGrowth', 'inventoryGrowth']") — skipped
[score_book_oos] cashcycle_ambiguity_operating_fade failed ("panel lacks required field(s) ['sector', 'daysSalesOutstanding', 'daysInventoryOutstanding', 'incomeQuality', 'revenueGrowth']") — skipped
[score_book_oos] episode_coherence_fresh_revision_gap failed ("panel lacks required field(s) ['epsEstimate', 'revenueEstimate', 'industry']") — skipped
[score_book_oos] fundamental_peer_surprise_transmission_gap failed ("panel lacks required field(s) ['revenueGrowth', 'grossMargin', 'operatingMargin', 'roic', 'debtToEquity', 'epsSurprise', 'revenueSurprise', 'epsEstimate', 'revenueEstimate']") — skipped
[score_book_oos] sector_shock_distributed_lag_unpaid_response failed ("panel lacks required field(s) ['sector']") — skipped
[score_book_oos] stabilized_convex_common_shock_overshoot failed ("panel lacks required field(s) ['industry']") — skipped
[score_book_oos] directed_laggraph_liquidity_unpaid_response failed ("panel lacks required field(s) ['marketCap', 'industry']") — skipped
[score_book_oos] shrunk_directed_lag_liquidity_gap failed ("panel lacks required field(s) ['marketCap', 'industry']") — skipped
[score_book_oos] sector_hawkes_compensator_late_follower failed ("panel lacks required field(s) ['sector', 'currentRatio']") — skipped
[score_book_oos] signed_graph_curvature_residual_diffusion failed ("panel lacks required field(s) ['sector']") — skipped
[score_book_oos] factor_premium_dispersion_regime_transfer failed ("panel lacks required field(s) ['sector', 'freeCashFlowYield', 'roe', 'roic', 'incomeQuality', 'assetGrowth', 'debtGrowth', 'sharesGrowth']") — skipped
[score_book_oos] intraday_supply_curve_overshoot_reversal failed ("panel lacks required field(s) ['sector']") — skipped
[score_book_oos] report_assimilation_release_continuation_h6 failed ("panel lacks required field(s) ['epsSurprise', 'epsEstimate', 'epsActual']") — skipped
[score_book_oos] sector_shrunk_mode_follower_relay failed ("panel lacks required field(s) ['sector']") — skipped
[score_book_oos] fresh_cashfunded_upgrade_wedge failed ("panel lacks required field(s) ['epsEstimate', 'freeCashFlow', 'netStockIssuance', 'marketCap']") — skipped
[score_book_oos] tail_survival_capacity_impedance_drift failed ("panel lacks required field(s) ['revenueGrowth', 'operatingCashFlowGrowth', 'revenueSurprise']") — skipped
[score_book_oos] event_freshness_accounting_confirmed_surprise failed ("panel lacks required field(s) ['epsSurprise', 'revenueSurprise', 'epsEstimate', 'revenueEstimate', 'grossMargin', 'operatingCashFlow', 'revenue', 'receivables', 'inventory', 'accountsPayable']") — skipped
[score_book_oos] partial_graph_peer_innovation_catchup failed ("panel lacks required field(s) ['sector']") — skipped
[score_book_oos] quality_regime_conditioned_issuer_distribution failed ("panel lacks required field(s) ['marketCap', 'netStockIssuance', 'sharesGrowth', 'industry', 'sector', 'roic', 'grossMargin', 'earningsYield']") — skipped
[score_book_oos] fresh_expectation_delivery_decay failed ("panel lacks required field(s) ['revenueGrowth', 'freeCashFlowYield', 'incomeQuality', 'sharesGrowth', 'psRatio']") — skipped
[score_book_oos] growth_expectation_convexity_break failed ("panel lacks required field(s) ['psRatio', 'sector', 'revenueGrowth', 'operatingMargin']") — skipped
[score_book_oos] growth_expectation_fresh_delivery_break failed ("panel lacks required field(s) ['psRatio', 'sector', 'revenueGrowth', 'operatingMargin']") — skipped
[score_book_oos] fundamental_momentum_extrapolation_fragility failed ("panel lacks required field(s) ['epsEstimate', 'revenueEstimate', 'operatingMargin', 'freeCashFlow', 'roic', 'psRatio', 'evToSales', 'sector']") — skipped
[score_book_oos] cashflow_deterioration_idio_downside_overshoot failed ("panel lacks required field(s) ['sector', 'operatingCashFlow', 'revenue', 'operatingMargin', 'interestCoverage']") — skipped
[score_book_oos] tail_survival_forcedflow_reversal_h6 failed ("panel lacks required field(s) ['revenueGrowth', 'operatingCashFlowGrowth', 'revenueSurprise']") — skipped
[score_book_oos] downside_excitation_fragility_acceleration_h6 failed ("panel lacks required field(s) ['roic', 'currentRatio', 'debtToEquity']") — skipped
[score_book_oos] downside_persistence_fragility_exhaustion failed ("panel lacks required field(s) ['debtToEquity', 'interestCoverage']") — skipped
[score_book_oos] resilient_downside_excitation_cooling_continuati failed ("panel lacks required field(s) ['cashRatio', 'debtToEquity']") — skipped
[score_book_oos] asymmetric_overnight_range_wedge_rebound failed ("panel lacks required field(s) ['sector']") — skipped
[score_book_oos] revision_financing_gated_idio_downside_polarity failed ("panel lacks required field(s) ['sector', 'epsEstimate', 'revenueEstimate', 'sharesGrowth', 'netStockIssuance', 'marketCap', 'freeCashFlowYield']") — skipped
[score_book_oos] scheduled_downside_cooling_information_drift failed ("panel lacks required field(s) ['sector']") — skipped
[score_book_oos] downside_tail_dependence_unpaid_bridge failed ("panel lacks required field(s) ['sector', 'debtToEquity', 'currentRatio']") — skipped
[score_book_oos] robust_tail_equity_supply_reversal failed ("panel lacks required field(s) ['netStockIssuance', 'sharesGrowth', 'marketCap']") — skipped
[score_book_oos] cashcycle_replenishment_rebound_completion failed ("panel lacks required field(s) ['receivables', 'inventory', 'accountsPayable', 'revenue', 'industry']") — skipped
[score_book_oos] idiosyncratic_tail_resilience_absorption_repair failed ("panel lacks required field(s) ['sector', 'operatingCashFlow', 'totalAssets', 'grossMargin', 'freeCashFlowYield', 'evToFreeCashFlow']") — skipped
[score_book_oos] report_clock_tail_network_derisking_gate failed ("panel lacks required field(s) ['sector', 'epsEstimate', 'revenueEstimate', 'epsActual', 'revenueActual', 'epsSurprise']") — skipped
[score_book_oos] anticipated_report_peer_tail_impact_gate failed ("panel lacks required field(s) ['sector', 'epsActual', 'revenueActual']") — skipped
[score_book_oos] volume_clock_signed_flow_schedule_h6 failed ("panel lacks required field(s) ['sector']") — skipped
[score_book_oos] surprise_novelty_absorption_drift failed ("panel lacks required field(s) ['epsSurprise', 'revenueSurprise', 'epsEstimate', 'revenueEstimate']") — skipped
[score_book_oos] industry_turnover_gated_idio_repair failed ("panel lacks required field(s) ['marketCap', 'industry', 'sector']") — skipped
[score_book_oos] latent_impact_absorption_persistence failed ("panel lacks required field(s) ['industry']") — skipped
[score_book_oos] fractional_propagator_flow_debt_reversal failed ("panel lacks required field(s) ['industry']") — skipped
[score_book_oos] sector_relative_opening_auction_rejection_h6 failed ("panel lacks required field(s) ['sector']") — skipped
[score_book_oos] decelerating_execution_debt_reversal failed ("panel lacks required field(s) ['industry']") — skipped
/Users/lucawurker/Desktop/Imperial/Master Thesis/QuantFundAgent/venv/lib/python3.13/site-packages/sklearn/utils/validation.py:2691: UserWarning: X does not have valid feature names, but LGBMRegressor was fitted with feature names
  warnings.warn(
  LOCO 25/62 idio_thin_side_vacuum_reversal_h6
[score_book_oos] sbc_dilution_acceleration_supply_drift failed ("panel lacks required field(s) ['sector', 'stockBasedCompensation', 'revenue', 'sharesOutstanding', 'sharesGrowth', 'netStockIssuance', 'marketCap', 'shareRepurchase']") — skipped
[score_book_oos] cashflow_quality_confirmed_surprise_drift failed ("panel lacks required field(s) ['epsSurprise', 'epsEstimate', 'incomeQuality']") — skipped
[score_book_oos] fresh_cashflow_confirmed_surprise_drift failed ("panel lacks required field(s) ['epsSurprise', 'revenueSurprise', 'incomeQuality', 'freeCashFlowYield', 'cashConversionCycle']") — skipped
[score_book_oos] cashbacked_asymmetric_surprise_drift_h6 failed ("panel lacks required field(s) ['epsSurprise', 'epsEstimate', 'incomeQuality']") — skipped
[score_book_oos] cash_realization_surprise_disagreement failed ("panel lacks required field(s) ['epsSurprise', 'revenueSurprise', 'epsEstimate', 'revenueEstimate', 'epsActual', 'revenueActual', 'cashConversionCycle', 'incomeQuality', 'receivablesGrowth', 'inventoryGrowth']") — skipped
[score_book_oos] cashcycle_ambiguity_operating_fade failed ("panel lacks required field(s) ['sector', 'daysSalesOutstanding', 'daysInventoryOutstanding', 'incomeQuality', 'revenueGrowth']") — skipped
[score_book_oos] episode_coherence_fresh_revision_gap failed ("panel lacks required field(s) ['epsEstimate', 'revenueEstimate', 'industry']") — skipped
[score_book_oos] fundamental_peer_surprise_transmission_gap failed ("panel lacks required field(s) ['revenueGrowth', 'grossMargin', 'operatingMargin', 'roic', 'debtToEquity', 'epsSurprise', 'revenueSurprise', 'epsEstimate', 'revenueEstimate']") — skipped
[score_book_oos] sector_shock_distributed_lag_unpaid_response failed ("panel lacks required field(s) ['sector']") — skipped
[score_book_oos] stabilized_convex_common_shock_overshoot failed ("panel lacks required field(s) ['industry']") — skipped
[score_book_oos] directed_laggraph_liquidity_unpaid_response failed ("panel lacks required field(s) ['marketCap', 'industry']") — skipped
[score_book_oos] shrunk_directed_lag_liquidity_gap failed ("panel lacks required field(s) ['marketCap', 'industry']") — skipped
[score_book_oos] sector_hawkes_compensator_late_follower failed ("panel lacks required field(s) ['sector', 'currentRatio']") — skipped
[score_book_oos] signed_graph_curvature_residual_diffusion failed ("panel lacks required field(s) ['sector']") — skipped
[score_book_oos] factor_premium_dispersion_regime_transfer failed ("panel lacks required field(s) ['sector', 'freeCashFlowYield', 'roe', 'roic', 'incomeQuality', 'assetGrowth', 'debtGrowth', 'sharesGrowth']") — skipped
[score_book_oos] intraday_supply_curve_overshoot_reversal failed ("panel lacks required field(s) ['sector']") — skipped
[score_book_oos] report_assimilation_release_continuation_h6 failed ("panel lacks required field(s) ['epsSurprise', 'epsEstimate', 'epsActual']") — skipped
[score_book_oos] fresh_cashfunded_upgrade_wedge failed ("panel lacks required field(s) ['epsEstimate', 'freeCashFlow', 'netStockIssuance', 'marketCap']") — skipped
[score_book_oos] tail_survival_capacity_impedance_drift failed ("panel lacks required field(s) ['revenueGrowth', 'operatingCashFlowGrowth', 'revenueSurprise']") — skipped
[score_book_oos] event_freshness_accounting_confirmed_surprise failed ("panel lacks required field(s) ['epsSurprise', 'revenueSurprise', 'epsEstimate', 'revenueEstimate', 'grossMargin', 'operatingCashFlow', 'revenue', 'receivables', 'inventory', 'accountsPayable']") — skipped
[score_book_oos] partial_graph_peer_innovation_catchup failed ("panel lacks required field(s) ['sector']") — skipped
[score_book_oos] quality_regime_conditioned_issuer_distribution failed ("panel lacks required field(s) ['marketCap', 'netStockIssuance', 'sharesGrowth', 'industry', 'sector', 'roic', 'grossMargin', 'earningsYield']") — skipped
[score_book_oos] fresh_expectation_delivery_decay failed ("panel lacks required field(s) ['revenueGrowth', 'freeCashFlowYield', 'incomeQuality', 'sharesGrowth', 'psRatio']") — skipped
[score_book_oos] growth_expectation_convexity_break failed ("panel lacks required field(s) ['psRatio', 'sector', 'revenueGrowth', 'operatingMargin']") — skipped
[score_book_oos] growth_expectation_fresh_delivery_break failed ("panel lacks required field(s) ['psRatio', 'sector', 'revenueGrowth', 'operatingMargin']") — skipped
[score_book_oos] fundamental_momentum_extrapolation_fragility failed ("panel lacks required field(s) ['epsEstimate', 'revenueEstimate', 'operatingMargin', 'freeCashFlow', 'roic', 'psRatio', 'evToSales', 'sector']") — skipped
[score_book_oos] cashflow_deterioration_idio_downside_overshoot failed ("panel lacks required field(s) ['sector', 'operatingCashFlow', 'revenue', 'operatingMargin', 'interestCoverage']") — skipped
[score_book_oos] tail_survival_forcedflow_reversal_h6 failed ("panel lacks required field(s) ['revenueGrowth', 'operatingCashFlowGrowth', 'revenueSurprise']") — skipped
[score_book_oos] downside_excitation_fragility_acceleration_h6 failed ("panel lacks required field(s) ['roic', 'currentRatio', 'debtToEquity']") — skipped
[score_book_oos] downside_persistence_fragility_exhaustion failed ("panel lacks required field(s) ['debtToEquity', 'interestCoverage']") — skipped
[score_book_oos] resilient_downside_excitation_cooling_continuati failed ("panel lacks required field(s) ['cashRatio', 'debtToEquity']") — skipped
[score_book_oos] asymmetric_overnight_range_wedge_rebound failed ("panel lacks required field(s) ['sector']") — skipped
[score_book_oos] revision_financing_gated_idio_downside_polarity failed ("panel lacks required field(s) ['sector', 'epsEstimate', 'revenueEstimate', 'sharesGrowth', 'netStockIssuance', 'marketCap', 'freeCashFlowYield']") — skipped
[score_book_oos] scheduled_downside_cooling_information_drift failed ("panel lacks required field(s) ['sector']") — skipped
[score_book_oos] downside_tail_dependence_unpaid_bridge failed ("panel lacks required field(s) ['sector', 'debtToEquity', 'currentRatio']") — skipped
[score_book_oos] robust_tail_equity_supply_reversal failed ("panel lacks required field(s) ['netStockIssuance', 'sharesGrowth', 'marketCap']") — skipped
[score_book_oos] cashcycle_replenishment_rebound_completion failed ("panel lacks required field(s) ['receivables', 'inventory', 'accountsPayable', 'revenue', 'industry']") — skipped
[score_book_oos] idiosyncratic_tail_resilience_absorption_repair failed ("panel lacks required field(s) ['sector', 'operatingCashFlow', 'totalAssets', 'grossMargin', 'freeCashFlowYield', 'evToFreeCashFlow']") — skipped
[score_book_oos] report_clock_tail_network_derisking_gate failed ("panel lacks required field(s) ['sector', 'epsEstimate', 'revenueEstimate', 'epsActual', 'revenueActual', 'epsSurprise']") — skipped
[score_book_oos] anticipated_report_peer_tail_impact_gate failed ("panel lacks required field(s) ['sector', 'epsActual', 'revenueActual']") — skipped
[score_book_oos] volume_clock_signed_flow_schedule_h6 failed ("panel lacks required field(s) ['sector']") — skipped
[score_book_oos] surprise_novelty_absorption_drift failed ("panel lacks required field(s) ['epsSurprise', 'revenueSurprise', 'epsEstimate', 'revenueEstimate']") — skipped
[score_book_oos] industry_turnover_gated_idio_repair failed ("panel lacks required field(s) ['marketCap', 'industry', 'sector']") — skipped
[score_book_oos] latent_impact_absorption_persistence failed ("panel lacks required field(s) ['industry']") — skipped
[score_book_oos] fractional_propagator_flow_debt_reversal failed ("panel lacks required field(s) ['industry']") — skipped
[score_book_oos] sector_relative_opening_auction_rejection_h6 failed ("panel lacks required field(s) ['sector']") — skipped
[score_book_oos] decelerating_execution_debt_reversal failed ("panel lacks required field(s) ['industry']") — skipped
/Users/lucawurker/Desktop/Imperial/Master Thesis/QuantFundAgent/venv/lib/python3.13/site-packages/sklearn/utils/validation.py:2691: UserWarning: X does not have valid feature names, but LGBMRegressor was fitted with feature names
  warnings.warn(
  LOCO 26/62 sector_shrunk_mode_follower_relay
[score_book_oos] sbc_dilution_acceleration_supply_drift failed ("panel lacks required field(s) ['sector', 'stockBasedCompensation', 'revenue', 'sharesOutstanding', 'sharesGrowth', 'netStockIssuance', 'marketCap', 'shareRepurchase']") — skipped
[score_book_oos] cashflow_quality_confirmed_surprise_drift failed ("panel lacks required field(s) ['epsSurprise', 'epsEstimate', 'incomeQuality']") — skipped
[score_book_oos] fresh_cashflow_confirmed_surprise_drift failed ("panel lacks required field(s) ['epsSurprise', 'revenueSurprise', 'incomeQuality', 'freeCashFlowYield', 'cashConversionCycle']") — skipped
[score_book_oos] cashbacked_asymmetric_surprise_drift_h6 failed ("panel lacks required field(s) ['epsSurprise', 'epsEstimate', 'incomeQuality']") — skipped
[score_book_oos] cash_realization_surprise_disagreement failed ("panel lacks required field(s) ['epsSurprise', 'revenueSurprise', 'epsEstimate', 'revenueEstimate', 'epsActual', 'revenueActual', 'cashConversionCycle', 'incomeQuality', 'receivablesGrowth', 'inventoryGrowth']") — skipped
[score_book_oos] cashcycle_ambiguity_operating_fade failed ("panel lacks required field(s) ['sector', 'daysSalesOutstanding', 'daysInventoryOutstanding', 'incomeQuality', 'revenueGrowth']") — skipped
[score_book_oos] episode_coherence_fresh_revision_gap failed ("panel lacks required field(s) ['epsEstimate', 'revenueEstimate', 'industry']") — skipped
[score_book_oos] fundamental_peer_surprise_transmission_gap failed ("panel lacks required field(s) ['revenueGrowth', 'grossMargin', 'operatingMargin', 'roic', 'debtToEquity', 'epsSurprise', 'revenueSurprise', 'epsEstimate', 'revenueEstimate']") — skipped
[score_book_oos] sector_shock_distributed_lag_unpaid_response failed ("panel lacks required field(s) ['sector']") — skipped
[score_book_oos] stabilized_convex_common_shock_overshoot failed ("panel lacks required field(s) ['industry']") — skipped
[score_book_oos] directed_laggraph_liquidity_unpaid_response failed ("panel lacks required field(s) ['marketCap', 'industry']") — skipped
[score_book_oos] shrunk_directed_lag_liquidity_gap failed ("panel lacks required field(s) ['marketCap', 'industry']") — skipped
[score_book_oos] sector_hawkes_compensator_late_follower failed ("panel lacks required field(s) ['sector', 'currentRatio']") — skipped
[score_book_oos] signed_graph_curvature_residual_diffusion failed ("panel lacks required field(s) ['sector']") — skipped
[score_book_oos] factor_premium_dispersion_regime_transfer failed ("panel lacks required field(s) ['sector', 'freeCashFlowYield', 'roe', 'roic', 'incomeQuality', 'assetGrowth', 'debtGrowth', 'sharesGrowth']") — skipped
[score_book_oos] intraday_supply_curve_overshoot_reversal failed ("panel lacks required field(s) ['sector']") — skipped
[score_book_oos] report_assimilation_release_continuation_h6 failed ("panel lacks required field(s) ['epsSurprise', 'epsEstimate', 'epsActual']") — skipped
[score_book_oos] sector_shrunk_mode_follower_relay failed ("panel lacks required field(s) ['sector']") — skipped
[score_book_oos] tail_survival_capacity_impedance_drift failed ("panel lacks required field(s) ['revenueGrowth', 'operatingCashFlowGrowth', 'revenueSurprise']") — skipped
[score_book_oos] event_freshness_accounting_confirmed_surprise failed ("panel lacks required field(s) ['epsSurprise', 'revenueSurprise', 'epsEstimate', 'revenueEstimate', 'grossMargin', 'operatingCashFlow', 'revenue', 'receivables', 'inventory', 'accountsPayable']") — skipped
[score_book_oos] partial_graph_peer_innovation_catchup failed ("panel lacks required field(s) ['sector']") — skipped
[score_book_oos] quality_regime_conditioned_issuer_distribution failed ("panel lacks required field(s) ['marketCap', 'netStockIssuance', 'sharesGrowth', 'industry', 'sector', 'roic', 'grossMargin', 'earningsYield']") — skipped
[score_book_oos] fresh_expectation_delivery_decay failed ("panel lacks required field(s) ['revenueGrowth', 'freeCashFlowYield', 'incomeQuality', 'sharesGrowth', 'psRatio']") — skipped
[score_book_oos] growth_expectation_convexity_break failed ("panel lacks required field(s) ['psRatio', 'sector', 'revenueGrowth', 'operatingMargin']") — skipped
[score_book_oos] growth_expectation_fresh_delivery_break failed ("panel lacks required field(s) ['psRatio', 'sector', 'revenueGrowth', 'operatingMargin']") — skipped
[score_book_oos] fundamental_momentum_extrapolation_fragility failed ("panel lacks required field(s) ['epsEstimate', 'revenueEstimate', 'operatingMargin', 'freeCashFlow', 'roic', 'psRatio', 'evToSales', 'sector']") — skipped
[score_book_oos] cashflow_deterioration_idio_downside_overshoot failed ("panel lacks required field(s) ['sector', 'operatingCashFlow', 'revenue', 'operatingMargin', 'interestCoverage']") — skipped
[score_book_oos] tail_survival_forcedflow_reversal_h6 failed ("panel lacks required field(s) ['revenueGrowth', 'operatingCashFlowGrowth', 'revenueSurprise']") — skipped
[score_book_oos] downside_excitation_fragility_acceleration_h6 failed ("panel lacks required field(s) ['roic', 'currentRatio', 'debtToEquity']") — skipped
[score_book_oos] downside_persistence_fragility_exhaustion failed ("panel lacks required field(s) ['debtToEquity', 'interestCoverage']") — skipped
[score_book_oos] resilient_downside_excitation_cooling_continuati failed ("panel lacks required field(s) ['cashRatio', 'debtToEquity']") — skipped
[score_book_oos] asymmetric_overnight_range_wedge_rebound failed ("panel lacks required field(s) ['sector']") — skipped
[score_book_oos] revision_financing_gated_idio_downside_polarity failed ("panel lacks required field(s) ['sector', 'epsEstimate', 'revenueEstimate', 'sharesGrowth', 'netStockIssuance', 'marketCap', 'freeCashFlowYield']") — skipped
[score_book_oos] scheduled_downside_cooling_information_drift failed ("panel lacks required field(s) ['sector']") — skipped
[score_book_oos] downside_tail_dependence_unpaid_bridge failed ("panel lacks required field(s) ['sector', 'debtToEquity', 'currentRatio']") — skipped
[score_book_oos] robust_tail_equity_supply_reversal failed ("panel lacks required field(s) ['netStockIssuance', 'sharesGrowth', 'marketCap']") — skipped
[score_book_oos] cashcycle_replenishment_rebound_completion failed ("panel lacks required field(s) ['receivables', 'inventory', 'accountsPayable', 'revenue', 'industry']") — skipped
[score_book_oos] idiosyncratic_tail_resilience_absorption_repair failed ("panel lacks required field(s) ['sector', 'operatingCashFlow', 'totalAssets', 'grossMargin', 'freeCashFlowYield', 'evToFreeCashFlow']") — skipped
[score_book_oos] report_clock_tail_network_derisking_gate failed ("panel lacks required field(s) ['sector', 'epsEstimate', 'revenueEstimate', 'epsActual', 'revenueActual', 'epsSurprise']") — skipped
[score_book_oos] anticipated_report_peer_tail_impact_gate failed ("panel lacks required field(s) ['sector', 'epsActual', 'revenueActual']") — skipped
[score_book_oos] volume_clock_signed_flow_schedule_h6 failed ("panel lacks required field(s) ['sector']") — skipped
[score_book_oos] surprise_novelty_absorption_drift failed ("panel lacks required field(s) ['epsSurprise', 'revenueSurprise', 'epsEstimate', 'revenueEstimate']") — skipped
[score_book_oos] industry_turnover_gated_idio_repair failed ("panel lacks required field(s) ['marketCap', 'industry', 'sector']") — skipped
[score_book_oos] latent_impact_absorption_persistence failed ("panel lacks required field(s) ['industry']") — skipped
[score_book_oos] fractional_propagator_flow_debt_reversal failed ("panel lacks required field(s) ['industry']") — skipped
[score_book_oos] sector_relative_opening_auction_rejection_h6 failed ("panel lacks required field(s) ['sector']") — skipped
[score_book_oos] decelerating_execution_debt_reversal failed ("panel lacks required field(s) ['industry']") — skipped
/Users/lucawurker/Desktop/Imperial/Master Thesis/QuantFundAgent/venv/lib/python3.13/site-packages/sklearn/utils/validation.py:2691: UserWarning: X does not have valid feature names, but LGBMRegressor was fitted with feature names
  warnings.warn(
  LOCO 27/62 fresh_cashfunded_upgrade_wedge
[score_book_oos] sbc_dilution_acceleration_supply_drift failed ("panel lacks required field(s) ['sector', 'stockBasedCompensation', 'revenue', 'sharesOutstanding', 'sharesGrowth', 'netStockIssuance', 'marketCap', 'shareRepurchase']") — skipped
[score_book_oos] cashflow_quality_confirmed_surprise_drift failed ("panel lacks required field(s) ['epsSurprise', 'epsEstimate', 'incomeQuality']") — skipped
[score_book_oos] fresh_cashflow_confirmed_surprise_drift failed ("panel lacks required field(s) ['epsSurprise', 'revenueSurprise', 'incomeQuality', 'freeCashFlowYield', 'cashConversionCycle']") — skipped
[score_book_oos] cashbacked_asymmetric_surprise_drift_h6 failed ("panel lacks required field(s) ['epsSurprise', 'epsEstimate', 'incomeQuality']") — skipped
[score_book_oos] cash_realization_surprise_disagreement failed ("panel lacks required field(s) ['epsSurprise', 'revenueSurprise', 'epsEstimate', 'revenueEstimate', 'epsActual', 'revenueActual', 'cashConversionCycle', 'incomeQuality', 'receivablesGrowth', 'inventoryGrowth']") — skipped
[score_book_oos] cashcycle_ambiguity_operating_fade failed ("panel lacks required field(s) ['sector', 'daysSalesOutstanding', 'daysInventoryOutstanding', 'incomeQuality', 'revenueGrowth']") — skipped
[score_book_oos] episode_coherence_fresh_revision_gap failed ("panel lacks required field(s) ['epsEstimate', 'revenueEstimate', 'industry']") — skipped
[score_book_oos] fundamental_peer_surprise_transmission_gap failed ("panel lacks required field(s) ['revenueGrowth', 'grossMargin', 'operatingMargin', 'roic', 'debtToEquity', 'epsSurprise', 'revenueSurprise', 'epsEstimate', 'revenueEstimate']") — skipped
[score_book_oos] sector_shock_distributed_lag_unpaid_response failed ("panel lacks required field(s) ['sector']") — skipped
[score_book_oos] stabilized_convex_common_shock_overshoot failed ("panel lacks required field(s) ['industry']") — skipped
[score_book_oos] directed_laggraph_liquidity_unpaid_response failed ("panel lacks required field(s) ['marketCap', 'industry']") — skipped
[score_book_oos] shrunk_directed_lag_liquidity_gap failed ("panel lacks required field(s) ['marketCap', 'industry']") — skipped
[score_book_oos] sector_hawkes_compensator_late_follower failed ("panel lacks required field(s) ['sector', 'currentRatio']") — skipped
[score_book_oos] signed_graph_curvature_residual_diffusion failed ("panel lacks required field(s) ['sector']") — skipped
[score_book_oos] factor_premium_dispersion_regime_transfer failed ("panel lacks required field(s) ['sector', 'freeCashFlowYield', 'roe', 'roic', 'incomeQuality', 'assetGrowth', 'debtGrowth', 'sharesGrowth']") — skipped
[score_book_oos] intraday_supply_curve_overshoot_reversal failed ("panel lacks required field(s) ['sector']") — skipped
[score_book_oos] report_assimilation_release_continuation_h6 failed ("panel lacks required field(s) ['epsSurprise', 'epsEstimate', 'epsActual']") — skipped
[score_book_oos] sector_shrunk_mode_follower_relay failed ("panel lacks required field(s) ['sector']") — skipped
[score_book_oos] fresh_cashfunded_upgrade_wedge failed ("panel lacks required field(s) ['epsEstimate', 'freeCashFlow', 'netStockIssuance', 'marketCap']") — skipped
[score_book_oos] event_freshness_accounting_confirmed_surprise failed ("panel lacks required field(s) ['epsSurprise', 'revenueSurprise', 'epsEstimate', 'revenueEstimate', 'grossMargin', 'operatingCashFlow', 'revenue', 'receivables', 'inventory', 'accountsPayable']") — skipped
[score_book_oos] partial_graph_peer_innovation_catchup failed ("panel lacks required field(s) ['sector']") — skipped
[score_book_oos] quality_regime_conditioned_issuer_distribution failed ("panel lacks required field(s) ['marketCap', 'netStockIssuance', 'sharesGrowth', 'industry', 'sector', 'roic', 'grossMargin', 'earningsYield']") — skipped
[score_book_oos] fresh_expectation_delivery_decay failed ("panel lacks required field(s) ['revenueGrowth', 'freeCashFlowYield', 'incomeQuality', 'sharesGrowth', 'psRatio']") — skipped
[score_book_oos] growth_expectation_convexity_break failed ("panel lacks required field(s) ['psRatio', 'sector', 'revenueGrowth', 'operatingMargin']") — skipped
[score_book_oos] growth_expectation_fresh_delivery_break failed ("panel lacks required field(s) ['psRatio', 'sector', 'revenueGrowth', 'operatingMargin']") — skipped
[score_book_oos] fundamental_momentum_extrapolation_fragility failed ("panel lacks required field(s) ['epsEstimate', 'revenueEstimate', 'operatingMargin', 'freeCashFlow', 'roic', 'psRatio', 'evToSales', 'sector']") — skipped
[score_book_oos] cashflow_deterioration_idio_downside_overshoot failed ("panel lacks required field(s) ['sector', 'operatingCashFlow', 'revenue', 'operatingMargin', 'interestCoverage']") — skipped
[score_book_oos] tail_survival_forcedflow_reversal_h6 failed ("panel lacks required field(s) ['revenueGrowth', 'operatingCashFlowGrowth', 'revenueSurprise']") — skipped
[score_book_oos] downside_excitation_fragility_acceleration_h6 failed ("panel lacks required field(s) ['roic', 'currentRatio', 'debtToEquity']") — skipped
[score_book_oos] downside_persistence_fragility_exhaustion failed ("panel lacks required field(s) ['debtToEquity', 'interestCoverage']") — skipped
[score_book_oos] resilient_downside_excitation_cooling_continuati failed ("panel lacks required field(s) ['cashRatio', 'debtToEquity']") — skipped
[score_book_oos] asymmetric_overnight_range_wedge_rebound failed ("panel lacks required field(s) ['sector']") — skipped
[score_book_oos] revision_financing_gated_idio_downside_polarity failed ("panel lacks required field(s) ['sector', 'epsEstimate', 'revenueEstimate', 'sharesGrowth', 'netStockIssuance', 'marketCap', 'freeCashFlowYield']") — skipped
[score_book_oos] scheduled_downside_cooling_information_drift failed ("panel lacks required field(s) ['sector']") — skipped
[score_book_oos] downside_tail_dependence_unpaid_bridge failed ("panel lacks required field(s) ['sector', 'debtToEquity', 'currentRatio']") — skipped
[score_book_oos] robust_tail_equity_supply_reversal failed ("panel lacks required field(s) ['netStockIssuance', 'sharesGrowth', 'marketCap']") — skipped
[score_book_oos] cashcycle_replenishment_rebound_completion failed ("panel lacks required field(s) ['receivables', 'inventory', 'accountsPayable', 'revenue', 'industry']") — skipped
[score_book_oos] idiosyncratic_tail_resilience_absorption_repair failed ("panel lacks required field(s) ['sector', 'operatingCashFlow', 'totalAssets', 'grossMargin', 'freeCashFlowYield', 'evToFreeCashFlow']") — skipped
[score_book_oos] report_clock_tail_network_derisking_gate failed ("panel lacks required field(s) ['sector', 'epsEstimate', 'revenueEstimate', 'epsActual', 'revenueActual', 'epsSurprise']") — skipped
[score_book_oos] anticipated_report_peer_tail_impact_gate failed ("panel lacks required field(s) ['sector', 'epsActual', 'revenueActual']") — skipped
[score_book_oos] volume_clock_signed_flow_schedule_h6 failed ("panel lacks required field(s) ['sector']") — skipped
[score_book_oos] surprise_novelty_absorption_drift failed ("panel lacks required field(s) ['epsSurprise', 'revenueSurprise', 'epsEstimate', 'revenueEstimate']") — skipped
[score_book_oos] industry_turnover_gated_idio_repair failed ("panel lacks required field(s) ['marketCap', 'industry', 'sector']") — skipped
[score_book_oos] latent_impact_absorption_persistence failed ("panel lacks required field(s) ['industry']") — skipped
[score_book_oos] fractional_propagator_flow_debt_reversal failed ("panel lacks required field(s) ['industry']") — skipped
[score_book_oos] sector_relative_opening_auction_rejection_h6 failed ("panel lacks required field(s) ['sector']") — skipped
[score_book_oos] decelerating_execution_debt_reversal failed ("panel lacks required field(s) ['industry']") — skipped
/Users/lucawurker/Desktop/Imperial/Master Thesis/QuantFundAgent/venv/lib/python3.13/site-packages/sklearn/utils/validation.py:2691: UserWarning: X does not have valid feature names, but LGBMRegressor was fitted with feature names
  warnings.warn(
  LOCO 28/62 tail_survival_capacity_impedance_drift
[score_book_oos] sbc_dilution_acceleration_supply_drift failed ("panel lacks required field(s) ['sector', 'stockBasedCompensation', 'revenue', 'sharesOutstanding', 'sharesGrowth', 'netStockIssuance', 'marketCap', 'shareRepurchase']") — skipped
[score_book_oos] cashflow_quality_confirmed_surprise_drift failed ("panel lacks required field(s) ['epsSurprise', 'epsEstimate', 'incomeQuality']") — skipped
[score_book_oos] fresh_cashflow_confirmed_surprise_drift failed ("panel lacks required field(s) ['epsSurprise', 'revenueSurprise', 'incomeQuality', 'freeCashFlowYield', 'cashConversionCycle']") — skipped
[score_book_oos] cashbacked_asymmetric_surprise_drift_h6 failed ("panel lacks required field(s) ['epsSurprise', 'epsEstimate', 'incomeQuality']") — skipped
[score_book_oos] cash_realization_surprise_disagreement failed ("panel lacks required field(s) ['epsSurprise', 'revenueSurprise', 'epsEstimate', 'revenueEstimate', 'epsActual', 'revenueActual', 'cashConversionCycle', 'incomeQuality', 'receivablesGrowth', 'inventoryGrowth']") — skipped
[score_book_oos] cashcycle_ambiguity_operating_fade failed ("panel lacks required field(s) ['sector', 'daysSalesOutstanding', 'daysInventoryOutstanding', 'incomeQuality', 'revenueGrowth']") — skipped
[score_book_oos] episode_coherence_fresh_revision_gap failed ("panel lacks required field(s) ['epsEstimate', 'revenueEstimate', 'industry']") — skipped
[score_book_oos] fundamental_peer_surprise_transmission_gap failed ("panel lacks required field(s) ['revenueGrowth', 'grossMargin', 'operatingMargin', 'roic', 'debtToEquity', 'epsSurprise', 'revenueSurprise', 'epsEstimate', 'revenueEstimate']") — skipped
[score_book_oos] sector_shock_distributed_lag_unpaid_response failed ("panel lacks required field(s) ['sector']") — skipped
[score_book_oos] stabilized_convex_common_shock_overshoot failed ("panel lacks required field(s) ['industry']") — skipped
[score_book_oos] directed_laggraph_liquidity_unpaid_response failed ("panel lacks required field(s) ['marketCap', 'industry']") — skipped
[score_book_oos] shrunk_directed_lag_liquidity_gap failed ("panel lacks required field(s) ['marketCap', 'industry']") — skipped
[score_book_oos] sector_hawkes_compensator_late_follower failed ("panel lacks required field(s) ['sector', 'currentRatio']") — skipped
[score_book_oos] signed_graph_curvature_residual_diffusion failed ("panel lacks required field(s) ['sector']") — skipped
[score_book_oos] factor_premium_dispersion_regime_transfer failed ("panel lacks required field(s) ['sector', 'freeCashFlowYield', 'roe', 'roic', 'incomeQuality', 'assetGrowth', 'debtGrowth', 'sharesGrowth']") — skipped
[score_book_oos] intraday_supply_curve_overshoot_reversal failed ("panel lacks required field(s) ['sector']") — skipped
[score_book_oos] report_assimilation_release_continuation_h6 failed ("panel lacks required field(s) ['epsSurprise', 'epsEstimate', 'epsActual']") — skipped
[score_book_oos] sector_shrunk_mode_follower_relay failed ("panel lacks required field(s) ['sector']") — skipped
[score_book_oos] fresh_cashfunded_upgrade_wedge failed ("panel lacks required field(s) ['epsEstimate', 'freeCashFlow', 'netStockIssuance', 'marketCap']") — skipped
[score_book_oos] tail_survival_capacity_impedance_drift failed ("panel lacks required field(s) ['revenueGrowth', 'operatingCashFlowGrowth', 'revenueSurprise']") — skipped
[score_book_oos] partial_graph_peer_innovation_catchup failed ("panel lacks required field(s) ['sector']") — skipped
[score_book_oos] quality_regime_conditioned_issuer_distribution failed ("panel lacks required field(s) ['marketCap', 'netStockIssuance', 'sharesGrowth', 'industry', 'sector', 'roic', 'grossMargin', 'earningsYield']") — skipped
[score_book_oos] fresh_expectation_delivery_decay failed ("panel lacks required field(s) ['revenueGrowth', 'freeCashFlowYield', 'incomeQuality', 'sharesGrowth', 'psRatio']") — skipped
[score_book_oos] growth_expectation_convexity_break failed ("panel lacks required field(s) ['psRatio', 'sector', 'revenueGrowth', 'operatingMargin']") — skipped
[score_book_oos] growth_expectation_fresh_delivery_break failed ("panel lacks required field(s) ['psRatio', 'sector', 'revenueGrowth', 'operatingMargin']") — skipped
[score_book_oos] fundamental_momentum_extrapolation_fragility failed ("panel lacks required field(s) ['epsEstimate', 'revenueEstimate', 'operatingMargin', 'freeCashFlow', 'roic', 'psRatio', 'evToSales', 'sector']") — skipped
[score_book_oos] cashflow_deterioration_idio_downside_overshoot failed ("panel lacks required field(s) ['sector', 'operatingCashFlow', 'revenue', 'operatingMargin', 'interestCoverage']") — skipped
[score_book_oos] tail_survival_forcedflow_reversal_h6 failed ("panel lacks required field(s) ['revenueGrowth', 'operatingCashFlowGrowth', 'revenueSurprise']") — skipped
[score_book_oos] downside_excitation_fragility_acceleration_h6 failed ("panel lacks required field(s) ['roic', 'currentRatio', 'debtToEquity']") — skipped
[score_book_oos] downside_persistence_fragility_exhaustion failed ("panel lacks required field(s) ['debtToEquity', 'interestCoverage']") — skipped
[score_book_oos] resilient_downside_excitation_cooling_continuati failed ("panel lacks required field(s) ['cashRatio', 'debtToEquity']") — skipped
[score_book_oos] asymmetric_overnight_range_wedge_rebound failed ("panel lacks required field(s) ['sector']") — skipped
[score_book_oos] revision_financing_gated_idio_downside_polarity failed ("panel lacks required field(s) ['sector', 'epsEstimate', 'revenueEstimate', 'sharesGrowth', 'netStockIssuance', 'marketCap', 'freeCashFlowYield']") — skipped
[score_book_oos] scheduled_downside_cooling_information_drift failed ("panel lacks required field(s) ['sector']") — skipped
[score_book_oos] downside_tail_dependence_unpaid_bridge failed ("panel lacks required field(s) ['sector', 'debtToEquity', 'currentRatio']") — skipped
[score_book_oos] robust_tail_equity_supply_reversal failed ("panel lacks required field(s) ['netStockIssuance', 'sharesGrowth', 'marketCap']") — skipped
[score_book_oos] cashcycle_replenishment_rebound_completion failed ("panel lacks required field(s) ['receivables', 'inventory', 'accountsPayable', 'revenue', 'industry']") — skipped
[score_book_oos] idiosyncratic_tail_resilience_absorption_repair failed ("panel lacks required field(s) ['sector', 'operatingCashFlow', 'totalAssets', 'grossMargin', 'freeCashFlowYield', 'evToFreeCashFlow']") — skipped
[score_book_oos] report_clock_tail_network_derisking_gate failed ("panel lacks required field(s) ['sector', 'epsEstimate', 'revenueEstimate', 'epsActual', 'revenueActual', 'epsSurprise']") — skipped
[score_book_oos] anticipated_report_peer_tail_impact_gate failed ("panel lacks required field(s) ['sector', 'epsActual', 'revenueActual']") — skipped
[score_book_oos] volume_clock_signed_flow_schedule_h6 failed ("panel lacks required field(s) ['sector']") — skipped
[score_book_oos] surprise_novelty_absorption_drift failed ("panel lacks required field(s) ['epsSurprise', 'revenueSurprise', 'epsEstimate', 'revenueEstimate']") — skipped
[score_book_oos] industry_turnover_gated_idio_repair failed ("panel lacks required field(s) ['marketCap', 'industry', 'sector']") — skipped
[score_book_oos] latent_impact_absorption_persistence failed ("panel lacks required field(s) ['industry']") — skipped
[score_book_oos] fractional_propagator_flow_debt_reversal failed ("panel lacks required field(s) ['industry']") — skipped
[score_book_oos] sector_relative_opening_auction_rejection_h6 failed ("panel lacks required field(s) ['sector']") — skipped
[score_book_oos] decelerating_execution_debt_reversal failed ("panel lacks required field(s) ['industry']") — skipped
/Users/lucawurker/Desktop/Imperial/Master Thesis/QuantFundAgent/venv/lib/python3.13/site-packages/sklearn/utils/validation.py:2691: UserWarning: X does not have valid feature names, but LGBMRegressor was fitted with feature names
  warnings.warn(
  LOCO 29/62 event_freshness_accounting_confirmed_surprise
[score_book_oos] sbc_dilution_acceleration_supply_drift failed ("panel lacks required field(s) ['sector', 'stockBasedCompensation', 'revenue', 'sharesOutstanding', 'sharesGrowth', 'netStockIssuance', 'marketCap', 'shareRepurchase']") — skipped
[score_book_oos] cashflow_quality_confirmed_surprise_drift failed ("panel lacks required field(s) ['epsSurprise', 'epsEstimate', 'incomeQuality']") — skipped
[score_book_oos] fresh_cashflow_confirmed_surprise_drift failed ("panel lacks required field(s) ['epsSurprise', 'revenueSurprise', 'incomeQuality', 'freeCashFlowYield', 'cashConversionCycle']") — skipped
[score_book_oos] cashbacked_asymmetric_surprise_drift_h6 failed ("panel lacks required field(s) ['epsSurprise', 'epsEstimate', 'incomeQuality']") — skipped
[score_book_oos] cash_realization_surprise_disagreement failed ("panel lacks required field(s) ['epsSurprise', 'revenueSurprise', 'epsEstimate', 'revenueEstimate', 'epsActual', 'revenueActual', 'cashConversionCycle', 'incomeQuality', 'receivablesGrowth', 'inventoryGrowth']") — skipped
[score_book_oos] cashcycle_ambiguity_operating_fade failed ("panel lacks required field(s) ['sector', 'daysSalesOutstanding', 'daysInventoryOutstanding', 'incomeQuality', 'revenueGrowth']") — skipped
[score_book_oos] episode_coherence_fresh_revision_gap failed ("panel lacks required field(s) ['epsEstimate', 'revenueEstimate', 'industry']") — skipped
[score_book_oos] fundamental_peer_surprise_transmission_gap failed ("panel lacks required field(s) ['revenueGrowth', 'grossMargin', 'operatingMargin', 'roic', 'debtToEquity', 'epsSurprise', 'revenueSurprise', 'epsEstimate', 'revenueEstimate']") — skipped
[score_book_oos] sector_shock_distributed_lag_unpaid_response failed ("panel lacks required field(s) ['sector']") — skipped
[score_book_oos] stabilized_convex_common_shock_overshoot failed ("panel lacks required field(s) ['industry']") — skipped
[score_book_oos] directed_laggraph_liquidity_unpaid_response failed ("panel lacks required field(s) ['marketCap', 'industry']") — skipped
[score_book_oos] shrunk_directed_lag_liquidity_gap failed ("panel lacks required field(s) ['marketCap', 'industry']") — skipped
[score_book_oos] sector_hawkes_compensator_late_follower failed ("panel lacks required field(s) ['sector', 'currentRatio']") — skipped
[score_book_oos] signed_graph_curvature_residual_diffusion failed ("panel lacks required field(s) ['sector']") — skipped
[score_book_oos] factor_premium_dispersion_regime_transfer failed ("panel lacks required field(s) ['sector', 'freeCashFlowYield', 'roe', 'roic', 'incomeQuality', 'assetGrowth', 'debtGrowth', 'sharesGrowth']") — skipped
[score_book_oos] intraday_supply_curve_overshoot_reversal failed ("panel lacks required field(s) ['sector']") — skipped
[score_book_oos] report_assimilation_release_continuation_h6 failed ("panel lacks required field(s) ['epsSurprise', 'epsEstimate', 'epsActual']") — skipped
[score_book_oos] sector_shrunk_mode_follower_relay failed ("panel lacks required field(s) ['sector']") — skipped
[score_book_oos] fresh_cashfunded_upgrade_wedge failed ("panel lacks required field(s) ['epsEstimate', 'freeCashFlow', 'netStockIssuance', 'marketCap']") — skipped
[score_book_oos] tail_survival_capacity_impedance_drift failed ("panel lacks required field(s) ['revenueGrowth', 'operatingCashFlowGrowth', 'revenueSurprise']") — skipped
[score_book_oos] event_freshness_accounting_confirmed_surprise failed ("panel lacks required field(s) ['epsSurprise', 'revenueSurprise', 'epsEstimate', 'revenueEstimate', 'grossMargin', 'operatingCashFlow', 'revenue', 'receivables', 'inventory', 'accountsPayable']") — skipped
[score_book_oos] quality_regime_conditioned_issuer_distribution failed ("panel lacks required field(s) ['marketCap', 'netStockIssuance', 'sharesGrowth', 'industry', 'sector', 'roic', 'grossMargin', 'earningsYield']") — skipped
[score_book_oos] fresh_expectation_delivery_decay failed ("panel lacks required field(s) ['revenueGrowth', 'freeCashFlowYield', 'incomeQuality', 'sharesGrowth', 'psRatio']") — skipped
[score_book_oos] growth_expectation_convexity_break failed ("panel lacks required field(s) ['psRatio', 'sector', 'revenueGrowth', 'operatingMargin']") — skipped
[score_book_oos] growth_expectation_fresh_delivery_break failed ("panel lacks required field(s) ['psRatio', 'sector', 'revenueGrowth', 'operatingMargin']") — skipped
[score_book_oos] fundamental_momentum_extrapolation_fragility failed ("panel lacks required field(s) ['epsEstimate', 'revenueEstimate', 'operatingMargin', 'freeCashFlow', 'roic', 'psRatio', 'evToSales', 'sector']") — skipped
[score_book_oos] cashflow_deterioration_idio_downside_overshoot failed ("panel lacks required field(s) ['sector', 'operatingCashFlow', 'revenue', 'operatingMargin', 'interestCoverage']") — skipped
[score_book_oos] tail_survival_forcedflow_reversal_h6 failed ("panel lacks required field(s) ['revenueGrowth', 'operatingCashFlowGrowth', 'revenueSurprise']") — skipped
[score_book_oos] downside_excitation_fragility_acceleration_h6 failed ("panel lacks required field(s) ['roic', 'currentRatio', 'debtToEquity']") — skipped
[score_book_oos] downside_persistence_fragility_exhaustion failed ("panel lacks required field(s) ['debtToEquity', 'interestCoverage']") — skipped
[score_book_oos] resilient_downside_excitation_cooling_continuati failed ("panel lacks required field(s) ['cashRatio', 'debtToEquity']") — skipped
[score_book_oos] asymmetric_overnight_range_wedge_rebound failed ("panel lacks required field(s) ['sector']") — skipped
[score_book_oos] revision_financing_gated_idio_downside_polarity failed ("panel lacks required field(s) ['sector', 'epsEstimate', 'revenueEstimate', 'sharesGrowth', 'netStockIssuance', 'marketCap', 'freeCashFlowYield']") — skipped
[score_book_oos] scheduled_downside_cooling_information_drift failed ("panel lacks required field(s) ['sector']") — skipped
[score_book_oos] downside_tail_dependence_unpaid_bridge failed ("panel lacks required field(s) ['sector', 'debtToEquity', 'currentRatio']") — skipped
[score_book_oos] robust_tail_equity_supply_reversal failed ("panel lacks required field(s) ['netStockIssuance', 'sharesGrowth', 'marketCap']") — skipped
[score_book_oos] cashcycle_replenishment_rebound_completion failed ("panel lacks required field(s) ['receivables', 'inventory', 'accountsPayable', 'revenue', 'industry']") — skipped
[score_book_oos] idiosyncratic_tail_resilience_absorption_repair failed ("panel lacks required field(s) ['sector', 'operatingCashFlow', 'totalAssets', 'grossMargin', 'freeCashFlowYield', 'evToFreeCashFlow']") — skipped
[score_book_oos] report_clock_tail_network_derisking_gate failed ("panel lacks required field(s) ['sector', 'epsEstimate', 'revenueEstimate', 'epsActual', 'revenueActual', 'epsSurprise']") — skipped
[score_book_oos] anticipated_report_peer_tail_impact_gate failed ("panel lacks required field(s) ['sector', 'epsActual', 'revenueActual']") — skipped
[score_book_oos] volume_clock_signed_flow_schedule_h6 failed ("panel lacks required field(s) ['sector']") — skipped
[score_book_oos] surprise_novelty_absorption_drift failed ("panel lacks required field(s) ['epsSurprise', 'revenueSurprise', 'epsEstimate', 'revenueEstimate']") — skipped
[score_book_oos] industry_turnover_gated_idio_repair failed ("panel lacks required field(s) ['marketCap', 'industry', 'sector']") — skipped
[score_book_oos] latent_impact_absorption_persistence failed ("panel lacks required field(s) ['industry']") — skipped
[score_book_oos] fractional_propagator_flow_debt_reversal failed ("panel lacks required field(s) ['industry']") — skipped
[score_book_oos] sector_relative_opening_auction_rejection_h6 failed ("panel lacks required field(s) ['sector']") — skipped
[score_book_oos] decelerating_execution_debt_reversal failed ("panel lacks required field(s) ['industry']") — skipped
/Users/lucawurker/Desktop/Imperial/Master Thesis/QuantFundAgent/venv/lib/python3.13/site-packages/sklearn/utils/validation.py:2691: UserWarning: X does not have valid feature names, but LGBMRegressor was fitted with feature names
  warnings.warn(
  LOCO 30/62 partial_graph_peer_innovation_catchup
[score_book_oos] sbc_dilution_acceleration_supply_drift failed ("panel lacks required field(s) ['sector', 'stockBasedCompensation', 'revenue', 'sharesOutstanding', 'sharesGrowth', 'netStockIssuance', 'marketCap', 'shareRepurchase']") — skipped
[score_book_oos] cashflow_quality_confirmed_surprise_drift failed ("panel lacks required field(s) ['epsSurprise', 'epsEstimate', 'incomeQuality']") — skipped
[score_book_oos] fresh_cashflow_confirmed_surprise_drift failed ("panel lacks required field(s) ['epsSurprise', 'revenueSurprise', 'incomeQuality', 'freeCashFlowYield', 'cashConversionCycle']") — skipped
[score_book_oos] cashbacked_asymmetric_surprise_drift_h6 failed ("panel lacks required field(s) ['epsSurprise', 'epsEstimate', 'incomeQuality']") — skipped
[score_book_oos] cash_realization_surprise_disagreement failed ("panel lacks required field(s) ['epsSurprise', 'revenueSurprise', 'epsEstimate', 'revenueEstimate', 'epsActual', 'revenueActual', 'cashConversionCycle', 'incomeQuality', 'receivablesGrowth', 'inventoryGrowth']") — skipped
[score_book_oos] cashcycle_ambiguity_operating_fade failed ("panel lacks required field(s) ['sector', 'daysSalesOutstanding', 'daysInventoryOutstanding', 'incomeQuality', 'revenueGrowth']") — skipped
[score_book_oos] episode_coherence_fresh_revision_gap failed ("panel lacks required field(s) ['epsEstimate', 'revenueEstimate', 'industry']") — skipped
[score_book_oos] fundamental_peer_surprise_transmission_gap failed ("panel lacks required field(s) ['revenueGrowth', 'grossMargin', 'operatingMargin', 'roic', 'debtToEquity', 'epsSurprise', 'revenueSurprise', 'epsEstimate', 'revenueEstimate']") — skipped
[score_book_oos] sector_shock_distributed_lag_unpaid_response failed ("panel lacks required field(s) ['sector']") — skipped
[score_book_oos] stabilized_convex_common_shock_overshoot failed ("panel lacks required field(s) ['industry']") — skipped
[score_book_oos] directed_laggraph_liquidity_unpaid_response failed ("panel lacks required field(s) ['marketCap', 'industry']") — skipped
[score_book_oos] shrunk_directed_lag_liquidity_gap failed ("panel lacks required field(s) ['marketCap', 'industry']") — skipped
[score_book_oos] sector_hawkes_compensator_late_follower failed ("panel lacks required field(s) ['sector', 'currentRatio']") — skipped
[score_book_oos] signed_graph_curvature_residual_diffusion failed ("panel lacks required field(s) ['sector']") — skipped
[score_book_oos] factor_premium_dispersion_regime_transfer failed ("panel lacks required field(s) ['sector', 'freeCashFlowYield', 'roe', 'roic', 'incomeQuality', 'assetGrowth', 'debtGrowth', 'sharesGrowth']") — skipped
[score_book_oos] intraday_supply_curve_overshoot_reversal failed ("panel lacks required field(s) ['sector']") — skipped
[score_book_oos] report_assimilation_release_continuation_h6 failed ("panel lacks required field(s) ['epsSurprise', 'epsEstimate', 'epsActual']") — skipped
[score_book_oos] sector_shrunk_mode_follower_relay failed ("panel lacks required field(s) ['sector']") — skipped
[score_book_oos] fresh_cashfunded_upgrade_wedge failed ("panel lacks required field(s) ['epsEstimate', 'freeCashFlow', 'netStockIssuance', 'marketCap']") — skipped
[score_book_oos] tail_survival_capacity_impedance_drift failed ("panel lacks required field(s) ['revenueGrowth', 'operatingCashFlowGrowth', 'revenueSurprise']") — skipped
[score_book_oos] event_freshness_accounting_confirmed_surprise failed ("panel lacks required field(s) ['epsSurprise', 'revenueSurprise', 'epsEstimate', 'revenueEstimate', 'grossMargin', 'operatingCashFlow', 'revenue', 'receivables', 'inventory', 'accountsPayable']") — skipped
[score_book_oos] partial_graph_peer_innovation_catchup failed ("panel lacks required field(s) ['sector']") — skipped
[score_book_oos] fresh_expectation_delivery_decay failed ("panel lacks required field(s) ['revenueGrowth', 'freeCashFlowYield', 'incomeQuality', 'sharesGrowth', 'psRatio']") — skipped
[score_book_oos] growth_expectation_convexity_break failed ("panel lacks required field(s) ['psRatio', 'sector', 'revenueGrowth', 'operatingMargin']") — skipped
[score_book_oos] growth_expectation_fresh_delivery_break failed ("panel lacks required field(s) ['psRatio', 'sector', 'revenueGrowth', 'operatingMargin']") — skipped
[score_book_oos] fundamental_momentum_extrapolation_fragility failed ("panel lacks required field(s) ['epsEstimate', 'revenueEstimate', 'operatingMargin', 'freeCashFlow', 'roic', 'psRatio', 'evToSales', 'sector']") — skipped
[score_book_oos] cashflow_deterioration_idio_downside_overshoot failed ("panel lacks required field(s) ['sector', 'operatingCashFlow', 'revenue', 'operatingMargin', 'interestCoverage']") — skipped
[score_book_oos] tail_survival_forcedflow_reversal_h6 failed ("panel lacks required field(s) ['revenueGrowth', 'operatingCashFlowGrowth', 'revenueSurprise']") — skipped
[score_book_oos] downside_excitation_fragility_acceleration_h6 failed ("panel lacks required field(s) ['roic', 'currentRatio', 'debtToEquity']") — skipped
[score_book_oos] downside_persistence_fragility_exhaustion failed ("panel lacks required field(s) ['debtToEquity', 'interestCoverage']") — skipped
[score_book_oos] resilient_downside_excitation_cooling_continuati failed ("panel lacks required field(s) ['cashRatio', 'debtToEquity']") — skipped
[score_book_oos] asymmetric_overnight_range_wedge_rebound failed ("panel lacks required field(s) ['sector']") — skipped
[score_book_oos] revision_financing_gated_idio_downside_polarity failed ("panel lacks required field(s) ['sector', 'epsEstimate', 'revenueEstimate', 'sharesGrowth', 'netStockIssuance', 'marketCap', 'freeCashFlowYield']") — skipped
[score_book_oos] scheduled_downside_cooling_information_drift failed ("panel lacks required field(s) ['sector']") — skipped
[score_book_oos] downside_tail_dependence_unpaid_bridge failed ("panel lacks required field(s) ['sector', 'debtToEquity', 'currentRatio']") — skipped
[score_book_oos] robust_tail_equity_supply_reversal failed ("panel lacks required field(s) ['netStockIssuance', 'sharesGrowth', 'marketCap']") — skipped
[score_book_oos] cashcycle_replenishment_rebound_completion failed ("panel lacks required field(s) ['receivables', 'inventory', 'accountsPayable', 'revenue', 'industry']") — skipped
[score_book_oos] idiosyncratic_tail_resilience_absorption_repair failed ("panel lacks required field(s) ['sector', 'operatingCashFlow', 'totalAssets', 'grossMargin', 'freeCashFlowYield', 'evToFreeCashFlow']") — skipped
[score_book_oos] report_clock_tail_network_derisking_gate failed ("panel lacks required field(s) ['sector', 'epsEstimate', 'revenueEstimate', 'epsActual', 'revenueActual', 'epsSurprise']") — skipped
[score_book_oos] anticipated_report_peer_tail_impact_gate failed ("panel lacks required field(s) ['sector', 'epsActual', 'revenueActual']") — skipped
[score_book_oos] volume_clock_signed_flow_schedule_h6 failed ("panel lacks required field(s) ['sector']") — skipped
[score_book_oos] surprise_novelty_absorption_drift failed ("panel lacks required field(s) ['epsSurprise', 'revenueSurprise', 'epsEstimate', 'revenueEstimate']") — skipped
[score_book_oos] industry_turnover_gated_idio_repair failed ("panel lacks required field(s) ['marketCap', 'industry', 'sector']") — skipped
[score_book_oos] latent_impact_absorption_persistence failed ("panel lacks required field(s) ['industry']") — skipped
[score_book_oos] fractional_propagator_flow_debt_reversal failed ("panel lacks required field(s) ['industry']") — skipped
[score_book_oos] sector_relative_opening_auction_rejection_h6 failed ("panel lacks required field(s) ['sector']") — skipped
[score_book_oos] decelerating_execution_debt_reversal failed ("panel lacks required field(s) ['industry']") — skipped
/Users/lucawurker/Desktop/Imperial/Master Thesis/QuantFundAgent/venv/lib/python3.13/site-packages/sklearn/utils/validation.py:2691: UserWarning: X does not have valid feature names, but LGBMRegressor was fitted with feature names
  warnings.warn(
  LOCO 31/62 quality_regime_conditioned_issuer_distribution
[score_book_oos] sbc_dilution_acceleration_supply_drift failed ("panel lacks required field(s) ['sector', 'stockBasedCompensation', 'revenue', 'sharesOutstanding', 'sharesGrowth', 'netStockIssuance', 'marketCap', 'shareRepurchase']") — skipped
[score_book_oos] cashflow_quality_confirmed_surprise_drift failed ("panel lacks required field(s) ['epsSurprise', 'epsEstimate', 'incomeQuality']") — skipped
[score_book_oos] fresh_cashflow_confirmed_surprise_drift failed ("panel lacks required field(s) ['epsSurprise', 'revenueSurprise', 'incomeQuality', 'freeCashFlowYield', 'cashConversionCycle']") — skipped
[score_book_oos] cashbacked_asymmetric_surprise_drift_h6 failed ("panel lacks required field(s) ['epsSurprise', 'epsEstimate', 'incomeQuality']") — skipped
[score_book_oos] cash_realization_surprise_disagreement failed ("panel lacks required field(s) ['epsSurprise', 'revenueSurprise', 'epsEstimate', 'revenueEstimate', 'epsActual', 'revenueActual', 'cashConversionCycle', 'incomeQuality', 'receivablesGrowth', 'inventoryGrowth']") — skipped
[score_book_oos] cashcycle_ambiguity_operating_fade failed ("panel lacks required field(s) ['sector', 'daysSalesOutstanding', 'daysInventoryOutstanding', 'incomeQuality', 'revenueGrowth']") — skipped
[score_book_oos] episode_coherence_fresh_revision_gap failed ("panel lacks required field(s) ['epsEstimate', 'revenueEstimate', 'industry']") — skipped
[score_book_oos] fundamental_peer_surprise_transmission_gap failed ("panel lacks required field(s) ['revenueGrowth', 'grossMargin', 'operatingMargin', 'roic', 'debtToEquity', 'epsSurprise', 'revenueSurprise', 'epsEstimate', 'revenueEstimate']") — skipped
[score_book_oos] sector_shock_distributed_lag_unpaid_response failed ("panel lacks required field(s) ['sector']") — skipped
[score_book_oos] stabilized_convex_common_shock_overshoot failed ("panel lacks required field(s) ['industry']") — skipped
[score_book_oos] directed_laggraph_liquidity_unpaid_response failed ("panel lacks required field(s) ['marketCap', 'industry']") — skipped
[score_book_oos] shrunk_directed_lag_liquidity_gap failed ("panel lacks required field(s) ['marketCap', 'industry']") — skipped
[score_book_oos] sector_hawkes_compensator_late_follower failed ("panel lacks required field(s) ['sector', 'currentRatio']") — skipped
[score_book_oos] signed_graph_curvature_residual_diffusion failed ("panel lacks required field(s) ['sector']") — skipped
[score_book_oos] factor_premium_dispersion_regime_transfer failed ("panel lacks required field(s) ['sector', 'freeCashFlowYield', 'roe', 'roic', 'incomeQuality', 'assetGrowth', 'debtGrowth', 'sharesGrowth']") — skipped
[score_book_oos] intraday_supply_curve_overshoot_reversal failed ("panel lacks required field(s) ['sector']") — skipped
[score_book_oos] report_assimilation_release_continuation_h6 failed ("panel lacks required field(s) ['epsSurprise', 'epsEstimate', 'epsActual']") — skipped
[score_book_oos] sector_shrunk_mode_follower_relay failed ("panel lacks required field(s) ['sector']") — skipped
[score_book_oos] fresh_cashfunded_upgrade_wedge failed ("panel lacks required field(s) ['epsEstimate', 'freeCashFlow', 'netStockIssuance', 'marketCap']") — skipped
[score_book_oos] tail_survival_capacity_impedance_drift failed ("panel lacks required field(s) ['revenueGrowth', 'operatingCashFlowGrowth', 'revenueSurprise']") — skipped
[score_book_oos] event_freshness_accounting_confirmed_surprise failed ("panel lacks required field(s) ['epsSurprise', 'revenueSurprise', 'epsEstimate', 'revenueEstimate', 'grossMargin', 'operatingCashFlow', 'revenue', 'receivables', 'inventory', 'accountsPayable']") — skipped
[score_book_oos] partial_graph_peer_innovation_catchup failed ("panel lacks required field(s) ['sector']") — skipped
[score_book_oos] quality_regime_conditioned_issuer_distribution failed ("panel lacks required field(s) ['marketCap', 'netStockIssuance', 'sharesGrowth', 'industry', 'sector', 'roic', 'grossMargin', 'earningsYield']") — skipped
[score_book_oos] growth_expectation_convexity_break failed ("panel lacks required field(s) ['psRatio', 'sector', 'revenueGrowth', 'operatingMargin']") — skipped
[score_book_oos] growth_expectation_fresh_delivery_break failed ("panel lacks required field(s) ['psRatio', 'sector', 'revenueGrowth', 'operatingMargin']") — skipped
[score_book_oos] fundamental_momentum_extrapolation_fragility failed ("panel lacks required field(s) ['epsEstimate', 'revenueEstimate', 'operatingMargin', 'freeCashFlow', 'roic', 'psRatio', 'evToSales', 'sector']") — skipped
[score_book_oos] cashflow_deterioration_idio_downside_overshoot failed ("panel lacks required field(s) ['sector', 'operatingCashFlow', 'revenue', 'operatingMargin', 'interestCoverage']") — skipped
[score_book_oos] tail_survival_forcedflow_reversal_h6 failed ("panel lacks required field(s) ['revenueGrowth', 'operatingCashFlowGrowth', 'revenueSurprise']") — skipped
[score_book_oos] downside_excitation_fragility_acceleration_h6 failed ("panel lacks required field(s) ['roic', 'currentRatio', 'debtToEquity']") — skipped
[score_book_oos] downside_persistence_fragility_exhaustion failed ("panel lacks required field(s) ['debtToEquity', 'interestCoverage']") — skipped
[score_book_oos] resilient_downside_excitation_cooling_continuati failed ("panel lacks required field(s) ['cashRatio', 'debtToEquity']") — skipped
[score_book_oos] asymmetric_overnight_range_wedge_rebound failed ("panel lacks required field(s) ['sector']") — skipped
[score_book_oos] revision_financing_gated_idio_downside_polarity failed ("panel lacks required field(s) ['sector', 'epsEstimate', 'revenueEstimate', 'sharesGrowth', 'netStockIssuance', 'marketCap', 'freeCashFlowYield']") — skipped
[score_book_oos] scheduled_downside_cooling_information_drift failed ("panel lacks required field(s) ['sector']") — skipped
[score_book_oos] downside_tail_dependence_unpaid_bridge failed ("panel lacks required field(s) ['sector', 'debtToEquity', 'currentRatio']") — skipped
[score_book_oos] robust_tail_equity_supply_reversal failed ("panel lacks required field(s) ['netStockIssuance', 'sharesGrowth', 'marketCap']") — skipped
[score_book_oos] cashcycle_replenishment_rebound_completion failed ("panel lacks required field(s) ['receivables', 'inventory', 'accountsPayable', 'revenue', 'industry']") — skipped
[score_book_oos] idiosyncratic_tail_resilience_absorption_repair failed ("panel lacks required field(s) ['sector', 'operatingCashFlow', 'totalAssets', 'grossMargin', 'freeCashFlowYield', 'evToFreeCashFlow']") — skipped
[score_book_oos] report_clock_tail_network_derisking_gate failed ("panel lacks required field(s) ['sector', 'epsEstimate', 'revenueEstimate', 'epsActual', 'revenueActual', 'epsSurprise']") — skipped
[score_book_oos] anticipated_report_peer_tail_impact_gate failed ("panel lacks required field(s) ['sector', 'epsActual', 'revenueActual']") — skipped
[score_book_oos] volume_clock_signed_flow_schedule_h6 failed ("panel lacks required field(s) ['sector']") — skipped
[score_book_oos] surprise_novelty_absorption_drift failed ("panel lacks required field(s) ['epsSurprise', 'revenueSurprise', 'epsEstimate', 'revenueEstimate']") — skipped
[score_book_oos] industry_turnover_gated_idio_repair failed ("panel lacks required field(s) ['marketCap', 'industry', 'sector']") — skipped
[score_book_oos] latent_impact_absorption_persistence failed ("panel lacks required field(s) ['industry']") — skipped
[score_book_oos] fractional_propagator_flow_debt_reversal failed ("panel lacks required field(s) ['industry']") — skipped
[score_book_oos] sector_relative_opening_auction_rejection_h6 failed ("panel lacks required field(s) ['sector']") — skipped
[score_book_oos] decelerating_execution_debt_reversal failed ("panel lacks required field(s) ['industry']") — skipped
/Users/lucawurker/Desktop/Imperial/Master Thesis/QuantFundAgent/venv/lib/python3.13/site-packages/sklearn/utils/validation.py:2691: UserWarning: X does not have valid feature names, but LGBMRegressor was fitted with feature names
  warnings.warn(
  LOCO 32/62 fresh_expectation_delivery_decay
[score_book_oos] sbc_dilution_acceleration_supply_drift failed ("panel lacks required field(s) ['sector', 'stockBasedCompensation', 'revenue', 'sharesOutstanding', 'sharesGrowth', 'netStockIssuance', 'marketCap', 'shareRepurchase']") — skipped
[score_book_oos] cashflow_quality_confirmed_surprise_drift failed ("panel lacks required field(s) ['epsSurprise', 'epsEstimate', 'incomeQuality']") — skipped
[score_book_oos] fresh_cashflow_confirmed_surprise_drift failed ("panel lacks required field(s) ['epsSurprise', 'revenueSurprise', 'incomeQuality', 'freeCashFlowYield', 'cashConversionCycle']") — skipped
[score_book_oos] cashbacked_asymmetric_surprise_drift_h6 failed ("panel lacks required field(s) ['epsSurprise', 'epsEstimate', 'incomeQuality']") — skipped
[score_book_oos] cash_realization_surprise_disagreement failed ("panel lacks required field(s) ['epsSurprise', 'revenueSurprise', 'epsEstimate', 'revenueEstimate', 'epsActual', 'revenueActual', 'cashConversionCycle', 'incomeQuality', 'receivablesGrowth', 'inventoryGrowth']") — skipped
[score_book_oos] cashcycle_ambiguity_operating_fade failed ("panel lacks required field(s) ['sector', 'daysSalesOutstanding', 'daysInventoryOutstanding', 'incomeQuality', 'revenueGrowth']") — skipped
[score_book_oos] episode_coherence_fresh_revision_gap failed ("panel lacks required field(s) ['epsEstimate', 'revenueEstimate', 'industry']") — skipped
[score_book_oos] fundamental_peer_surprise_transmission_gap failed ("panel lacks required field(s) ['revenueGrowth', 'grossMargin', 'operatingMargin', 'roic', 'debtToEquity', 'epsSurprise', 'revenueSurprise', 'epsEstimate', 'revenueEstimate']") — skipped
[score_book_oos] sector_shock_distributed_lag_unpaid_response failed ("panel lacks required field(s) ['sector']") — skipped
[score_book_oos] stabilized_convex_common_shock_overshoot failed ("panel lacks required field(s) ['industry']") — skipped
[score_book_oos] directed_laggraph_liquidity_unpaid_response failed ("panel lacks required field(s) ['marketCap', 'industry']") — skipped
[score_book_oos] shrunk_directed_lag_liquidity_gap failed ("panel lacks required field(s) ['marketCap', 'industry']") — skipped
[score_book_oos] sector_hawkes_compensator_late_follower failed ("panel lacks required field(s) ['sector', 'currentRatio']") — skipped
[score_book_oos] signed_graph_curvature_residual_diffusion failed ("panel lacks required field(s) ['sector']") — skipped
[score_book_oos] factor_premium_dispersion_regime_transfer failed ("panel lacks required field(s) ['sector', 'freeCashFlowYield', 'roe', 'roic', 'incomeQuality', 'assetGrowth', 'debtGrowth', 'sharesGrowth']") — skipped
[score_book_oos] intraday_supply_curve_overshoot_reversal failed ("panel lacks required field(s) ['sector']") — skipped
[score_book_oos] report_assimilation_release_continuation_h6 failed ("panel lacks required field(s) ['epsSurprise', 'epsEstimate', 'epsActual']") — skipped
[score_book_oos] sector_shrunk_mode_follower_relay failed ("panel lacks required field(s) ['sector']") — skipped
[score_book_oos] fresh_cashfunded_upgrade_wedge failed ("panel lacks required field(s) ['epsEstimate', 'freeCashFlow', 'netStockIssuance', 'marketCap']") — skipped
[score_book_oos] tail_survival_capacity_impedance_drift failed ("panel lacks required field(s) ['revenueGrowth', 'operatingCashFlowGrowth', 'revenueSurprise']") — skipped
[score_book_oos] event_freshness_accounting_confirmed_surprise failed ("panel lacks required field(s) ['epsSurprise', 'revenueSurprise', 'epsEstimate', 'revenueEstimate', 'grossMargin', 'operatingCashFlow', 'revenue', 'receivables', 'inventory', 'accountsPayable']") — skipped
[score_book_oos] partial_graph_peer_innovation_catchup failed ("panel lacks required field(s) ['sector']") — skipped
[score_book_oos] quality_regime_conditioned_issuer_distribution failed ("panel lacks required field(s) ['marketCap', 'netStockIssuance', 'sharesGrowth', 'industry', 'sector', 'roic', 'grossMargin', 'earningsYield']") — skipped
[score_book_oos] fresh_expectation_delivery_decay failed ("panel lacks required field(s) ['revenueGrowth', 'freeCashFlowYield', 'incomeQuality', 'sharesGrowth', 'psRatio']") — skipped
[score_book_oos] growth_expectation_fresh_delivery_break failed ("panel lacks required field(s) ['psRatio', 'sector', 'revenueGrowth', 'operatingMargin']") — skipped
[score_book_oos] fundamental_momentum_extrapolation_fragility failed ("panel lacks required field(s) ['epsEstimate', 'revenueEstimate', 'operatingMargin', 'freeCashFlow', 'roic', 'psRatio', 'evToSales', 'sector']") — skipped
[score_book_oos] cashflow_deterioration_idio_downside_overshoot failed ("panel lacks required field(s) ['sector', 'operatingCashFlow', 'revenue', 'operatingMargin', 'interestCoverage']") — skipped
[score_book_oos] tail_survival_forcedflow_reversal_h6 failed ("panel lacks required field(s) ['revenueGrowth', 'operatingCashFlowGrowth', 'revenueSurprise']") — skipped
[score_book_oos] downside_excitation_fragility_acceleration_h6 failed ("panel lacks required field(s) ['roic', 'currentRatio', 'debtToEquity']") — skipped
[score_book_oos] downside_persistence_fragility_exhaustion failed ("panel lacks required field(s) ['debtToEquity', 'interestCoverage']") — skipped
[score_book_oos] resilient_downside_excitation_cooling_continuati failed ("panel lacks required field(s) ['cashRatio', 'debtToEquity']") — skipped
[score_book_oos] asymmetric_overnight_range_wedge_rebound failed ("panel lacks required field(s) ['sector']") — skipped
[score_book_oos] revision_financing_gated_idio_downside_polarity failed ("panel lacks required field(s) ['sector', 'epsEstimate', 'revenueEstimate', 'sharesGrowth', 'netStockIssuance', 'marketCap', 'freeCashFlowYield']") — skipped
[score_book_oos] scheduled_downside_cooling_information_drift failed ("panel lacks required field(s) ['sector']") — skipped
[score_book_oos] downside_tail_dependence_unpaid_bridge failed ("panel lacks required field(s) ['sector', 'debtToEquity', 'currentRatio']") — skipped
[score_book_oos] robust_tail_equity_supply_reversal failed ("panel lacks required field(s) ['netStockIssuance', 'sharesGrowth', 'marketCap']") — skipped
[score_book_oos] cashcycle_replenishment_rebound_completion failed ("panel lacks required field(s) ['receivables', 'inventory', 'accountsPayable', 'revenue', 'industry']") — skipped
[score_book_oos] idiosyncratic_tail_resilience_absorption_repair failed ("panel lacks required field(s) ['sector', 'operatingCashFlow', 'totalAssets', 'grossMargin', 'freeCashFlowYield', 'evToFreeCashFlow']") — skipped
[score_book_oos] report_clock_tail_network_derisking_gate failed ("panel lacks required field(s) ['sector', 'epsEstimate', 'revenueEstimate', 'epsActual', 'revenueActual', 'epsSurprise']") — skipped
[score_book_oos] anticipated_report_peer_tail_impact_gate failed ("panel lacks required field(s) ['sector', 'epsActual', 'revenueActual']") — skipped
[score_book_oos] volume_clock_signed_flow_schedule_h6 failed ("panel lacks required field(s) ['sector']") — skipped
[score_book_oos] surprise_novelty_absorption_drift failed ("panel lacks required field(s) ['epsSurprise', 'revenueSurprise', 'epsEstimate', 'revenueEstimate']") — skipped
[score_book_oos] industry_turnover_gated_idio_repair failed ("panel lacks required field(s) ['marketCap', 'industry', 'sector']") — skipped
[score_book_oos] latent_impact_absorption_persistence failed ("panel lacks required field(s) ['industry']") — skipped
[score_book_oos] fractional_propagator_flow_debt_reversal failed ("panel lacks required field(s) ['industry']") — skipped
[score_book_oos] sector_relative_opening_auction_rejection_h6 failed ("panel lacks required field(s) ['sector']") — skipped
[score_book_oos] decelerating_execution_debt_reversal failed ("panel lacks required field(s) ['industry']") — skipped
/Users/lucawurker/Desktop/Imperial/Master Thesis/QuantFundAgent/venv/lib/python3.13/site-packages/sklearn/utils/validation.py:2691: UserWarning: X does not have valid feature names, but LGBMRegressor was fitted with feature names
  warnings.warn(
  LOCO 33/62 growth_expectation_convexity_break
[score_book_oos] sbc_dilution_acceleration_supply_drift failed ("panel lacks required field(s) ['sector', 'stockBasedCompensation', 'revenue', 'sharesOutstanding', 'sharesGrowth', 'netStockIssuance', 'marketCap', 'shareRepurchase']") — skipped
[score_book_oos] cashflow_quality_confirmed_surprise_drift failed ("panel lacks required field(s) ['epsSurprise', 'epsEstimate', 'incomeQuality']") — skipped
[score_book_oos] fresh_cashflow_confirmed_surprise_drift failed ("panel lacks required field(s) ['epsSurprise', 'revenueSurprise', 'incomeQuality', 'freeCashFlowYield', 'cashConversionCycle']") — skipped
[score_book_oos] cashbacked_asymmetric_surprise_drift_h6 failed ("panel lacks required field(s) ['epsSurprise', 'epsEstimate', 'incomeQuality']") — skipped
[score_book_oos] cash_realization_surprise_disagreement failed ("panel lacks required field(s) ['epsSurprise', 'revenueSurprise', 'epsEstimate', 'revenueEstimate', 'epsActual', 'revenueActual', 'cashConversionCycle', 'incomeQuality', 'receivablesGrowth', 'inventoryGrowth']") — skipped
[score_book_oos] cashcycle_ambiguity_operating_fade failed ("panel lacks required field(s) ['sector', 'daysSalesOutstanding', 'daysInventoryOutstanding', 'incomeQuality', 'revenueGrowth']") — skipped
[score_book_oos] episode_coherence_fresh_revision_gap failed ("panel lacks required field(s) ['epsEstimate', 'revenueEstimate', 'industry']") — skipped
[score_book_oos] fundamental_peer_surprise_transmission_gap failed ("panel lacks required field(s) ['revenueGrowth', 'grossMargin', 'operatingMargin', 'roic', 'debtToEquity', 'epsSurprise', 'revenueSurprise', 'epsEstimate', 'revenueEstimate']") — skipped
[score_book_oos] sector_shock_distributed_lag_unpaid_response failed ("panel lacks required field(s) ['sector']") — skipped
[score_book_oos] stabilized_convex_common_shock_overshoot failed ("panel lacks required field(s) ['industry']") — skipped
[score_book_oos] directed_laggraph_liquidity_unpaid_response failed ("panel lacks required field(s) ['marketCap', 'industry']") — skipped
[score_book_oos] shrunk_directed_lag_liquidity_gap failed ("panel lacks required field(s) ['marketCap', 'industry']") — skipped
[score_book_oos] sector_hawkes_compensator_late_follower failed ("panel lacks required field(s) ['sector', 'currentRatio']") — skipped
[score_book_oos] signed_graph_curvature_residual_diffusion failed ("panel lacks required field(s) ['sector']") — skipped
[score_book_oos] factor_premium_dispersion_regime_transfer failed ("panel lacks required field(s) ['sector', 'freeCashFlowYield', 'roe', 'roic', 'incomeQuality', 'assetGrowth', 'debtGrowth', 'sharesGrowth']") — skipped
[score_book_oos] intraday_supply_curve_overshoot_reversal failed ("panel lacks required field(s) ['sector']") — skipped
[score_book_oos] report_assimilation_release_continuation_h6 failed ("panel lacks required field(s) ['epsSurprise', 'epsEstimate', 'epsActual']") — skipped
[score_book_oos] sector_shrunk_mode_follower_relay failed ("panel lacks required field(s) ['sector']") — skipped
[score_book_oos] fresh_cashfunded_upgrade_wedge failed ("panel lacks required field(s) ['epsEstimate', 'freeCashFlow', 'netStockIssuance', 'marketCap']") — skipped
[score_book_oos] tail_survival_capacity_impedance_drift failed ("panel lacks required field(s) ['revenueGrowth', 'operatingCashFlowGrowth', 'revenueSurprise']") — skipped
[score_book_oos] event_freshness_accounting_confirmed_surprise failed ("panel lacks required field(s) ['epsSurprise', 'revenueSurprise', 'epsEstimate', 'revenueEstimate', 'grossMargin', 'operatingCashFlow', 'revenue', 'receivables', 'inventory', 'accountsPayable']") — skipped
[score_book_oos] partial_graph_peer_innovation_catchup failed ("panel lacks required field(s) ['sector']") — skipped
[score_book_oos] quality_regime_conditioned_issuer_distribution failed ("panel lacks required field(s) ['marketCap', 'netStockIssuance', 'sharesGrowth', 'industry', 'sector', 'roic', 'grossMargin', 'earningsYield']") — skipped
[score_book_oos] fresh_expectation_delivery_decay failed ("panel lacks required field(s) ['revenueGrowth', 'freeCashFlowYield', 'incomeQuality', 'sharesGrowth', 'psRatio']") — skipped
[score_book_oos] growth_expectation_convexity_break failed ("panel lacks required field(s) ['psRatio', 'sector', 'revenueGrowth', 'operatingMargin']") — skipped
[score_book_oos] fundamental_momentum_extrapolation_fragility failed ("panel lacks required field(s) ['epsEstimate', 'revenueEstimate', 'operatingMargin', 'freeCashFlow', 'roic', 'psRatio', 'evToSales', 'sector']") — skipped
[score_book_oos] cashflow_deterioration_idio_downside_overshoot failed ("panel lacks required field(s) ['sector', 'operatingCashFlow', 'revenue', 'operatingMargin', 'interestCoverage']") — skipped
[score_book_oos] tail_survival_forcedflow_reversal_h6 failed ("panel lacks required field(s) ['revenueGrowth', 'operatingCashFlowGrowth', 'revenueSurprise']") — skipped
[score_book_oos] downside_excitation_fragility_acceleration_h6 failed ("panel lacks required field(s) ['roic', 'currentRatio', 'debtToEquity']") — skipped
[score_book_oos] downside_persistence_fragility_exhaustion failed ("panel lacks required field(s) ['debtToEquity', 'interestCoverage']") — skipped
[score_book_oos] resilient_downside_excitation_cooling_continuati failed ("panel lacks required field(s) ['cashRatio', 'debtToEquity']") — skipped
[score_book_oos] asymmetric_overnight_range_wedge_rebound failed ("panel lacks required field(s) ['sector']") — skipped
[score_book_oos] revision_financing_gated_idio_downside_polarity failed ("panel lacks required field(s) ['sector', 'epsEstimate', 'revenueEstimate', 'sharesGrowth', 'netStockIssuance', 'marketCap', 'freeCashFlowYield']") — skipped
[score_book_oos] scheduled_downside_cooling_information_drift failed ("panel lacks required field(s) ['sector']") — skipped
[score_book_oos] downside_tail_dependence_unpaid_bridge failed ("panel lacks required field(s) ['sector', 'debtToEquity', 'currentRatio']") — skipped
[score_book_oos] robust_tail_equity_supply_reversal failed ("panel lacks required field(s) ['netStockIssuance', 'sharesGrowth', 'marketCap']") — skipped
[score_book_oos] cashcycle_replenishment_rebound_completion failed ("panel lacks required field(s) ['receivables', 'inventory', 'accountsPayable', 'revenue', 'industry']") — skipped
[score_book_oos] idiosyncratic_tail_resilience_absorption_repair failed ("panel lacks required field(s) ['sector', 'operatingCashFlow', 'totalAssets', 'grossMargin', 'freeCashFlowYield', 'evToFreeCashFlow']") — skipped
[score_book_oos] report_clock_tail_network_derisking_gate failed ("panel lacks required field(s) ['sector', 'epsEstimate', 'revenueEstimate', 'epsActual', 'revenueActual', 'epsSurprise']") — skipped
[score_book_oos] anticipated_report_peer_tail_impact_gate failed ("panel lacks required field(s) ['sector', 'epsActual', 'revenueActual']") — skipped
[score_book_oos] volume_clock_signed_flow_schedule_h6 failed ("panel lacks required field(s) ['sector']") — skipped
[score_book_oos] surprise_novelty_absorption_drift failed ("panel lacks required field(s) ['epsSurprise', 'revenueSurprise', 'epsEstimate', 'revenueEstimate']") — skipped
[score_book_oos] industry_turnover_gated_idio_repair failed ("panel lacks required field(s) ['marketCap', 'industry', 'sector']") — skipped
[score_book_oos] latent_impact_absorption_persistence failed ("panel lacks required field(s) ['industry']") — skipped
[score_book_oos] fractional_propagator_flow_debt_reversal failed ("panel lacks required field(s) ['industry']") — skipped
[score_book_oos] sector_relative_opening_auction_rejection_h6 failed ("panel lacks required field(s) ['sector']") — skipped
[score_book_oos] decelerating_execution_debt_reversal failed ("panel lacks required field(s) ['industry']") — skipped
/Users/lucawurker/Desktop/Imperial/Master Thesis/QuantFundAgent/venv/lib/python3.13/site-packages/sklearn/utils/validation.py:2691: UserWarning: X does not have valid feature names, but LGBMRegressor was fitted with feature names
  warnings.warn(
  LOCO 34/62 growth_expectation_fresh_delivery_break
[score_book_oos] sbc_dilution_acceleration_supply_drift failed ("panel lacks required field(s) ['sector', 'stockBasedCompensation', 'revenue', 'sharesOutstanding', 'sharesGrowth', 'netStockIssuance', 'marketCap', 'shareRepurchase']") — skipped
[score_book_oos] cashflow_quality_confirmed_surprise_drift failed ("panel lacks required field(s) ['epsSurprise', 'epsEstimate', 'incomeQuality']") — skipped
[score_book_oos] fresh_cashflow_confirmed_surprise_drift failed ("panel lacks required field(s) ['epsSurprise', 'revenueSurprise', 'incomeQuality', 'freeCashFlowYield', 'cashConversionCycle']") — skipped
[score_book_oos] cashbacked_asymmetric_surprise_drift_h6 failed ("panel lacks required field(s) ['epsSurprise', 'epsEstimate', 'incomeQuality']") — skipped
[score_book_oos] cash_realization_surprise_disagreement failed ("panel lacks required field(s) ['epsSurprise', 'revenueSurprise', 'epsEstimate', 'revenueEstimate', 'epsActual', 'revenueActual', 'cashConversionCycle', 'incomeQuality', 'receivablesGrowth', 'inventoryGrowth']") — skipped
[score_book_oos] cashcycle_ambiguity_operating_fade failed ("panel lacks required field(s) ['sector', 'daysSalesOutstanding', 'daysInventoryOutstanding', 'incomeQuality', 'revenueGrowth']") — skipped
[score_book_oos] episode_coherence_fresh_revision_gap failed ("panel lacks required field(s) ['epsEstimate', 'revenueEstimate', 'industry']") — skipped
[score_book_oos] fundamental_peer_surprise_transmission_gap failed ("panel lacks required field(s) ['revenueGrowth', 'grossMargin', 'operatingMargin', 'roic', 'debtToEquity', 'epsSurprise', 'revenueSurprise', 'epsEstimate', 'revenueEstimate']") — skipped
[score_book_oos] sector_shock_distributed_lag_unpaid_response failed ("panel lacks required field(s) ['sector']") — skipped
[score_book_oos] stabilized_convex_common_shock_overshoot failed ("panel lacks required field(s) ['industry']") — skipped
[score_book_oos] directed_laggraph_liquidity_unpaid_response failed ("panel lacks required field(s) ['marketCap', 'industry']") — skipped
[score_book_oos] shrunk_directed_lag_liquidity_gap failed ("panel lacks required field(s) ['marketCap', 'industry']") — skipped
[score_book_oos] sector_hawkes_compensator_late_follower failed ("panel lacks required field(s) ['sector', 'currentRatio']") — skipped
[score_book_oos] signed_graph_curvature_residual_diffusion failed ("panel lacks required field(s) ['sector']") — skipped
[score_book_oos] factor_premium_dispersion_regime_transfer failed ("panel lacks required field(s) ['sector', 'freeCashFlowYield', 'roe', 'roic', 'incomeQuality', 'assetGrowth', 'debtGrowth', 'sharesGrowth']") — skipped
[score_book_oos] intraday_supply_curve_overshoot_reversal failed ("panel lacks required field(s) ['sector']") — skipped
[score_book_oos] report_assimilation_release_continuation_h6 failed ("panel lacks required field(s) ['epsSurprise', 'epsEstimate', 'epsActual']") — skipped
[score_book_oos] sector_shrunk_mode_follower_relay failed ("panel lacks required field(s) ['sector']") — skipped
[score_book_oos] fresh_cashfunded_upgrade_wedge failed ("panel lacks required field(s) ['epsEstimate', 'freeCashFlow', 'netStockIssuance', 'marketCap']") — skipped
[score_book_oos] tail_survival_capacity_impedance_drift failed ("panel lacks required field(s) ['revenueGrowth', 'operatingCashFlowGrowth', 'revenueSurprise']") — skipped
[score_book_oos] event_freshness_accounting_confirmed_surprise failed ("panel lacks required field(s) ['epsSurprise', 'revenueSurprise', 'epsEstimate', 'revenueEstimate', 'grossMargin', 'operatingCashFlow', 'revenue', 'receivables', 'inventory', 'accountsPayable']") — skipped
[score_book_oos] partial_graph_peer_innovation_catchup failed ("panel lacks required field(s) ['sector']") — skipped
[score_book_oos] quality_regime_conditioned_issuer_distribution failed ("panel lacks required field(s) ['marketCap', 'netStockIssuance', 'sharesGrowth', 'industry', 'sector', 'roic', 'grossMargin', 'earningsYield']") — skipped
[score_book_oos] fresh_expectation_delivery_decay failed ("panel lacks required field(s) ['revenueGrowth', 'freeCashFlowYield', 'incomeQuality', 'sharesGrowth', 'psRatio']") — skipped
[score_book_oos] growth_expectation_convexity_break failed ("panel lacks required field(s) ['psRatio', 'sector', 'revenueGrowth', 'operatingMargin']") — skipped
[score_book_oos] growth_expectation_fresh_delivery_break failed ("panel lacks required field(s) ['psRatio', 'sector', 'revenueGrowth', 'operatingMargin']") — skipped
[score_book_oos] cashflow_deterioration_idio_downside_overshoot failed ("panel lacks required field(s) ['sector', 'operatingCashFlow', 'revenue', 'operatingMargin', 'interestCoverage']") — skipped
[score_book_oos] tail_survival_forcedflow_reversal_h6 failed ("panel lacks required field(s) ['revenueGrowth', 'operatingCashFlowGrowth', 'revenueSurprise']") — skipped
[score_book_oos] downside_excitation_fragility_acceleration_h6 failed ("panel lacks required field(s) ['roic', 'currentRatio', 'debtToEquity']") — skipped
[score_book_oos] downside_persistence_fragility_exhaustion failed ("panel lacks required field(s) ['debtToEquity', 'interestCoverage']") — skipped
[score_book_oos] resilient_downside_excitation_cooling_continuati failed ("panel lacks required field(s) ['cashRatio', 'debtToEquity']") — skipped
[score_book_oos] asymmetric_overnight_range_wedge_rebound failed ("panel lacks required field(s) ['sector']") — skipped
[score_book_oos] revision_financing_gated_idio_downside_polarity failed ("panel lacks required field(s) ['sector', 'epsEstimate', 'revenueEstimate', 'sharesGrowth', 'netStockIssuance', 'marketCap', 'freeCashFlowYield']") — skipped
[score_book_oos] scheduled_downside_cooling_information_drift failed ("panel lacks required field(s) ['sector']") — skipped
[score_book_oos] downside_tail_dependence_unpaid_bridge failed ("panel lacks required field(s) ['sector', 'debtToEquity', 'currentRatio']") — skipped
[score_book_oos] robust_tail_equity_supply_reversal failed ("panel lacks required field(s) ['netStockIssuance', 'sharesGrowth', 'marketCap']") — skipped
[score_book_oos] cashcycle_replenishment_rebound_completion failed ("panel lacks required field(s) ['receivables', 'inventory', 'accountsPayable', 'revenue', 'industry']") — skipped
[score_book_oos] idiosyncratic_tail_resilience_absorption_repair failed ("panel lacks required field(s) ['sector', 'operatingCashFlow', 'totalAssets', 'grossMargin', 'freeCashFlowYield', 'evToFreeCashFlow']") — skipped
[score_book_oos] report_clock_tail_network_derisking_gate failed ("panel lacks required field(s) ['sector', 'epsEstimate', 'revenueEstimate', 'epsActual', 'revenueActual', 'epsSurprise']") — skipped
[score_book_oos] anticipated_report_peer_tail_impact_gate failed ("panel lacks required field(s) ['sector', 'epsActual', 'revenueActual']") — skipped
[score_book_oos] volume_clock_signed_flow_schedule_h6 failed ("panel lacks required field(s) ['sector']") — skipped
[score_book_oos] surprise_novelty_absorption_drift failed ("panel lacks required field(s) ['epsSurprise', 'revenueSurprise', 'epsEstimate', 'revenueEstimate']") — skipped
[score_book_oos] industry_turnover_gated_idio_repair failed ("panel lacks required field(s) ['marketCap', 'industry', 'sector']") — skipped
[score_book_oos] latent_impact_absorption_persistence failed ("panel lacks required field(s) ['industry']") — skipped
[score_book_oos] fractional_propagator_flow_debt_reversal failed ("panel lacks required field(s) ['industry']") — skipped
[score_book_oos] sector_relative_opening_auction_rejection_h6 failed ("panel lacks required field(s) ['sector']") — skipped
[score_book_oos] decelerating_execution_debt_reversal failed ("panel lacks required field(s) ['industry']") — skipped
/Users/lucawurker/Desktop/Imperial/Master Thesis/QuantFundAgent/venv/lib/python3.13/site-packages/sklearn/utils/validation.py:2691: UserWarning: X does not have valid feature names, but LGBMRegressor was fitted with feature names
  warnings.warn(
  LOCO 35/62 fundamental_momentum_extrapolation_fragility
[score_book_oos] sbc_dilution_acceleration_supply_drift failed ("panel lacks required field(s) ['sector', 'stockBasedCompensation', 'revenue', 'sharesOutstanding', 'sharesGrowth', 'netStockIssuance', 'marketCap', 'shareRepurchase']") — skipped
[score_book_oos] cashflow_quality_confirmed_surprise_drift failed ("panel lacks required field(s) ['epsSurprise', 'epsEstimate', 'incomeQuality']") — skipped
[score_book_oos] fresh_cashflow_confirmed_surprise_drift failed ("panel lacks required field(s) ['epsSurprise', 'revenueSurprise', 'incomeQuality', 'freeCashFlowYield', 'cashConversionCycle']") — skipped
[score_book_oos] cashbacked_asymmetric_surprise_drift_h6 failed ("panel lacks required field(s) ['epsSurprise', 'epsEstimate', 'incomeQuality']") — skipped
[score_book_oos] cash_realization_surprise_disagreement failed ("panel lacks required field(s) ['epsSurprise', 'revenueSurprise', 'epsEstimate', 'revenueEstimate', 'epsActual', 'revenueActual', 'cashConversionCycle', 'incomeQuality', 'receivablesGrowth', 'inventoryGrowth']") — skipped
[score_book_oos] cashcycle_ambiguity_operating_fade failed ("panel lacks required field(s) ['sector', 'daysSalesOutstanding', 'daysInventoryOutstanding', 'incomeQuality', 'revenueGrowth']") — skipped
[score_book_oos] episode_coherence_fresh_revision_gap failed ("panel lacks required field(s) ['epsEstimate', 'revenueEstimate', 'industry']") — skipped
[score_book_oos] fundamental_peer_surprise_transmission_gap failed ("panel lacks required field(s) ['revenueGrowth', 'grossMargin', 'operatingMargin', 'roic', 'debtToEquity', 'epsSurprise', 'revenueSurprise', 'epsEstimate', 'revenueEstimate']") — skipped
[score_book_oos] sector_shock_distributed_lag_unpaid_response failed ("panel lacks required field(s) ['sector']") — skipped
[score_book_oos] stabilized_convex_common_shock_overshoot failed ("panel lacks required field(s) ['industry']") — skipped
[score_book_oos] directed_laggraph_liquidity_unpaid_response failed ("panel lacks required field(s) ['marketCap', 'industry']") — skipped
[score_book_oos] shrunk_directed_lag_liquidity_gap failed ("panel lacks required field(s) ['marketCap', 'industry']") — skipped
[score_book_oos] sector_hawkes_compensator_late_follower failed ("panel lacks required field(s) ['sector', 'currentRatio']") — skipped
[score_book_oos] signed_graph_curvature_residual_diffusion failed ("panel lacks required field(s) ['sector']") — skipped
[score_book_oos] factor_premium_dispersion_regime_transfer failed ("panel lacks required field(s) ['sector', 'freeCashFlowYield', 'roe', 'roic', 'incomeQuality', 'assetGrowth', 'debtGrowth', 'sharesGrowth']") — skipped
[score_book_oos] intraday_supply_curve_overshoot_reversal failed ("panel lacks required field(s) ['sector']") — skipped
[score_book_oos] report_assimilation_release_continuation_h6 failed ("panel lacks required field(s) ['epsSurprise', 'epsEstimate', 'epsActual']") — skipped
[score_book_oos] sector_shrunk_mode_follower_relay failed ("panel lacks required field(s) ['sector']") — skipped
[score_book_oos] fresh_cashfunded_upgrade_wedge failed ("panel lacks required field(s) ['epsEstimate', 'freeCashFlow', 'netStockIssuance', 'marketCap']") — skipped
[score_book_oos] tail_survival_capacity_impedance_drift failed ("panel lacks required field(s) ['revenueGrowth', 'operatingCashFlowGrowth', 'revenueSurprise']") — skipped
[score_book_oos] event_freshness_accounting_confirmed_surprise failed ("panel lacks required field(s) ['epsSurprise', 'revenueSurprise', 'epsEstimate', 'revenueEstimate', 'grossMargin', 'operatingCashFlow', 'revenue', 'receivables', 'inventory', 'accountsPayable']") — skipped
[score_book_oos] partial_graph_peer_innovation_catchup failed ("panel lacks required field(s) ['sector']") — skipped
[score_book_oos] quality_regime_conditioned_issuer_distribution failed ("panel lacks required field(s) ['marketCap', 'netStockIssuance', 'sharesGrowth', 'industry', 'sector', 'roic', 'grossMargin', 'earningsYield']") — skipped
[score_book_oos] fresh_expectation_delivery_decay failed ("panel lacks required field(s) ['revenueGrowth', 'freeCashFlowYield', 'incomeQuality', 'sharesGrowth', 'psRatio']") — skipped
[score_book_oos] growth_expectation_convexity_break failed ("panel lacks required field(s) ['psRatio', 'sector', 'revenueGrowth', 'operatingMargin']") — skipped
[score_book_oos] growth_expectation_fresh_delivery_break failed ("panel lacks required field(s) ['psRatio', 'sector', 'revenueGrowth', 'operatingMargin']") — skipped
[score_book_oos] fundamental_momentum_extrapolation_fragility failed ("panel lacks required field(s) ['epsEstimate', 'revenueEstimate', 'operatingMargin', 'freeCashFlow', 'roic', 'psRatio', 'evToSales', 'sector']") — skipped
[score_book_oos] cashflow_deterioration_idio_downside_overshoot failed ("panel lacks required field(s) ['sector', 'operatingCashFlow', 'revenue', 'operatingMargin', 'interestCoverage']") — skipped
[score_book_oos] tail_survival_forcedflow_reversal_h6 failed ("panel lacks required field(s) ['revenueGrowth', 'operatingCashFlowGrowth', 'revenueSurprise']") — skipped
[score_book_oos] downside_excitation_fragility_acceleration_h6 failed ("panel lacks required field(s) ['roic', 'currentRatio', 'debtToEquity']") — skipped
[score_book_oos] downside_persistence_fragility_exhaustion failed ("panel lacks required field(s) ['debtToEquity', 'interestCoverage']") — skipped
[score_book_oos] resilient_downside_excitation_cooling_continuati failed ("panel lacks required field(s) ['cashRatio', 'debtToEquity']") — skipped
[score_book_oos] asymmetric_overnight_range_wedge_rebound failed ("panel lacks required field(s) ['sector']") — skipped
[score_book_oos] revision_financing_gated_idio_downside_polarity failed ("panel lacks required field(s) ['sector', 'epsEstimate', 'revenueEstimate', 'sharesGrowth', 'netStockIssuance', 'marketCap', 'freeCashFlowYield']") — skipped
[score_book_oos] scheduled_downside_cooling_information_drift failed ("panel lacks required field(s) ['sector']") — skipped
[score_book_oos] downside_tail_dependence_unpaid_bridge failed ("panel lacks required field(s) ['sector', 'debtToEquity', 'currentRatio']") — skipped
[score_book_oos] robust_tail_equity_supply_reversal failed ("panel lacks required field(s) ['netStockIssuance', 'sharesGrowth', 'marketCap']") — skipped
[score_book_oos] cashcycle_replenishment_rebound_completion failed ("panel lacks required field(s) ['receivables', 'inventory', 'accountsPayable', 'revenue', 'industry']") — skipped
[score_book_oos] idiosyncratic_tail_resilience_absorption_repair failed ("panel lacks required field(s) ['sector', 'operatingCashFlow', 'totalAssets', 'grossMargin', 'freeCashFlowYield', 'evToFreeCashFlow']") — skipped
[score_book_oos] report_clock_tail_network_derisking_gate failed ("panel lacks required field(s) ['sector', 'epsEstimate', 'revenueEstimate', 'epsActual', 'revenueActual', 'epsSurprise']") — skipped
[score_book_oos] anticipated_report_peer_tail_impact_gate failed ("panel lacks required field(s) ['sector', 'epsActual', 'revenueActual']") — skipped
[score_book_oos] volume_clock_signed_flow_schedule_h6 failed ("panel lacks required field(s) ['sector']") — skipped
[score_book_oos] surprise_novelty_absorption_drift failed ("panel lacks required field(s) ['epsSurprise', 'revenueSurprise', 'epsEstimate', 'revenueEstimate']") — skipped
[score_book_oos] industry_turnover_gated_idio_repair failed ("panel lacks required field(s) ['marketCap', 'industry', 'sector']") — skipped
[score_book_oos] latent_impact_absorption_persistence failed ("panel lacks required field(s) ['industry']") — skipped
[score_book_oos] fractional_propagator_flow_debt_reversal failed ("panel lacks required field(s) ['industry']") — skipped
[score_book_oos] sector_relative_opening_auction_rejection_h6 failed ("panel lacks required field(s) ['sector']") — skipped
[score_book_oos] decelerating_execution_debt_reversal failed ("panel lacks required field(s) ['industry']") — skipped
/Users/lucawurker/Desktop/Imperial/Master Thesis/QuantFundAgent/venv/lib/python3.13/site-packages/sklearn/utils/validation.py:2691: UserWarning: X does not have valid feature names, but LGBMRegressor was fitted with feature names
  warnings.warn(
  LOCO 36/62 downside_pressure_freshness_h6
[score_book_oos] sbc_dilution_acceleration_supply_drift failed ("panel lacks required field(s) ['sector', 'stockBasedCompensation', 'revenue', 'sharesOutstanding', 'sharesGrowth', 'netStockIssuance', 'marketCap', 'shareRepurchase']") — skipped
[score_book_oos] cashflow_quality_confirmed_surprise_drift failed ("panel lacks required field(s) ['epsSurprise', 'epsEstimate', 'incomeQuality']") — skipped
[score_book_oos] fresh_cashflow_confirmed_surprise_drift failed ("panel lacks required field(s) ['epsSurprise', 'revenueSurprise', 'incomeQuality', 'freeCashFlowYield', 'cashConversionCycle']") — skipped
[score_book_oos] cashbacked_asymmetric_surprise_drift_h6 failed ("panel lacks required field(s) ['epsSurprise', 'epsEstimate', 'incomeQuality']") — skipped
[score_book_oos] cash_realization_surprise_disagreement failed ("panel lacks required field(s) ['epsSurprise', 'revenueSurprise', 'epsEstimate', 'revenueEstimate', 'epsActual', 'revenueActual', 'cashConversionCycle', 'incomeQuality', 'receivablesGrowth', 'inventoryGrowth']") — skipped
[score_book_oos] cashcycle_ambiguity_operating_fade failed ("panel lacks required field(s) ['sector', 'daysSalesOutstanding', 'daysInventoryOutstanding', 'incomeQuality', 'revenueGrowth']") — skipped
[score_book_oos] episode_coherence_fresh_revision_gap failed ("panel lacks required field(s) ['epsEstimate', 'revenueEstimate', 'industry']") — skipped
[score_book_oos] fundamental_peer_surprise_transmission_gap failed ("panel lacks required field(s) ['revenueGrowth', 'grossMargin', 'operatingMargin', 'roic', 'debtToEquity', 'epsSurprise', 'revenueSurprise', 'epsEstimate', 'revenueEstimate']") — skipped
[score_book_oos] sector_shock_distributed_lag_unpaid_response failed ("panel lacks required field(s) ['sector']") — skipped
[score_book_oos] stabilized_convex_common_shock_overshoot failed ("panel lacks required field(s) ['industry']") — skipped
[score_book_oos] directed_laggraph_liquidity_unpaid_response failed ("panel lacks required field(s) ['marketCap', 'industry']") — skipped
[score_book_oos] shrunk_directed_lag_liquidity_gap failed ("panel lacks required field(s) ['marketCap', 'industry']") — skipped
[score_book_oos] sector_hawkes_compensator_late_follower failed ("panel lacks required field(s) ['sector', 'currentRatio']") — skipped
[score_book_oos] signed_graph_curvature_residual_diffusion failed ("panel lacks required field(s) ['sector']") — skipped
[score_book_oos] factor_premium_dispersion_regime_transfer failed ("panel lacks required field(s) ['sector', 'freeCashFlowYield', 'roe', 'roic', 'incomeQuality', 'assetGrowth', 'debtGrowth', 'sharesGrowth']") — skipped
[score_book_oos] intraday_supply_curve_overshoot_reversal failed ("panel lacks required field(s) ['sector']") — skipped
[score_book_oos] report_assimilation_release_continuation_h6 failed ("panel lacks required field(s) ['epsSurprise', 'epsEstimate', 'epsActual']") — skipped
[score_book_oos] sector_shrunk_mode_follower_relay failed ("panel lacks required field(s) ['sector']") — skipped
[score_book_oos] fresh_cashfunded_upgrade_wedge failed ("panel lacks required field(s) ['epsEstimate', 'freeCashFlow', 'netStockIssuance', 'marketCap']") — skipped
[score_book_oos] tail_survival_capacity_impedance_drift failed ("panel lacks required field(s) ['revenueGrowth', 'operatingCashFlowGrowth', 'revenueSurprise']") — skipped
[score_book_oos] event_freshness_accounting_confirmed_surprise failed ("panel lacks required field(s) ['epsSurprise', 'revenueSurprise', 'epsEstimate', 'revenueEstimate', 'grossMargin', 'operatingCashFlow', 'revenue', 'receivables', 'inventory', 'accountsPayable']") — skipped
[score_book_oos] partial_graph_peer_innovation_catchup failed ("panel lacks required field(s) ['sector']") — skipped
[score_book_oos] quality_regime_conditioned_issuer_distribution failed ("panel lacks required field(s) ['marketCap', 'netStockIssuance', 'sharesGrowth', 'industry', 'sector', 'roic', 'grossMargin', 'earningsYield']") — skipped
[score_book_oos] fresh_expectation_delivery_decay failed ("panel lacks required field(s) ['revenueGrowth', 'freeCashFlowYield', 'incomeQuality', 'sharesGrowth', 'psRatio']") — skipped
[score_book_oos] growth_expectation_convexity_break failed ("panel lacks required field(s) ['psRatio', 'sector', 'revenueGrowth', 'operatingMargin']") — skipped
[score_book_oos] growth_expectation_fresh_delivery_break failed ("panel lacks required field(s) ['psRatio', 'sector', 'revenueGrowth', 'operatingMargin']") — skipped
[score_book_oos] fundamental_momentum_extrapolation_fragility failed ("panel lacks required field(s) ['epsEstimate', 'revenueEstimate', 'operatingMargin', 'freeCashFlow', 'roic', 'psRatio', 'evToSales', 'sector']") — skipped
[score_book_oos] tail_survival_forcedflow_reversal_h6 failed ("panel lacks required field(s) ['revenueGrowth', 'operatingCashFlowGrowth', 'revenueSurprise']") — skipped
[score_book_oos] downside_excitation_fragility_acceleration_h6 failed ("panel lacks required field(s) ['roic', 'currentRatio', 'debtToEquity']") — skipped
[score_book_oos] downside_persistence_fragility_exhaustion failed ("panel lacks required field(s) ['debtToEquity', 'interestCoverage']") — skipped
[score_book_oos] resilient_downside_excitation_cooling_continuati failed ("panel lacks required field(s) ['cashRatio', 'debtToEquity']") — skipped
[score_book_oos] asymmetric_overnight_range_wedge_rebound failed ("panel lacks required field(s) ['sector']") — skipped
[score_book_oos] revision_financing_gated_idio_downside_polarity failed ("panel lacks required field(s) ['sector', 'epsEstimate', 'revenueEstimate', 'sharesGrowth', 'netStockIssuance', 'marketCap', 'freeCashFlowYield']") — skipped
[score_book_oos] scheduled_downside_cooling_information_drift failed ("panel lacks required field(s) ['sector']") — skipped
[score_book_oos] downside_tail_dependence_unpaid_bridge failed ("panel lacks required field(s) ['sector', 'debtToEquity', 'currentRatio']") — skipped
[score_book_oos] robust_tail_equity_supply_reversal failed ("panel lacks required field(s) ['netStockIssuance', 'sharesGrowth', 'marketCap']") — skipped
[score_book_oos] cashcycle_replenishment_rebound_completion failed ("panel lacks required field(s) ['receivables', 'inventory', 'accountsPayable', 'revenue', 'industry']") — skipped
[score_book_oos] idiosyncratic_tail_resilience_absorption_repair failed ("panel lacks required field(s) ['sector', 'operatingCashFlow', 'totalAssets', 'grossMargin', 'freeCashFlowYield', 'evToFreeCashFlow']") — skipped
[score_book_oos] report_clock_tail_network_derisking_gate failed ("panel lacks required field(s) ['sector', 'epsEstimate', 'revenueEstimate', 'epsActual', 'revenueActual', 'epsSurprise']") — skipped
[score_book_oos] anticipated_report_peer_tail_impact_gate failed ("panel lacks required field(s) ['sector', 'epsActual', 'revenueActual']") — skipped
[score_book_oos] volume_clock_signed_flow_schedule_h6 failed ("panel lacks required field(s) ['sector']") — skipped
[score_book_oos] surprise_novelty_absorption_drift failed ("panel lacks required field(s) ['epsSurprise', 'revenueSurprise', 'epsEstimate', 'revenueEstimate']") — skipped
[score_book_oos] industry_turnover_gated_idio_repair failed ("panel lacks required field(s) ['marketCap', 'industry', 'sector']") — skipped
[score_book_oos] latent_impact_absorption_persistence failed ("panel lacks required field(s) ['industry']") — skipped
[score_book_oos] fractional_propagator_flow_debt_reversal failed ("panel lacks required field(s) ['industry']") — skipped
[score_book_oos] sector_relative_opening_auction_rejection_h6 failed ("panel lacks required field(s) ['sector']") — skipped
[score_book_oos] decelerating_execution_debt_reversal failed ("panel lacks required field(s) ['industry']") — skipped
/Users/lucawurker/Desktop/Imperial/Master Thesis/QuantFundAgent/venv/lib/python3.13/site-packages/sklearn/utils/validation.py:2691: UserWarning: X does not have valid feature names, but LGBMRegressor was fitted with feature names
  warnings.warn(
  LOCO 37/62 cashflow_deterioration_idio_downside_overshoot
[score_book_oos] sbc_dilution_acceleration_supply_drift failed ("panel lacks required field(s) ['sector', 'stockBasedCompensation', 'revenue', 'sharesOutstanding', 'sharesGrowth', 'netStockIssuance', 'marketCap', 'shareRepurchase']") — skipped
[score_book_oos] cashflow_quality_confirmed_surprise_drift failed ("panel lacks required field(s) ['epsSurprise', 'epsEstimate', 'incomeQuality']") — skipped
[score_book_oos] fresh_cashflow_confirmed_surprise_drift failed ("panel lacks required field(s) ['epsSurprise', 'revenueSurprise', 'incomeQuality', 'freeCashFlowYield', 'cashConversionCycle']") — skipped
[score_book_oos] cashbacked_asymmetric_surprise_drift_h6 failed ("panel lacks required field(s) ['epsSurprise', 'epsEstimate', 'incomeQuality']") — skipped
[score_book_oos] cash_realization_surprise_disagreement failed ("panel lacks required field(s) ['epsSurprise', 'revenueSurprise', 'epsEstimate', 'revenueEstimate', 'epsActual', 'revenueActual', 'cashConversionCycle', 'incomeQuality', 'receivablesGrowth', 'inventoryGrowth']") — skipped
[score_book_oos] cashcycle_ambiguity_operating_fade failed ("panel lacks required field(s) ['sector', 'daysSalesOutstanding', 'daysInventoryOutstanding', 'incomeQuality', 'revenueGrowth']") — skipped
[score_book_oos] episode_coherence_fresh_revision_gap failed ("panel lacks required field(s) ['epsEstimate', 'revenueEstimate', 'industry']") — skipped
[score_book_oos] fundamental_peer_surprise_transmission_gap failed ("panel lacks required field(s) ['revenueGrowth', 'grossMargin', 'operatingMargin', 'roic', 'debtToEquity', 'epsSurprise', 'revenueSurprise', 'epsEstimate', 'revenueEstimate']") — skipped
[score_book_oos] sector_shock_distributed_lag_unpaid_response failed ("panel lacks required field(s) ['sector']") — skipped
[score_book_oos] stabilized_convex_common_shock_overshoot failed ("panel lacks required field(s) ['industry']") — skipped
[score_book_oos] directed_laggraph_liquidity_unpaid_response failed ("panel lacks required field(s) ['marketCap', 'industry']") — skipped
[score_book_oos] shrunk_directed_lag_liquidity_gap failed ("panel lacks required field(s) ['marketCap', 'industry']") — skipped
[score_book_oos] sector_hawkes_compensator_late_follower failed ("panel lacks required field(s) ['sector', 'currentRatio']") — skipped
[score_book_oos] signed_graph_curvature_residual_diffusion failed ("panel lacks required field(s) ['sector']") — skipped
[score_book_oos] factor_premium_dispersion_regime_transfer failed ("panel lacks required field(s) ['sector', 'freeCashFlowYield', 'roe', 'roic', 'incomeQuality', 'assetGrowth', 'debtGrowth', 'sharesGrowth']") — skipped
[score_book_oos] intraday_supply_curve_overshoot_reversal failed ("panel lacks required field(s) ['sector']") — skipped
[score_book_oos] report_assimilation_release_continuation_h6 failed ("panel lacks required field(s) ['epsSurprise', 'epsEstimate', 'epsActual']") — skipped
[score_book_oos] sector_shrunk_mode_follower_relay failed ("panel lacks required field(s) ['sector']") — skipped
[score_book_oos] fresh_cashfunded_upgrade_wedge failed ("panel lacks required field(s) ['epsEstimate', 'freeCashFlow', 'netStockIssuance', 'marketCap']") — skipped
[score_book_oos] tail_survival_capacity_impedance_drift failed ("panel lacks required field(s) ['revenueGrowth', 'operatingCashFlowGrowth', 'revenueSurprise']") — skipped
[score_book_oos] event_freshness_accounting_confirmed_surprise failed ("panel lacks required field(s) ['epsSurprise', 'revenueSurprise', 'epsEstimate', 'revenueEstimate', 'grossMargin', 'operatingCashFlow', 'revenue', 'receivables', 'inventory', 'accountsPayable']") — skipped
[score_book_oos] partial_graph_peer_innovation_catchup failed ("panel lacks required field(s) ['sector']") — skipped
[score_book_oos] quality_regime_conditioned_issuer_distribution failed ("panel lacks required field(s) ['marketCap', 'netStockIssuance', 'sharesGrowth', 'industry', 'sector', 'roic', 'grossMargin', 'earningsYield']") — skipped
[score_book_oos] fresh_expectation_delivery_decay failed ("panel lacks required field(s) ['revenueGrowth', 'freeCashFlowYield', 'incomeQuality', 'sharesGrowth', 'psRatio']") — skipped
[score_book_oos] growth_expectation_convexity_break failed ("panel lacks required field(s) ['psRatio', 'sector', 'revenueGrowth', 'operatingMargin']") — skipped
[score_book_oos] growth_expectation_fresh_delivery_break failed ("panel lacks required field(s) ['psRatio', 'sector', 'revenueGrowth', 'operatingMargin']") — skipped
[score_book_oos] fundamental_momentum_extrapolation_fragility failed ("panel lacks required field(s) ['epsEstimate', 'revenueEstimate', 'operatingMargin', 'freeCashFlow', 'roic', 'psRatio', 'evToSales', 'sector']") — skipped
[score_book_oos] cashflow_deterioration_idio_downside_overshoot failed ("panel lacks required field(s) ['sector', 'operatingCashFlow', 'revenue', 'operatingMargin', 'interestCoverage']") — skipped
[score_book_oos] downside_excitation_fragility_acceleration_h6 failed ("panel lacks required field(s) ['roic', 'currentRatio', 'debtToEquity']") — skipped
[score_book_oos] downside_persistence_fragility_exhaustion failed ("panel lacks required field(s) ['debtToEquity', 'interestCoverage']") — skipped
[score_book_oos] resilient_downside_excitation_cooling_continuati failed ("panel lacks required field(s) ['cashRatio', 'debtToEquity']") — skipped
[score_book_oos] asymmetric_overnight_range_wedge_rebound failed ("panel lacks required field(s) ['sector']") — skipped
[score_book_oos] revision_financing_gated_idio_downside_polarity failed ("panel lacks required field(s) ['sector', 'epsEstimate', 'revenueEstimate', 'sharesGrowth', 'netStockIssuance', 'marketCap', 'freeCashFlowYield']") — skipped
[score_book_oos] scheduled_downside_cooling_information_drift failed ("panel lacks required field(s) ['sector']") — skipped
[score_book_oos] downside_tail_dependence_unpaid_bridge failed ("panel lacks required field(s) ['sector', 'debtToEquity', 'currentRatio']") — skipped
[score_book_oos] robust_tail_equity_supply_reversal failed ("panel lacks required field(s) ['netStockIssuance', 'sharesGrowth', 'marketCap']") — skipped
[score_book_oos] cashcycle_replenishment_rebound_completion failed ("panel lacks required field(s) ['receivables', 'inventory', 'accountsPayable', 'revenue', 'industry']") — skipped
[score_book_oos] idiosyncratic_tail_resilience_absorption_repair failed ("panel lacks required field(s) ['sector', 'operatingCashFlow', 'totalAssets', 'grossMargin', 'freeCashFlowYield', 'evToFreeCashFlow']") — skipped
[score_book_oos] report_clock_tail_network_derisking_gate failed ("panel lacks required field(s) ['sector', 'epsEstimate', 'revenueEstimate', 'epsActual', 'revenueActual', 'epsSurprise']") — skipped
[score_book_oos] anticipated_report_peer_tail_impact_gate failed ("panel lacks required field(s) ['sector', 'epsActual', 'revenueActual']") — skipped
[score_book_oos] volume_clock_signed_flow_schedule_h6 failed ("panel lacks required field(s) ['sector']") — skipped
[score_book_oos] surprise_novelty_absorption_drift failed ("panel lacks required field(s) ['epsSurprise', 'revenueSurprise', 'epsEstimate', 'revenueEstimate']") — skipped
[score_book_oos] industry_turnover_gated_idio_repair failed ("panel lacks required field(s) ['marketCap', 'industry', 'sector']") — skipped
[score_book_oos] latent_impact_absorption_persistence failed ("panel lacks required field(s) ['industry']") — skipped
[score_book_oos] fractional_propagator_flow_debt_reversal failed ("panel lacks required field(s) ['industry']") — skipped
[score_book_oos] sector_relative_opening_auction_rejection_h6 failed ("panel lacks required field(s) ['sector']") — skipped
[score_book_oos] decelerating_execution_debt_reversal failed ("panel lacks required field(s) ['industry']") — skipped
/Users/lucawurker/Desktop/Imperial/Master Thesis/QuantFundAgent/venv/lib/python3.13/site-packages/sklearn/utils/validation.py:2691: UserWarning: X does not have valid feature names, but LGBMRegressor was fitted with feature names
  warnings.warn(
  LOCO 38/62 tail_survival_forcedflow_reversal_h6
[score_book_oos] sbc_dilution_acceleration_supply_drift failed ("panel lacks required field(s) ['sector', 'stockBasedCompensation', 'revenue', 'sharesOutstanding', 'sharesGrowth', 'netStockIssuance', 'marketCap', 'shareRepurchase']") — skipped
[score_book_oos] cashflow_quality_confirmed_surprise_drift failed ("panel lacks required field(s) ['epsSurprise', 'epsEstimate', 'incomeQuality']") — skipped
[score_book_oos] fresh_cashflow_confirmed_surprise_drift failed ("panel lacks required field(s) ['epsSurprise', 'revenueSurprise', 'incomeQuality', 'freeCashFlowYield', 'cashConversionCycle']") — skipped
[score_book_oos] cashbacked_asymmetric_surprise_drift_h6 failed ("panel lacks required field(s) ['epsSurprise', 'epsEstimate', 'incomeQuality']") — skipped
[score_book_oos] cash_realization_surprise_disagreement failed ("panel lacks required field(s) ['epsSurprise', 'revenueSurprise', 'epsEstimate', 'revenueEstimate', 'epsActual', 'revenueActual', 'cashConversionCycle', 'incomeQuality', 'receivablesGrowth', 'inventoryGrowth']") — skipped
[score_book_oos] cashcycle_ambiguity_operating_fade failed ("panel lacks required field(s) ['sector', 'daysSalesOutstanding', 'daysInventoryOutstanding', 'incomeQuality', 'revenueGrowth']") — skipped
[score_book_oos] episode_coherence_fresh_revision_gap failed ("panel lacks required field(s) ['epsEstimate', 'revenueEstimate', 'industry']") — skipped
[score_book_oos] fundamental_peer_surprise_transmission_gap failed ("panel lacks required field(s) ['revenueGrowth', 'grossMargin', 'operatingMargin', 'roic', 'debtToEquity', 'epsSurprise', 'revenueSurprise', 'epsEstimate', 'revenueEstimate']") — skipped
[score_book_oos] sector_shock_distributed_lag_unpaid_response failed ("panel lacks required field(s) ['sector']") — skipped
[score_book_oos] stabilized_convex_common_shock_overshoot failed ("panel lacks required field(s) ['industry']") — skipped
[score_book_oos] directed_laggraph_liquidity_unpaid_response failed ("panel lacks required field(s) ['marketCap', 'industry']") — skipped
[score_book_oos] shrunk_directed_lag_liquidity_gap failed ("panel lacks required field(s) ['marketCap', 'industry']") — skipped
[score_book_oos] sector_hawkes_compensator_late_follower failed ("panel lacks required field(s) ['sector', 'currentRatio']") — skipped
[score_book_oos] signed_graph_curvature_residual_diffusion failed ("panel lacks required field(s) ['sector']") — skipped
[score_book_oos] factor_premium_dispersion_regime_transfer failed ("panel lacks required field(s) ['sector', 'freeCashFlowYield', 'roe', 'roic', 'incomeQuality', 'assetGrowth', 'debtGrowth', 'sharesGrowth']") — skipped
[score_book_oos] intraday_supply_curve_overshoot_reversal failed ("panel lacks required field(s) ['sector']") — skipped
[score_book_oos] report_assimilation_release_continuation_h6 failed ("panel lacks required field(s) ['epsSurprise', 'epsEstimate', 'epsActual']") — skipped
[score_book_oos] sector_shrunk_mode_follower_relay failed ("panel lacks required field(s) ['sector']") — skipped
[score_book_oos] fresh_cashfunded_upgrade_wedge failed ("panel lacks required field(s) ['epsEstimate', 'freeCashFlow', 'netStockIssuance', 'marketCap']") — skipped
[score_book_oos] tail_survival_capacity_impedance_drift failed ("panel lacks required field(s) ['revenueGrowth', 'operatingCashFlowGrowth', 'revenueSurprise']") — skipped
[score_book_oos] event_freshness_accounting_confirmed_surprise failed ("panel lacks required field(s) ['epsSurprise', 'revenueSurprise', 'epsEstimate', 'revenueEstimate', 'grossMargin', 'operatingCashFlow', 'revenue', 'receivables', 'inventory', 'accountsPayable']") — skipped
[score_book_oos] partial_graph_peer_innovation_catchup failed ("panel lacks required field(s) ['sector']") — skipped
[score_book_oos] quality_regime_conditioned_issuer_distribution failed ("panel lacks required field(s) ['marketCap', 'netStockIssuance', 'sharesGrowth', 'industry', 'sector', 'roic', 'grossMargin', 'earningsYield']") — skipped
[score_book_oos] fresh_expectation_delivery_decay failed ("panel lacks required field(s) ['revenueGrowth', 'freeCashFlowYield', 'incomeQuality', 'sharesGrowth', 'psRatio']") — skipped
[score_book_oos] growth_expectation_convexity_break failed ("panel lacks required field(s) ['psRatio', 'sector', 'revenueGrowth', 'operatingMargin']") — skipped
[score_book_oos] growth_expectation_fresh_delivery_break failed ("panel lacks required field(s) ['psRatio', 'sector', 'revenueGrowth', 'operatingMargin']") — skipped
[score_book_oos] fundamental_momentum_extrapolation_fragility failed ("panel lacks required field(s) ['epsEstimate', 'revenueEstimate', 'operatingMargin', 'freeCashFlow', 'roic', 'psRatio', 'evToSales', 'sector']") — skipped
[score_book_oos] cashflow_deterioration_idio_downside_overshoot failed ("panel lacks required field(s) ['sector', 'operatingCashFlow', 'revenue', 'operatingMargin', 'interestCoverage']") — skipped
[score_book_oos] tail_survival_forcedflow_reversal_h6 failed ("panel lacks required field(s) ['revenueGrowth', 'operatingCashFlowGrowth', 'revenueSurprise']") — skipped
[score_book_oos] downside_excitation_fragility_acceleration_h6 failed ("panel lacks required field(s) ['roic', 'currentRatio', 'debtToEquity']") — skipped
[score_book_oos] downside_persistence_fragility_exhaustion failed ("panel lacks required field(s) ['debtToEquity', 'interestCoverage']") — skipped
[score_book_oos] resilient_downside_excitation_cooling_continuati failed ("panel lacks required field(s) ['cashRatio', 'debtToEquity']") — skipped
[score_book_oos] asymmetric_overnight_range_wedge_rebound failed ("panel lacks required field(s) ['sector']") — skipped
[score_book_oos] revision_financing_gated_idio_downside_polarity failed ("panel lacks required field(s) ['sector', 'epsEstimate', 'revenueEstimate', 'sharesGrowth', 'netStockIssuance', 'marketCap', 'freeCashFlowYield']") — skipped
[score_book_oos] scheduled_downside_cooling_information_drift failed ("panel lacks required field(s) ['sector']") — skipped
[score_book_oos] downside_tail_dependence_unpaid_bridge failed ("panel lacks required field(s) ['sector', 'debtToEquity', 'currentRatio']") — skipped
[score_book_oos] robust_tail_equity_supply_reversal failed ("panel lacks required field(s) ['netStockIssuance', 'sharesGrowth', 'marketCap']") — skipped
[score_book_oos] cashcycle_replenishment_rebound_completion failed ("panel lacks required field(s) ['receivables', 'inventory', 'accountsPayable', 'revenue', 'industry']") — skipped
[score_book_oos] idiosyncratic_tail_resilience_absorption_repair failed ("panel lacks required field(s) ['sector', 'operatingCashFlow', 'totalAssets', 'grossMargin', 'freeCashFlowYield', 'evToFreeCashFlow']") — skipped
[score_book_oos] report_clock_tail_network_derisking_gate failed ("panel lacks required field(s) ['sector', 'epsEstimate', 'revenueEstimate', 'epsActual', 'revenueActual', 'epsSurprise']") — skipped
[score_book_oos] anticipated_report_peer_tail_impact_gate failed ("panel lacks required field(s) ['sector', 'epsActual', 'revenueActual']") — skipped
[score_book_oos] volume_clock_signed_flow_schedule_h6 failed ("panel lacks required field(s) ['sector']") — skipped
[score_book_oos] surprise_novelty_absorption_drift failed ("panel lacks required field(s) ['epsSurprise', 'revenueSurprise', 'epsEstimate', 'revenueEstimate']") — skipped
[score_book_oos] industry_turnover_gated_idio_repair failed ("panel lacks required field(s) ['marketCap', 'industry', 'sector']") — skipped
[score_book_oos] latent_impact_absorption_persistence failed ("panel lacks required field(s) ['industry']") — skipped
[score_book_oos] fractional_propagator_flow_debt_reversal failed ("panel lacks required field(s) ['industry']") — skipped
[score_book_oos] sector_relative_opening_auction_rejection_h6 failed ("panel lacks required field(s) ['sector']") — skipped
[score_book_oos] decelerating_execution_debt_reversal failed ("panel lacks required field(s) ['industry']") — skipped
/Users/lucawurker/Desktop/Imperial/Master Thesis/QuantFundAgent/venv/lib/python3.13/site-packages/sklearn/utils/validation.py:2691: UserWarning: X does not have valid feature names, but LGBMRegressor was fitted with feature names
  warnings.warn(
  LOCO 39/62 superlinear_downside_variance_relaxation_tilt
[score_book_oos] sbc_dilution_acceleration_supply_drift failed ("panel lacks required field(s) ['sector', 'stockBasedCompensation', 'revenue', 'sharesOutstanding', 'sharesGrowth', 'netStockIssuance', 'marketCap', 'shareRepurchase']") — skipped
[score_book_oos] cashflow_quality_confirmed_surprise_drift failed ("panel lacks required field(s) ['epsSurprise', 'epsEstimate', 'incomeQuality']") — skipped
[score_book_oos] fresh_cashflow_confirmed_surprise_drift failed ("panel lacks required field(s) ['epsSurprise', 'revenueSurprise', 'incomeQuality', 'freeCashFlowYield', 'cashConversionCycle']") — skipped
[score_book_oos] cashbacked_asymmetric_surprise_drift_h6 failed ("panel lacks required field(s) ['epsSurprise', 'epsEstimate', 'incomeQuality']") — skipped
[score_book_oos] cash_realization_surprise_disagreement failed ("panel lacks required field(s) ['epsSurprise', 'revenueSurprise', 'epsEstimate', 'revenueEstimate', 'epsActual', 'revenueActual', 'cashConversionCycle', 'incomeQuality', 'receivablesGrowth', 'inventoryGrowth']") — skipped
[score_book_oos] cashcycle_ambiguity_operating_fade failed ("panel lacks required field(s) ['sector', 'daysSalesOutstanding', 'daysInventoryOutstanding', 'incomeQuality', 'revenueGrowth']") — skipped
[score_book_oos] episode_coherence_fresh_revision_gap failed ("panel lacks required field(s) ['epsEstimate', 'revenueEstimate', 'industry']") — skipped
[score_book_oos] fundamental_peer_surprise_transmission_gap failed ("panel lacks required field(s) ['revenueGrowth', 'grossMargin', 'operatingMargin', 'roic', 'debtToEquity', 'epsSurprise', 'revenueSurprise', 'epsEstimate', 'revenueEstimate']") — skipped
[score_book_oos] sector_shock_distributed_lag_unpaid_response failed ("panel lacks required field(s) ['sector']") — skipped
[score_book_oos] stabilized_convex_common_shock_overshoot failed ("panel lacks required field(s) ['industry']") — skipped
[score_book_oos] directed_laggraph_liquidity_unpaid_response failed ("panel lacks required field(s) ['marketCap', 'industry']") — skipped
[score_book_oos] shrunk_directed_lag_liquidity_gap failed ("panel lacks required field(s) ['marketCap', 'industry']") — skipped
[score_book_oos] sector_hawkes_compensator_late_follower failed ("panel lacks required field(s) ['sector', 'currentRatio']") — skipped
[score_book_oos] signed_graph_curvature_residual_diffusion failed ("panel lacks required field(s) ['sector']") — skipped
[score_book_oos] factor_premium_dispersion_regime_transfer failed ("panel lacks required field(s) ['sector', 'freeCashFlowYield', 'roe', 'roic', 'incomeQuality', 'assetGrowth', 'debtGrowth', 'sharesGrowth']") — skipped
[score_book_oos] intraday_supply_curve_overshoot_reversal failed ("panel lacks required field(s) ['sector']") — skipped
[score_book_oos] report_assimilation_release_continuation_h6 failed ("panel lacks required field(s) ['epsSurprise', 'epsEstimate', 'epsActual']") — skipped
[score_book_oos] sector_shrunk_mode_follower_relay failed ("panel lacks required field(s) ['sector']") — skipped
[score_book_oos] fresh_cashfunded_upgrade_wedge failed ("panel lacks required field(s) ['epsEstimate', 'freeCashFlow', 'netStockIssuance', 'marketCap']") — skipped
[score_book_oos] tail_survival_capacity_impedance_drift failed ("panel lacks required field(s) ['revenueGrowth', 'operatingCashFlowGrowth', 'revenueSurprise']") — skipped
[score_book_oos] event_freshness_accounting_confirmed_surprise failed ("panel lacks required field(s) ['epsSurprise', 'revenueSurprise', 'epsEstimate', 'revenueEstimate', 'grossMargin', 'operatingCashFlow', 'revenue', 'receivables', 'inventory', 'accountsPayable']") — skipped
[score_book_oos] partial_graph_peer_innovation_catchup failed ("panel lacks required field(s) ['sector']") — skipped
[score_book_oos] quality_regime_conditioned_issuer_distribution failed ("panel lacks required field(s) ['marketCap', 'netStockIssuance', 'sharesGrowth', 'industry', 'sector', 'roic', 'grossMargin', 'earningsYield']") — skipped
[score_book_oos] fresh_expectation_delivery_decay failed ("panel lacks required field(s) ['revenueGrowth', 'freeCashFlowYield', 'incomeQuality', 'sharesGrowth', 'psRatio']") — skipped
[score_book_oos] growth_expectation_convexity_break failed ("panel lacks required field(s) ['psRatio', 'sector', 'revenueGrowth', 'operatingMargin']") — skipped
[score_book_oos] growth_expectation_fresh_delivery_break failed ("panel lacks required field(s) ['psRatio', 'sector', 'revenueGrowth', 'operatingMargin']") — skipped
[score_book_oos] fundamental_momentum_extrapolation_fragility failed ("panel lacks required field(s) ['epsEstimate', 'revenueEstimate', 'operatingMargin', 'freeCashFlow', 'roic', 'psRatio', 'evToSales', 'sector']") — skipped
[score_book_oos] cashflow_deterioration_idio_downside_overshoot failed ("panel lacks required field(s) ['sector', 'operatingCashFlow', 'revenue', 'operatingMargin', 'interestCoverage']") — skipped
[score_book_oos] tail_survival_forcedflow_reversal_h6 failed ("panel lacks required field(s) ['revenueGrowth', 'operatingCashFlowGrowth', 'revenueSurprise']") — skipped
[score_book_oos] downside_persistence_fragility_exhaustion failed ("panel lacks required field(s) ['debtToEquity', 'interestCoverage']") — skipped
[score_book_oos] resilient_downside_excitation_cooling_continuati failed ("panel lacks required field(s) ['cashRatio', 'debtToEquity']") — skipped
[score_book_oos] asymmetric_overnight_range_wedge_rebound failed ("panel lacks required field(s) ['sector']") — skipped
[score_book_oos] revision_financing_gated_idio_downside_polarity failed ("panel lacks required field(s) ['sector', 'epsEstimate', 'revenueEstimate', 'sharesGrowth', 'netStockIssuance', 'marketCap', 'freeCashFlowYield']") — skipped
[score_book_oos] scheduled_downside_cooling_information_drift failed ("panel lacks required field(s) ['sector']") — skipped
[score_book_oos] downside_tail_dependence_unpaid_bridge failed ("panel lacks required field(s) ['sector', 'debtToEquity', 'currentRatio']") — skipped
[score_book_oos] robust_tail_equity_supply_reversal failed ("panel lacks required field(s) ['netStockIssuance', 'sharesGrowth', 'marketCap']") — skipped
[score_book_oos] cashcycle_replenishment_rebound_completion failed ("panel lacks required field(s) ['receivables', 'inventory', 'accountsPayable', 'revenue', 'industry']") — skipped
[score_book_oos] idiosyncratic_tail_resilience_absorption_repair failed ("panel lacks required field(s) ['sector', 'operatingCashFlow', 'totalAssets', 'grossMargin', 'freeCashFlowYield', 'evToFreeCashFlow']") — skipped
[score_book_oos] report_clock_tail_network_derisking_gate failed ("panel lacks required field(s) ['sector', 'epsEstimate', 'revenueEstimate', 'epsActual', 'revenueActual', 'epsSurprise']") — skipped
[score_book_oos] anticipated_report_peer_tail_impact_gate failed ("panel lacks required field(s) ['sector', 'epsActual', 'revenueActual']") — skipped
[score_book_oos] volume_clock_signed_flow_schedule_h6 failed ("panel lacks required field(s) ['sector']") — skipped
[score_book_oos] surprise_novelty_absorption_drift failed ("panel lacks required field(s) ['epsSurprise', 'revenueSurprise', 'epsEstimate', 'revenueEstimate']") — skipped
[score_book_oos] industry_turnover_gated_idio_repair failed ("panel lacks required field(s) ['marketCap', 'industry', 'sector']") — skipped
[score_book_oos] latent_impact_absorption_persistence failed ("panel lacks required field(s) ['industry']") — skipped
[score_book_oos] fractional_propagator_flow_debt_reversal failed ("panel lacks required field(s) ['industry']") — skipped
[score_book_oos] sector_relative_opening_auction_rejection_h6 failed ("panel lacks required field(s) ['sector']") — skipped
[score_book_oos] decelerating_execution_debt_reversal failed ("panel lacks required field(s) ['industry']") — skipped
/Users/lucawurker/Desktop/Imperial/Master Thesis/QuantFundAgent/venv/lib/python3.13/site-packages/sklearn/utils/validation.py:2691: UserWarning: X does not have valid feature names, but LGBMRegressor was fitted with feature names
  warnings.warn(
  LOCO 40/62 downside_excitation_fragility_acceleration_h6
[score_book_oos] sbc_dilution_acceleration_supply_drift failed ("panel lacks required field(s) ['sector', 'stockBasedCompensation', 'revenue', 'sharesOutstanding', 'sharesGrowth', 'netStockIssuance', 'marketCap', 'shareRepurchase']") — skipped
[score_book_oos] cashflow_quality_confirmed_surprise_drift failed ("panel lacks required field(s) ['epsSurprise', 'epsEstimate', 'incomeQuality']") — skipped
[score_book_oos] fresh_cashflow_confirmed_surprise_drift failed ("panel lacks required field(s) ['epsSurprise', 'revenueSurprise', 'incomeQuality', 'freeCashFlowYield', 'cashConversionCycle']") — skipped
[score_book_oos] cashbacked_asymmetric_surprise_drift_h6 failed ("panel lacks required field(s) ['epsSurprise', 'epsEstimate', 'incomeQuality']") — skipped
[score_book_oos] cash_realization_surprise_disagreement failed ("panel lacks required field(s) ['epsSurprise', 'revenueSurprise', 'epsEstimate', 'revenueEstimate', 'epsActual', 'revenueActual', 'cashConversionCycle', 'incomeQuality', 'receivablesGrowth', 'inventoryGrowth']") — skipped
[score_book_oos] cashcycle_ambiguity_operating_fade failed ("panel lacks required field(s) ['sector', 'daysSalesOutstanding', 'daysInventoryOutstanding', 'incomeQuality', 'revenueGrowth']") — skipped
[score_book_oos] episode_coherence_fresh_revision_gap failed ("panel lacks required field(s) ['epsEstimate', 'revenueEstimate', 'industry']") — skipped
[score_book_oos] fundamental_peer_surprise_transmission_gap failed ("panel lacks required field(s) ['revenueGrowth', 'grossMargin', 'operatingMargin', 'roic', 'debtToEquity', 'epsSurprise', 'revenueSurprise', 'epsEstimate', 'revenueEstimate']") — skipped
[score_book_oos] sector_shock_distributed_lag_unpaid_response failed ("panel lacks required field(s) ['sector']") — skipped
[score_book_oos] stabilized_convex_common_shock_overshoot failed ("panel lacks required field(s) ['industry']") — skipped
[score_book_oos] directed_laggraph_liquidity_unpaid_response failed ("panel lacks required field(s) ['marketCap', 'industry']") — skipped
[score_book_oos] shrunk_directed_lag_liquidity_gap failed ("panel lacks required field(s) ['marketCap', 'industry']") — skipped
[score_book_oos] sector_hawkes_compensator_late_follower failed ("panel lacks required field(s) ['sector', 'currentRatio']") — skipped
[score_book_oos] signed_graph_curvature_residual_diffusion failed ("panel lacks required field(s) ['sector']") — skipped
[score_book_oos] factor_premium_dispersion_regime_transfer failed ("panel lacks required field(s) ['sector', 'freeCashFlowYield', 'roe', 'roic', 'incomeQuality', 'assetGrowth', 'debtGrowth', 'sharesGrowth']") — skipped
[score_book_oos] intraday_supply_curve_overshoot_reversal failed ("panel lacks required field(s) ['sector']") — skipped
[score_book_oos] report_assimilation_release_continuation_h6 failed ("panel lacks required field(s) ['epsSurprise', 'epsEstimate', 'epsActual']") — skipped
[score_book_oos] sector_shrunk_mode_follower_relay failed ("panel lacks required field(s) ['sector']") — skipped
[score_book_oos] fresh_cashfunded_upgrade_wedge failed ("panel lacks required field(s) ['epsEstimate', 'freeCashFlow', 'netStockIssuance', 'marketCap']") — skipped
[score_book_oos] tail_survival_capacity_impedance_drift failed ("panel lacks required field(s) ['revenueGrowth', 'operatingCashFlowGrowth', 'revenueSurprise']") — skipped
[score_book_oos] event_freshness_accounting_confirmed_surprise failed ("panel lacks required field(s) ['epsSurprise', 'revenueSurprise', 'epsEstimate', 'revenueEstimate', 'grossMargin', 'operatingCashFlow', 'revenue', 'receivables', 'inventory', 'accountsPayable']") — skipped
[score_book_oos] partial_graph_peer_innovation_catchup failed ("panel lacks required field(s) ['sector']") — skipped
[score_book_oos] quality_regime_conditioned_issuer_distribution failed ("panel lacks required field(s) ['marketCap', 'netStockIssuance', 'sharesGrowth', 'industry', 'sector', 'roic', 'grossMargin', 'earningsYield']") — skipped
[score_book_oos] fresh_expectation_delivery_decay failed ("panel lacks required field(s) ['revenueGrowth', 'freeCashFlowYield', 'incomeQuality', 'sharesGrowth', 'psRatio']") — skipped
[score_book_oos] growth_expectation_convexity_break failed ("panel lacks required field(s) ['psRatio', 'sector', 'revenueGrowth', 'operatingMargin']") — skipped
[score_book_oos] growth_expectation_fresh_delivery_break failed ("panel lacks required field(s) ['psRatio', 'sector', 'revenueGrowth', 'operatingMargin']") — skipped
[score_book_oos] fundamental_momentum_extrapolation_fragility failed ("panel lacks required field(s) ['epsEstimate', 'revenueEstimate', 'operatingMargin', 'freeCashFlow', 'roic', 'psRatio', 'evToSales', 'sector']") — skipped
[score_book_oos] cashflow_deterioration_idio_downside_overshoot failed ("panel lacks required field(s) ['sector', 'operatingCashFlow', 'revenue', 'operatingMargin', 'interestCoverage']") — skipped
[score_book_oos] tail_survival_forcedflow_reversal_h6 failed ("panel lacks required field(s) ['revenueGrowth', 'operatingCashFlowGrowth', 'revenueSurprise']") — skipped
[score_book_oos] downside_excitation_fragility_acceleration_h6 failed ("panel lacks required field(s) ['roic', 'currentRatio', 'debtToEquity']") — skipped
[score_book_oos] resilient_downside_excitation_cooling_continuati failed ("panel lacks required field(s) ['cashRatio', 'debtToEquity']") — skipped
[score_book_oos] asymmetric_overnight_range_wedge_rebound failed ("panel lacks required field(s) ['sector']") — skipped
[score_book_oos] revision_financing_gated_idio_downside_polarity failed ("panel lacks required field(s) ['sector', 'epsEstimate', 'revenueEstimate', 'sharesGrowth', 'netStockIssuance', 'marketCap', 'freeCashFlowYield']") — skipped
[score_book_oos] scheduled_downside_cooling_information_drift failed ("panel lacks required field(s) ['sector']") — skipped
[score_book_oos] downside_tail_dependence_unpaid_bridge failed ("panel lacks required field(s) ['sector', 'debtToEquity', 'currentRatio']") — skipped
[score_book_oos] robust_tail_equity_supply_reversal failed ("panel lacks required field(s) ['netStockIssuance', 'sharesGrowth', 'marketCap']") — skipped
[score_book_oos] cashcycle_replenishment_rebound_completion failed ("panel lacks required field(s) ['receivables', 'inventory', 'accountsPayable', 'revenue', 'industry']") — skipped
[score_book_oos] idiosyncratic_tail_resilience_absorption_repair failed ("panel lacks required field(s) ['sector', 'operatingCashFlow', 'totalAssets', 'grossMargin', 'freeCashFlowYield', 'evToFreeCashFlow']") — skipped
[score_book_oos] report_clock_tail_network_derisking_gate failed ("panel lacks required field(s) ['sector', 'epsEstimate', 'revenueEstimate', 'epsActual', 'revenueActual', 'epsSurprise']") — skipped
[score_book_oos] anticipated_report_peer_tail_impact_gate failed ("panel lacks required field(s) ['sector', 'epsActual', 'revenueActual']") — skipped
[score_book_oos] volume_clock_signed_flow_schedule_h6 failed ("panel lacks required field(s) ['sector']") — skipped
[score_book_oos] surprise_novelty_absorption_drift failed ("panel lacks required field(s) ['epsSurprise', 'revenueSurprise', 'epsEstimate', 'revenueEstimate']") — skipped
[score_book_oos] industry_turnover_gated_idio_repair failed ("panel lacks required field(s) ['marketCap', 'industry', 'sector']") — skipped
[score_book_oos] latent_impact_absorption_persistence failed ("panel lacks required field(s) ['industry']") — skipped
[score_book_oos] fractional_propagator_flow_debt_reversal failed ("panel lacks required field(s) ['industry']") — skipped
[score_book_oos] sector_relative_opening_auction_rejection_h6 failed ("panel lacks required field(s) ['sector']") — skipped
[score_book_oos] decelerating_execution_debt_reversal failed ("panel lacks required field(s) ['industry']") — skipped
/Users/lucawurker/Desktop/Imperial/Master Thesis/QuantFundAgent/venv/lib/python3.13/site-packages/sklearn/utils/validation.py:2691: UserWarning: X does not have valid feature names, but LGBMRegressor was fitted with feature names
  warnings.warn(
  LOCO 41/62 downside_persistence_fragility_exhaustion
[score_book_oos] sbc_dilution_acceleration_supply_drift failed ("panel lacks required field(s) ['sector', 'stockBasedCompensation', 'revenue', 'sharesOutstanding', 'sharesGrowth', 'netStockIssuance', 'marketCap', 'shareRepurchase']") — skipped
[score_book_oos] cashflow_quality_confirmed_surprise_drift failed ("panel lacks required field(s) ['epsSurprise', 'epsEstimate', 'incomeQuality']") — skipped
[score_book_oos] fresh_cashflow_confirmed_surprise_drift failed ("panel lacks required field(s) ['epsSurprise', 'revenueSurprise', 'incomeQuality', 'freeCashFlowYield', 'cashConversionCycle']") — skipped
[score_book_oos] cashbacked_asymmetric_surprise_drift_h6 failed ("panel lacks required field(s) ['epsSurprise', 'epsEstimate', 'incomeQuality']") — skipped
[score_book_oos] cash_realization_surprise_disagreement failed ("panel lacks required field(s) ['epsSurprise', 'revenueSurprise', 'epsEstimate', 'revenueEstimate', 'epsActual', 'revenueActual', 'cashConversionCycle', 'incomeQuality', 'receivablesGrowth', 'inventoryGrowth']") — skipped
[score_book_oos] cashcycle_ambiguity_operating_fade failed ("panel lacks required field(s) ['sector', 'daysSalesOutstanding', 'daysInventoryOutstanding', 'incomeQuality', 'revenueGrowth']") — skipped
[score_book_oos] episode_coherence_fresh_revision_gap failed ("panel lacks required field(s) ['epsEstimate', 'revenueEstimate', 'industry']") — skipped
[score_book_oos] fundamental_peer_surprise_transmission_gap failed ("panel lacks required field(s) ['revenueGrowth', 'grossMargin', 'operatingMargin', 'roic', 'debtToEquity', 'epsSurprise', 'revenueSurprise', 'epsEstimate', 'revenueEstimate']") — skipped
[score_book_oos] sector_shock_distributed_lag_unpaid_response failed ("panel lacks required field(s) ['sector']") — skipped
[score_book_oos] stabilized_convex_common_shock_overshoot failed ("panel lacks required field(s) ['industry']") — skipped
[score_book_oos] directed_laggraph_liquidity_unpaid_response failed ("panel lacks required field(s) ['marketCap', 'industry']") — skipped
[score_book_oos] shrunk_directed_lag_liquidity_gap failed ("panel lacks required field(s) ['marketCap', 'industry']") — skipped
[score_book_oos] sector_hawkes_compensator_late_follower failed ("panel lacks required field(s) ['sector', 'currentRatio']") — skipped
[score_book_oos] signed_graph_curvature_residual_diffusion failed ("panel lacks required field(s) ['sector']") — skipped
[score_book_oos] factor_premium_dispersion_regime_transfer failed ("panel lacks required field(s) ['sector', 'freeCashFlowYield', 'roe', 'roic', 'incomeQuality', 'assetGrowth', 'debtGrowth', 'sharesGrowth']") — skipped
[score_book_oos] intraday_supply_curve_overshoot_reversal failed ("panel lacks required field(s) ['sector']") — skipped
[score_book_oos] report_assimilation_release_continuation_h6 failed ("panel lacks required field(s) ['epsSurprise', 'epsEstimate', 'epsActual']") — skipped
[score_book_oos] sector_shrunk_mode_follower_relay failed ("panel lacks required field(s) ['sector']") — skipped
[score_book_oos] fresh_cashfunded_upgrade_wedge failed ("panel lacks required field(s) ['epsEstimate', 'freeCashFlow', 'netStockIssuance', 'marketCap']") — skipped
[score_book_oos] tail_survival_capacity_impedance_drift failed ("panel lacks required field(s) ['revenueGrowth', 'operatingCashFlowGrowth', 'revenueSurprise']") — skipped
[score_book_oos] event_freshness_accounting_confirmed_surprise failed ("panel lacks required field(s) ['epsSurprise', 'revenueSurprise', 'epsEstimate', 'revenueEstimate', 'grossMargin', 'operatingCashFlow', 'revenue', 'receivables', 'inventory', 'accountsPayable']") — skipped
[score_book_oos] partial_graph_peer_innovation_catchup failed ("panel lacks required field(s) ['sector']") — skipped
[score_book_oos] quality_regime_conditioned_issuer_distribution failed ("panel lacks required field(s) ['marketCap', 'netStockIssuance', 'sharesGrowth', 'industry', 'sector', 'roic', 'grossMargin', 'earningsYield']") — skipped
[score_book_oos] fresh_expectation_delivery_decay failed ("panel lacks required field(s) ['revenueGrowth', 'freeCashFlowYield', 'incomeQuality', 'sharesGrowth', 'psRatio']") — skipped
[score_book_oos] growth_expectation_convexity_break failed ("panel lacks required field(s) ['psRatio', 'sector', 'revenueGrowth', 'operatingMargin']") — skipped
[score_book_oos] growth_expectation_fresh_delivery_break failed ("panel lacks required field(s) ['psRatio', 'sector', 'revenueGrowth', 'operatingMargin']") — skipped
[score_book_oos] fundamental_momentum_extrapolation_fragility failed ("panel lacks required field(s) ['epsEstimate', 'revenueEstimate', 'operatingMargin', 'freeCashFlow', 'roic', 'psRatio', 'evToSales', 'sector']") — skipped
[score_book_oos] cashflow_deterioration_idio_downside_overshoot failed ("panel lacks required field(s) ['sector', 'operatingCashFlow', 'revenue', 'operatingMargin', 'interestCoverage']") — skipped
[score_book_oos] tail_survival_forcedflow_reversal_h6 failed ("panel lacks required field(s) ['revenueGrowth', 'operatingCashFlowGrowth', 'revenueSurprise']") — skipped
[score_book_oos] downside_excitation_fragility_acceleration_h6 failed ("panel lacks required field(s) ['roic', 'currentRatio', 'debtToEquity']") — skipped
[score_book_oos] downside_persistence_fragility_exhaustion failed ("panel lacks required field(s) ['debtToEquity', 'interestCoverage']") — skipped
[score_book_oos] asymmetric_overnight_range_wedge_rebound failed ("panel lacks required field(s) ['sector']") — skipped
[score_book_oos] revision_financing_gated_idio_downside_polarity failed ("panel lacks required field(s) ['sector', 'epsEstimate', 'revenueEstimate', 'sharesGrowth', 'netStockIssuance', 'marketCap', 'freeCashFlowYield']") — skipped
[score_book_oos] scheduled_downside_cooling_information_drift failed ("panel lacks required field(s) ['sector']") — skipped
[score_book_oos] downside_tail_dependence_unpaid_bridge failed ("panel lacks required field(s) ['sector', 'debtToEquity', 'currentRatio']") — skipped
[score_book_oos] robust_tail_equity_supply_reversal failed ("panel lacks required field(s) ['netStockIssuance', 'sharesGrowth', 'marketCap']") — skipped
[score_book_oos] cashcycle_replenishment_rebound_completion failed ("panel lacks required field(s) ['receivables', 'inventory', 'accountsPayable', 'revenue', 'industry']") — skipped
[score_book_oos] idiosyncratic_tail_resilience_absorption_repair failed ("panel lacks required field(s) ['sector', 'operatingCashFlow', 'totalAssets', 'grossMargin', 'freeCashFlowYield', 'evToFreeCashFlow']") — skipped
[score_book_oos] report_clock_tail_network_derisking_gate failed ("panel lacks required field(s) ['sector', 'epsEstimate', 'revenueEstimate', 'epsActual', 'revenueActual', 'epsSurprise']") — skipped
[score_book_oos] anticipated_report_peer_tail_impact_gate failed ("panel lacks required field(s) ['sector', 'epsActual', 'revenueActual']") — skipped
[score_book_oos] volume_clock_signed_flow_schedule_h6 failed ("panel lacks required field(s) ['sector']") — skipped
[score_book_oos] surprise_novelty_absorption_drift failed ("panel lacks required field(s) ['epsSurprise', 'revenueSurprise', 'epsEstimate', 'revenueEstimate']") — skipped
[score_book_oos] industry_turnover_gated_idio_repair failed ("panel lacks required field(s) ['marketCap', 'industry', 'sector']") — skipped
[score_book_oos] latent_impact_absorption_persistence failed ("panel lacks required field(s) ['industry']") — skipped
[score_book_oos] fractional_propagator_flow_debt_reversal failed ("panel lacks required field(s) ['industry']") — skipped
[score_book_oos] sector_relative_opening_auction_rejection_h6 failed ("panel lacks required field(s) ['sector']") — skipped
[score_book_oos] decelerating_execution_debt_reversal failed ("panel lacks required field(s) ['industry']") — skipped
/Users/lucawurker/Desktop/Imperial/Master Thesis/QuantFundAgent/venv/lib/python3.13/site-packages/sklearn/utils/validation.py:2691: UserWarning: X does not have valid feature names, but LGBMRegressor was fitted with feature names
  warnings.warn(
  LOCO 42/62 resilient_downside_excitation_cooling_continuati
[score_book_oos] sbc_dilution_acceleration_supply_drift failed ("panel lacks required field(s) ['sector', 'stockBasedCompensation', 'revenue', 'sharesOutstanding', 'sharesGrowth', 'netStockIssuance', 'marketCap', 'shareRepurchase']") — skipped
[score_book_oos] cashflow_quality_confirmed_surprise_drift failed ("panel lacks required field(s) ['epsSurprise', 'epsEstimate', 'incomeQuality']") — skipped
[score_book_oos] fresh_cashflow_confirmed_surprise_drift failed ("panel lacks required field(s) ['epsSurprise', 'revenueSurprise', 'incomeQuality', 'freeCashFlowYield', 'cashConversionCycle']") — skipped
[score_book_oos] cashbacked_asymmetric_surprise_drift_h6 failed ("panel lacks required field(s) ['epsSurprise', 'epsEstimate', 'incomeQuality']") — skipped
[score_book_oos] cash_realization_surprise_disagreement failed ("panel lacks required field(s) ['epsSurprise', 'revenueSurprise', 'epsEstimate', 'revenueEstimate', 'epsActual', 'revenueActual', 'cashConversionCycle', 'incomeQuality', 'receivablesGrowth', 'inventoryGrowth']") — skipped
[score_book_oos] cashcycle_ambiguity_operating_fade failed ("panel lacks required field(s) ['sector', 'daysSalesOutstanding', 'daysInventoryOutstanding', 'incomeQuality', 'revenueGrowth']") — skipped
[score_book_oos] episode_coherence_fresh_revision_gap failed ("panel lacks required field(s) ['epsEstimate', 'revenueEstimate', 'industry']") — skipped
[score_book_oos] fundamental_peer_surprise_transmission_gap failed ("panel lacks required field(s) ['revenueGrowth', 'grossMargin', 'operatingMargin', 'roic', 'debtToEquity', 'epsSurprise', 'revenueSurprise', 'epsEstimate', 'revenueEstimate']") — skipped
[score_book_oos] sector_shock_distributed_lag_unpaid_response failed ("panel lacks required field(s) ['sector']") — skipped
[score_book_oos] stabilized_convex_common_shock_overshoot failed ("panel lacks required field(s) ['industry']") — skipped
[score_book_oos] directed_laggraph_liquidity_unpaid_response failed ("panel lacks required field(s) ['marketCap', 'industry']") — skipped
[score_book_oos] shrunk_directed_lag_liquidity_gap failed ("panel lacks required field(s) ['marketCap', 'industry']") — skipped
[score_book_oos] sector_hawkes_compensator_late_follower failed ("panel lacks required field(s) ['sector', 'currentRatio']") — skipped
[score_book_oos] signed_graph_curvature_residual_diffusion failed ("panel lacks required field(s) ['sector']") — skipped
[score_book_oos] factor_premium_dispersion_regime_transfer failed ("panel lacks required field(s) ['sector', 'freeCashFlowYield', 'roe', 'roic', 'incomeQuality', 'assetGrowth', 'debtGrowth', 'sharesGrowth']") — skipped
[score_book_oos] intraday_supply_curve_overshoot_reversal failed ("panel lacks required field(s) ['sector']") — skipped
[score_book_oos] report_assimilation_release_continuation_h6 failed ("panel lacks required field(s) ['epsSurprise', 'epsEstimate', 'epsActual']") — skipped
[score_book_oos] sector_shrunk_mode_follower_relay failed ("panel lacks required field(s) ['sector']") — skipped
[score_book_oos] fresh_cashfunded_upgrade_wedge failed ("panel lacks required field(s) ['epsEstimate', 'freeCashFlow', 'netStockIssuance', 'marketCap']") — skipped
[score_book_oos] tail_survival_capacity_impedance_drift failed ("panel lacks required field(s) ['revenueGrowth', 'operatingCashFlowGrowth', 'revenueSurprise']") — skipped
[score_book_oos] event_freshness_accounting_confirmed_surprise failed ("panel lacks required field(s) ['epsSurprise', 'revenueSurprise', 'epsEstimate', 'revenueEstimate', 'grossMargin', 'operatingCashFlow', 'revenue', 'receivables', 'inventory', 'accountsPayable']") — skipped
[score_book_oos] partial_graph_peer_innovation_catchup failed ("panel lacks required field(s) ['sector']") — skipped
[score_book_oos] quality_regime_conditioned_issuer_distribution failed ("panel lacks required field(s) ['marketCap', 'netStockIssuance', 'sharesGrowth', 'industry', 'sector', 'roic', 'grossMargin', 'earningsYield']") — skipped
[score_book_oos] fresh_expectation_delivery_decay failed ("panel lacks required field(s) ['revenueGrowth', 'freeCashFlowYield', 'incomeQuality', 'sharesGrowth', 'psRatio']") — skipped
[score_book_oos] growth_expectation_convexity_break failed ("panel lacks required field(s) ['psRatio', 'sector', 'revenueGrowth', 'operatingMargin']") — skipped
[score_book_oos] growth_expectation_fresh_delivery_break failed ("panel lacks required field(s) ['psRatio', 'sector', 'revenueGrowth', 'operatingMargin']") — skipped
[score_book_oos] fundamental_momentum_extrapolation_fragility failed ("panel lacks required field(s) ['epsEstimate', 'revenueEstimate', 'operatingMargin', 'freeCashFlow', 'roic', 'psRatio', 'evToSales', 'sector']") — skipped
[score_book_oos] cashflow_deterioration_idio_downside_overshoot failed ("panel lacks required field(s) ['sector', 'operatingCashFlow', 'revenue', 'operatingMargin', 'interestCoverage']") — skipped
[score_book_oos] tail_survival_forcedflow_reversal_h6 failed ("panel lacks required field(s) ['revenueGrowth', 'operatingCashFlowGrowth', 'revenueSurprise']") — skipped
[score_book_oos] downside_excitation_fragility_acceleration_h6 failed ("panel lacks required field(s) ['roic', 'currentRatio', 'debtToEquity']") — skipped
[score_book_oos] downside_persistence_fragility_exhaustion failed ("panel lacks required field(s) ['debtToEquity', 'interestCoverage']") — skipped
[score_book_oos] resilient_downside_excitation_cooling_continuati failed ("panel lacks required field(s) ['cashRatio', 'debtToEquity']") — skipped
[score_book_oos] asymmetric_overnight_range_wedge_rebound failed ("panel lacks required field(s) ['sector']") — skipped
[score_book_oos] revision_financing_gated_idio_downside_polarity failed ("panel lacks required field(s) ['sector', 'epsEstimate', 'revenueEstimate', 'sharesGrowth', 'netStockIssuance', 'marketCap', 'freeCashFlowYield']") — skipped
[score_book_oos] scheduled_downside_cooling_information_drift failed ("panel lacks required field(s) ['sector']") — skipped
[score_book_oos] downside_tail_dependence_unpaid_bridge failed ("panel lacks required field(s) ['sector', 'debtToEquity', 'currentRatio']") — skipped
[score_book_oos] robust_tail_equity_supply_reversal failed ("panel lacks required field(s) ['netStockIssuance', 'sharesGrowth', 'marketCap']") — skipped
[score_book_oos] cashcycle_replenishment_rebound_completion failed ("panel lacks required field(s) ['receivables', 'inventory', 'accountsPayable', 'revenue', 'industry']") — skipped
[score_book_oos] idiosyncratic_tail_resilience_absorption_repair failed ("panel lacks required field(s) ['sector', 'operatingCashFlow', 'totalAssets', 'grossMargin', 'freeCashFlowYield', 'evToFreeCashFlow']") — skipped
[score_book_oos] report_clock_tail_network_derisking_gate failed ("panel lacks required field(s) ['sector', 'epsEstimate', 'revenueEstimate', 'epsActual', 'revenueActual', 'epsSurprise']") — skipped
[score_book_oos] anticipated_report_peer_tail_impact_gate failed ("panel lacks required field(s) ['sector', 'epsActual', 'revenueActual']") — skipped
[score_book_oos] volume_clock_signed_flow_schedule_h6 failed ("panel lacks required field(s) ['sector']") — skipped
[score_book_oos] surprise_novelty_absorption_drift failed ("panel lacks required field(s) ['epsSurprise', 'revenueSurprise', 'epsEstimate', 'revenueEstimate']") — skipped
[score_book_oos] industry_turnover_gated_idio_repair failed ("panel lacks required field(s) ['marketCap', 'industry', 'sector']") — skipped
[score_book_oos] latent_impact_absorption_persistence failed ("panel lacks required field(s) ['industry']") — skipped
[score_book_oos] fractional_propagator_flow_debt_reversal failed ("panel lacks required field(s) ['industry']") — skipped
[score_book_oos] sector_relative_opening_auction_rejection_h6 failed ("panel lacks required field(s) ['sector']") — skipped
[score_book_oos] decelerating_execution_debt_reversal failed ("panel lacks required field(s) ['industry']") — skipped
/Users/lucawurker/Desktop/Imperial/Master Thesis/QuantFundAgent/venv/lib/python3.13/site-packages/sklearn/utils/validation.py:2691: UserWarning: X does not have valid feature names, but LGBMRegressor was fitted with feature names
  warnings.warn(
  LOCO 43/62 prompt_cooling_thin_traversal_reversal
[score_book_oos] sbc_dilution_acceleration_supply_drift failed ("panel lacks required field(s) ['sector', 'stockBasedCompensation', 'revenue', 'sharesOutstanding', 'sharesGrowth', 'netStockIssuance', 'marketCap', 'shareRepurchase']") — skipped
[score_book_oos] cashflow_quality_confirmed_surprise_drift failed ("panel lacks required field(s) ['epsSurprise', 'epsEstimate', 'incomeQuality']") — skipped
[score_book_oos] fresh_cashflow_confirmed_surprise_drift failed ("panel lacks required field(s) ['epsSurprise', 'revenueSurprise', 'incomeQuality', 'freeCashFlowYield', 'cashConversionCycle']") — skipped
[score_book_oos] cashbacked_asymmetric_surprise_drift_h6 failed ("panel lacks required field(s) ['epsSurprise', 'epsEstimate', 'incomeQuality']") — skipped
[score_book_oos] cash_realization_surprise_disagreement failed ("panel lacks required field(s) ['epsSurprise', 'revenueSurprise', 'epsEstimate', 'revenueEstimate', 'epsActual', 'revenueActual', 'cashConversionCycle', 'incomeQuality', 'receivablesGrowth', 'inventoryGrowth']") — skipped
[score_book_oos] cashcycle_ambiguity_operating_fade failed ("panel lacks required field(s) ['sector', 'daysSalesOutstanding', 'daysInventoryOutstanding', 'incomeQuality', 'revenueGrowth']") — skipped
[score_book_oos] episode_coherence_fresh_revision_gap failed ("panel lacks required field(s) ['epsEstimate', 'revenueEstimate', 'industry']") — skipped
[score_book_oos] fundamental_peer_surprise_transmission_gap failed ("panel lacks required field(s) ['revenueGrowth', 'grossMargin', 'operatingMargin', 'roic', 'debtToEquity', 'epsSurprise', 'revenueSurprise', 'epsEstimate', 'revenueEstimate']") — skipped
[score_book_oos] sector_shock_distributed_lag_unpaid_response failed ("panel lacks required field(s) ['sector']") — skipped
[score_book_oos] stabilized_convex_common_shock_overshoot failed ("panel lacks required field(s) ['industry']") — skipped
[score_book_oos] directed_laggraph_liquidity_unpaid_response failed ("panel lacks required field(s) ['marketCap', 'industry']") — skipped
[score_book_oos] shrunk_directed_lag_liquidity_gap failed ("panel lacks required field(s) ['marketCap', 'industry']") — skipped
[score_book_oos] sector_hawkes_compensator_late_follower failed ("panel lacks required field(s) ['sector', 'currentRatio']") — skipped
[score_book_oos] signed_graph_curvature_residual_diffusion failed ("panel lacks required field(s) ['sector']") — skipped
[score_book_oos] factor_premium_dispersion_regime_transfer failed ("panel lacks required field(s) ['sector', 'freeCashFlowYield', 'roe', 'roic', 'incomeQuality', 'assetGrowth', 'debtGrowth', 'sharesGrowth']") — skipped
[score_book_oos] intraday_supply_curve_overshoot_reversal failed ("panel lacks required field(s) ['sector']") — skipped
[score_book_oos] report_assimilation_release_continuation_h6 failed ("panel lacks required field(s) ['epsSurprise', 'epsEstimate', 'epsActual']") — skipped
[score_book_oos] sector_shrunk_mode_follower_relay failed ("panel lacks required field(s) ['sector']") — skipped
[score_book_oos] fresh_cashfunded_upgrade_wedge failed ("panel lacks required field(s) ['epsEstimate', 'freeCashFlow', 'netStockIssuance', 'marketCap']") — skipped
[score_book_oos] tail_survival_capacity_impedance_drift failed ("panel lacks required field(s) ['revenueGrowth', 'operatingCashFlowGrowth', 'revenueSurprise']") — skipped
[score_book_oos] event_freshness_accounting_confirmed_surprise failed ("panel lacks required field(s) ['epsSurprise', 'revenueSurprise', 'epsEstimate', 'revenueEstimate', 'grossMargin', 'operatingCashFlow', 'revenue', 'receivables', 'inventory', 'accountsPayable']") — skipped
[score_book_oos] partial_graph_peer_innovation_catchup failed ("panel lacks required field(s) ['sector']") — skipped
[score_book_oos] quality_regime_conditioned_issuer_distribution failed ("panel lacks required field(s) ['marketCap', 'netStockIssuance', 'sharesGrowth', 'industry', 'sector', 'roic', 'grossMargin', 'earningsYield']") — skipped
[score_book_oos] fresh_expectation_delivery_decay failed ("panel lacks required field(s) ['revenueGrowth', 'freeCashFlowYield', 'incomeQuality', 'sharesGrowth', 'psRatio']") — skipped
[score_book_oos] growth_expectation_convexity_break failed ("panel lacks required field(s) ['psRatio', 'sector', 'revenueGrowth', 'operatingMargin']") — skipped
[score_book_oos] growth_expectation_fresh_delivery_break failed ("panel lacks required field(s) ['psRatio', 'sector', 'revenueGrowth', 'operatingMargin']") — skipped
[score_book_oos] fundamental_momentum_extrapolation_fragility failed ("panel lacks required field(s) ['epsEstimate', 'revenueEstimate', 'operatingMargin', 'freeCashFlow', 'roic', 'psRatio', 'evToSales', 'sector']") — skipped
[score_book_oos] cashflow_deterioration_idio_downside_overshoot failed ("panel lacks required field(s) ['sector', 'operatingCashFlow', 'revenue', 'operatingMargin', 'interestCoverage']") — skipped
[score_book_oos] tail_survival_forcedflow_reversal_h6 failed ("panel lacks required field(s) ['revenueGrowth', 'operatingCashFlowGrowth', 'revenueSurprise']") — skipped
[score_book_oos] downside_excitation_fragility_acceleration_h6 failed ("panel lacks required field(s) ['roic', 'currentRatio', 'debtToEquity']") — skipped
[score_book_oos] downside_persistence_fragility_exhaustion failed ("panel lacks required field(s) ['debtToEquity', 'interestCoverage']") — skipped
[score_book_oos] resilient_downside_excitation_cooling_continuati failed ("panel lacks required field(s) ['cashRatio', 'debtToEquity']") — skipped
[score_book_oos] revision_financing_gated_idio_downside_polarity failed ("panel lacks required field(s) ['sector', 'epsEstimate', 'revenueEstimate', 'sharesGrowth', 'netStockIssuance', 'marketCap', 'freeCashFlowYield']") — skipped
[score_book_oos] scheduled_downside_cooling_information_drift failed ("panel lacks required field(s) ['sector']") — skipped
[score_book_oos] downside_tail_dependence_unpaid_bridge failed ("panel lacks required field(s) ['sector', 'debtToEquity', 'currentRatio']") — skipped
[score_book_oos] robust_tail_equity_supply_reversal failed ("panel lacks required field(s) ['netStockIssuance', 'sharesGrowth', 'marketCap']") — skipped
[score_book_oos] cashcycle_replenishment_rebound_completion failed ("panel lacks required field(s) ['receivables', 'inventory', 'accountsPayable', 'revenue', 'industry']") — skipped
[score_book_oos] idiosyncratic_tail_resilience_absorption_repair failed ("panel lacks required field(s) ['sector', 'operatingCashFlow', 'totalAssets', 'grossMargin', 'freeCashFlowYield', 'evToFreeCashFlow']") — skipped
[score_book_oos] report_clock_tail_network_derisking_gate failed ("panel lacks required field(s) ['sector', 'epsEstimate', 'revenueEstimate', 'epsActual', 'revenueActual', 'epsSurprise']") — skipped
[score_book_oos] anticipated_report_peer_tail_impact_gate failed ("panel lacks required field(s) ['sector', 'epsActual', 'revenueActual']") — skipped
[score_book_oos] volume_clock_signed_flow_schedule_h6 failed ("panel lacks required field(s) ['sector']") — skipped
[score_book_oos] surprise_novelty_absorption_drift failed ("panel lacks required field(s) ['epsSurprise', 'revenueSurprise', 'epsEstimate', 'revenueEstimate']") — skipped
[score_book_oos] industry_turnover_gated_idio_repair failed ("panel lacks required field(s) ['marketCap', 'industry', 'sector']") — skipped
[score_book_oos] latent_impact_absorption_persistence failed ("panel lacks required field(s) ['industry']") — skipped
[score_book_oos] fractional_propagator_flow_debt_reversal failed ("panel lacks required field(s) ['industry']") — skipped
[score_book_oos] sector_relative_opening_auction_rejection_h6 failed ("panel lacks required field(s) ['sector']") — skipped
[score_book_oos] decelerating_execution_debt_reversal failed ("panel lacks required field(s) ['industry']") — skipped
/Users/lucawurker/Desktop/Imperial/Master Thesis/QuantFundAgent/venv/lib/python3.13/site-packages/sklearn/utils/validation.py:2691: UserWarning: X does not have valid feature names, but LGBMRegressor was fitted with feature names
  warnings.warn(
  LOCO 44/62 asymmetric_overnight_range_wedge_rebound
[score_book_oos] sbc_dilution_acceleration_supply_drift failed ("panel lacks required field(s) ['sector', 'stockBasedCompensation', 'revenue', 'sharesOutstanding', 'sharesGrowth', 'netStockIssuance', 'marketCap', 'shareRepurchase']") — skipped
[score_book_oos] cashflow_quality_confirmed_surprise_drift failed ("panel lacks required field(s) ['epsSurprise', 'epsEstimate', 'incomeQuality']") — skipped
[score_book_oos] fresh_cashflow_confirmed_surprise_drift failed ("panel lacks required field(s) ['epsSurprise', 'revenueSurprise', 'incomeQuality', 'freeCashFlowYield', 'cashConversionCycle']") — skipped
[score_book_oos] cashbacked_asymmetric_surprise_drift_h6 failed ("panel lacks required field(s) ['epsSurprise', 'epsEstimate', 'incomeQuality']") — skipped
[score_book_oos] cash_realization_surprise_disagreement failed ("panel lacks required field(s) ['epsSurprise', 'revenueSurprise', 'epsEstimate', 'revenueEstimate', 'epsActual', 'revenueActual', 'cashConversionCycle', 'incomeQuality', 'receivablesGrowth', 'inventoryGrowth']") — skipped
[score_book_oos] cashcycle_ambiguity_operating_fade failed ("panel lacks required field(s) ['sector', 'daysSalesOutstanding', 'daysInventoryOutstanding', 'incomeQuality', 'revenueGrowth']") — skipped
[score_book_oos] episode_coherence_fresh_revision_gap failed ("panel lacks required field(s) ['epsEstimate', 'revenueEstimate', 'industry']") — skipped
[score_book_oos] fundamental_peer_surprise_transmission_gap failed ("panel lacks required field(s) ['revenueGrowth', 'grossMargin', 'operatingMargin', 'roic', 'debtToEquity', 'epsSurprise', 'revenueSurprise', 'epsEstimate', 'revenueEstimate']") — skipped
[score_book_oos] sector_shock_distributed_lag_unpaid_response failed ("panel lacks required field(s) ['sector']") — skipped
[score_book_oos] stabilized_convex_common_shock_overshoot failed ("panel lacks required field(s) ['industry']") — skipped
[score_book_oos] directed_laggraph_liquidity_unpaid_response failed ("panel lacks required field(s) ['marketCap', 'industry']") — skipped
[score_book_oos] shrunk_directed_lag_liquidity_gap failed ("panel lacks required field(s) ['marketCap', 'industry']") — skipped
[score_book_oos] sector_hawkes_compensator_late_follower failed ("panel lacks required field(s) ['sector', 'currentRatio']") — skipped
[score_book_oos] signed_graph_curvature_residual_diffusion failed ("panel lacks required field(s) ['sector']") — skipped
[score_book_oos] factor_premium_dispersion_regime_transfer failed ("panel lacks required field(s) ['sector', 'freeCashFlowYield', 'roe', 'roic', 'incomeQuality', 'assetGrowth', 'debtGrowth', 'sharesGrowth']") — skipped
[score_book_oos] intraday_supply_curve_overshoot_reversal failed ("panel lacks required field(s) ['sector']") — skipped
[score_book_oos] report_assimilation_release_continuation_h6 failed ("panel lacks required field(s) ['epsSurprise', 'epsEstimate', 'epsActual']") — skipped
[score_book_oos] sector_shrunk_mode_follower_relay failed ("panel lacks required field(s) ['sector']") — skipped
[score_book_oos] fresh_cashfunded_upgrade_wedge failed ("panel lacks required field(s) ['epsEstimate', 'freeCashFlow', 'netStockIssuance', 'marketCap']") — skipped
[score_book_oos] tail_survival_capacity_impedance_drift failed ("panel lacks required field(s) ['revenueGrowth', 'operatingCashFlowGrowth', 'revenueSurprise']") — skipped
[score_book_oos] event_freshness_accounting_confirmed_surprise failed ("panel lacks required field(s) ['epsSurprise', 'revenueSurprise', 'epsEstimate', 'revenueEstimate', 'grossMargin', 'operatingCashFlow', 'revenue', 'receivables', 'inventory', 'accountsPayable']") — skipped
[score_book_oos] partial_graph_peer_innovation_catchup failed ("panel lacks required field(s) ['sector']") — skipped
[score_book_oos] quality_regime_conditioned_issuer_distribution failed ("panel lacks required field(s) ['marketCap', 'netStockIssuance', 'sharesGrowth', 'industry', 'sector', 'roic', 'grossMargin', 'earningsYield']") — skipped
[score_book_oos] fresh_expectation_delivery_decay failed ("panel lacks required field(s) ['revenueGrowth', 'freeCashFlowYield', 'incomeQuality', 'sharesGrowth', 'psRatio']") — skipped
[score_book_oos] growth_expectation_convexity_break failed ("panel lacks required field(s) ['psRatio', 'sector', 'revenueGrowth', 'operatingMargin']") — skipped
[score_book_oos] growth_expectation_fresh_delivery_break failed ("panel lacks required field(s) ['psRatio', 'sector', 'revenueGrowth', 'operatingMargin']") — skipped
[score_book_oos] fundamental_momentum_extrapolation_fragility failed ("panel lacks required field(s) ['epsEstimate', 'revenueEstimate', 'operatingMargin', 'freeCashFlow', 'roic', 'psRatio', 'evToSales', 'sector']") — skipped
[score_book_oos] cashflow_deterioration_idio_downside_overshoot failed ("panel lacks required field(s) ['sector', 'operatingCashFlow', 'revenue', 'operatingMargin', 'interestCoverage']") — skipped
[score_book_oos] tail_survival_forcedflow_reversal_h6 failed ("panel lacks required field(s) ['revenueGrowth', 'operatingCashFlowGrowth', 'revenueSurprise']") — skipped
[score_book_oos] downside_excitation_fragility_acceleration_h6 failed ("panel lacks required field(s) ['roic', 'currentRatio', 'debtToEquity']") — skipped
[score_book_oos] downside_persistence_fragility_exhaustion failed ("panel lacks required field(s) ['debtToEquity', 'interestCoverage']") — skipped
[score_book_oos] resilient_downside_excitation_cooling_continuati failed ("panel lacks required field(s) ['cashRatio', 'debtToEquity']") — skipped
[score_book_oos] asymmetric_overnight_range_wedge_rebound failed ("panel lacks required field(s) ['sector']") — skipped
[score_book_oos] scheduled_downside_cooling_information_drift failed ("panel lacks required field(s) ['sector']") — skipped
[score_book_oos] downside_tail_dependence_unpaid_bridge failed ("panel lacks required field(s) ['sector', 'debtToEquity', 'currentRatio']") — skipped
[score_book_oos] robust_tail_equity_supply_reversal failed ("panel lacks required field(s) ['netStockIssuance', 'sharesGrowth', 'marketCap']") — skipped
[score_book_oos] cashcycle_replenishment_rebound_completion failed ("panel lacks required field(s) ['receivables', 'inventory', 'accountsPayable', 'revenue', 'industry']") — skipped
[score_book_oos] idiosyncratic_tail_resilience_absorption_repair failed ("panel lacks required field(s) ['sector', 'operatingCashFlow', 'totalAssets', 'grossMargin', 'freeCashFlowYield', 'evToFreeCashFlow']") — skipped
[score_book_oos] report_clock_tail_network_derisking_gate failed ("panel lacks required field(s) ['sector', 'epsEstimate', 'revenueEstimate', 'epsActual', 'revenueActual', 'epsSurprise']") — skipped
[score_book_oos] anticipated_report_peer_tail_impact_gate failed ("panel lacks required field(s) ['sector', 'epsActual', 'revenueActual']") — skipped
[score_book_oos] volume_clock_signed_flow_schedule_h6 failed ("panel lacks required field(s) ['sector']") — skipped
[score_book_oos] surprise_novelty_absorption_drift failed ("panel lacks required field(s) ['epsSurprise', 'revenueSurprise', 'epsEstimate', 'revenueEstimate']") — skipped
[score_book_oos] industry_turnover_gated_idio_repair failed ("panel lacks required field(s) ['marketCap', 'industry', 'sector']") — skipped
[score_book_oos] latent_impact_absorption_persistence failed ("panel lacks required field(s) ['industry']") — skipped
[score_book_oos] fractional_propagator_flow_debt_reversal failed ("panel lacks required field(s) ['industry']") — skipped
[score_book_oos] sector_relative_opening_auction_rejection_h6 failed ("panel lacks required field(s) ['sector']") — skipped
[score_book_oos] decelerating_execution_debt_reversal failed ("panel lacks required field(s) ['industry']") — skipped
/Users/lucawurker/Desktop/Imperial/Master Thesis/QuantFundAgent/venv/lib/python3.13/site-packages/sklearn/utils/validation.py:2691: UserWarning: X does not have valid feature names, but LGBMRegressor was fitted with feature names
  warnings.warn(
  LOCO 45/62 revision_financing_gated_idio_downside_polarity
[score_book_oos] sbc_dilution_acceleration_supply_drift failed ("panel lacks required field(s) ['sector', 'stockBasedCompensation', 'revenue', 'sharesOutstanding', 'sharesGrowth', 'netStockIssuance', 'marketCap', 'shareRepurchase']") — skipped
[score_book_oos] cashflow_quality_confirmed_surprise_drift failed ("panel lacks required field(s) ['epsSurprise', 'epsEstimate', 'incomeQuality']") — skipped
[score_book_oos] fresh_cashflow_confirmed_surprise_drift failed ("panel lacks required field(s) ['epsSurprise', 'revenueSurprise', 'incomeQuality', 'freeCashFlowYield', 'cashConversionCycle']") — skipped
[score_book_oos] cashbacked_asymmetric_surprise_drift_h6 failed ("panel lacks required field(s) ['epsSurprise', 'epsEstimate', 'incomeQuality']") — skipped
[score_book_oos] cash_realization_surprise_disagreement failed ("panel lacks required field(s) ['epsSurprise', 'revenueSurprise', 'epsEstimate', 'revenueEstimate', 'epsActual', 'revenueActual', 'cashConversionCycle', 'incomeQuality', 'receivablesGrowth', 'inventoryGrowth']") — skipped
[score_book_oos] cashcycle_ambiguity_operating_fade failed ("panel lacks required field(s) ['sector', 'daysSalesOutstanding', 'daysInventoryOutstanding', 'incomeQuality', 'revenueGrowth']") — skipped
[score_book_oos] episode_coherence_fresh_revision_gap failed ("panel lacks required field(s) ['epsEstimate', 'revenueEstimate', 'industry']") — skipped
[score_book_oos] fundamental_peer_surprise_transmission_gap failed ("panel lacks required field(s) ['revenueGrowth', 'grossMargin', 'operatingMargin', 'roic', 'debtToEquity', 'epsSurprise', 'revenueSurprise', 'epsEstimate', 'revenueEstimate']") — skipped
[score_book_oos] sector_shock_distributed_lag_unpaid_response failed ("panel lacks required field(s) ['sector']") — skipped
[score_book_oos] stabilized_convex_common_shock_overshoot failed ("panel lacks required field(s) ['industry']") — skipped
[score_book_oos] directed_laggraph_liquidity_unpaid_response failed ("panel lacks required field(s) ['marketCap', 'industry']") — skipped
[score_book_oos] shrunk_directed_lag_liquidity_gap failed ("panel lacks required field(s) ['marketCap', 'industry']") — skipped
[score_book_oos] sector_hawkes_compensator_late_follower failed ("panel lacks required field(s) ['sector', 'currentRatio']") — skipped
[score_book_oos] signed_graph_curvature_residual_diffusion failed ("panel lacks required field(s) ['sector']") — skipped
[score_book_oos] factor_premium_dispersion_regime_transfer failed ("panel lacks required field(s) ['sector', 'freeCashFlowYield', 'roe', 'roic', 'incomeQuality', 'assetGrowth', 'debtGrowth', 'sharesGrowth']") — skipped
[score_book_oos] intraday_supply_curve_overshoot_reversal failed ("panel lacks required field(s) ['sector']") — skipped
[score_book_oos] report_assimilation_release_continuation_h6 failed ("panel lacks required field(s) ['epsSurprise', 'epsEstimate', 'epsActual']") — skipped
[score_book_oos] sector_shrunk_mode_follower_relay failed ("panel lacks required field(s) ['sector']") — skipped
[score_book_oos] fresh_cashfunded_upgrade_wedge failed ("panel lacks required field(s) ['epsEstimate', 'freeCashFlow', 'netStockIssuance', 'marketCap']") — skipped
[score_book_oos] tail_survival_capacity_impedance_drift failed ("panel lacks required field(s) ['revenueGrowth', 'operatingCashFlowGrowth', 'revenueSurprise']") — skipped
[score_book_oos] event_freshness_accounting_confirmed_surprise failed ("panel lacks required field(s) ['epsSurprise', 'revenueSurprise', 'epsEstimate', 'revenueEstimate', 'grossMargin', 'operatingCashFlow', 'revenue', 'receivables', 'inventory', 'accountsPayable']") — skipped
[score_book_oos] partial_graph_peer_innovation_catchup failed ("panel lacks required field(s) ['sector']") — skipped
[score_book_oos] quality_regime_conditioned_issuer_distribution failed ("panel lacks required field(s) ['marketCap', 'netStockIssuance', 'sharesGrowth', 'industry', 'sector', 'roic', 'grossMargin', 'earningsYield']") — skipped
[score_book_oos] fresh_expectation_delivery_decay failed ("panel lacks required field(s) ['revenueGrowth', 'freeCashFlowYield', 'incomeQuality', 'sharesGrowth', 'psRatio']") — skipped
[score_book_oos] growth_expectation_convexity_break failed ("panel lacks required field(s) ['psRatio', 'sector', 'revenueGrowth', 'operatingMargin']") — skipped
[score_book_oos] growth_expectation_fresh_delivery_break failed ("panel lacks required field(s) ['psRatio', 'sector', 'revenueGrowth', 'operatingMargin']") — skipped
[score_book_oos] fundamental_momentum_extrapolation_fragility failed ("panel lacks required field(s) ['epsEstimate', 'revenueEstimate', 'operatingMargin', 'freeCashFlow', 'roic', 'psRatio', 'evToSales', 'sector']") — skipped
[score_book_oos] cashflow_deterioration_idio_downside_overshoot failed ("panel lacks required field(s) ['sector', 'operatingCashFlow', 'revenue', 'operatingMargin', 'interestCoverage']") — skipped
[score_book_oos] tail_survival_forcedflow_reversal_h6 failed ("panel lacks required field(s) ['revenueGrowth', 'operatingCashFlowGrowth', 'revenueSurprise']") — skipped
[score_book_oos] downside_excitation_fragility_acceleration_h6 failed ("panel lacks required field(s) ['roic', 'currentRatio', 'debtToEquity']") — skipped
[score_book_oos] downside_persistence_fragility_exhaustion failed ("panel lacks required field(s) ['debtToEquity', 'interestCoverage']") — skipped
[score_book_oos] resilient_downside_excitation_cooling_continuati failed ("panel lacks required field(s) ['cashRatio', 'debtToEquity']") — skipped
[score_book_oos] asymmetric_overnight_range_wedge_rebound failed ("panel lacks required field(s) ['sector']") — skipped
[score_book_oos] revision_financing_gated_idio_downside_polarity failed ("panel lacks required field(s) ['sector', 'epsEstimate', 'revenueEstimate', 'sharesGrowth', 'netStockIssuance', 'marketCap', 'freeCashFlowYield']") — skipped
[score_book_oos] scheduled_downside_cooling_information_drift failed ("panel lacks required field(s) ['sector']") — skipped
[score_book_oos] downside_tail_dependence_unpaid_bridge failed ("panel lacks required field(s) ['sector', 'debtToEquity', 'currentRatio']") — skipped
[score_book_oos] robust_tail_equity_supply_reversal failed ("panel lacks required field(s) ['netStockIssuance', 'sharesGrowth', 'marketCap']") — skipped
[score_book_oos] cashcycle_replenishment_rebound_completion failed ("panel lacks required field(s) ['receivables', 'inventory', 'accountsPayable', 'revenue', 'industry']") — skipped
[score_book_oos] idiosyncratic_tail_resilience_absorption_repair failed ("panel lacks required field(s) ['sector', 'operatingCashFlow', 'totalAssets', 'grossMargin', 'freeCashFlowYield', 'evToFreeCashFlow']") — skipped
[score_book_oos] report_clock_tail_network_derisking_gate failed ("panel lacks required field(s) ['sector', 'epsEstimate', 'revenueEstimate', 'epsActual', 'revenueActual', 'epsSurprise']") — skipped
[score_book_oos] anticipated_report_peer_tail_impact_gate failed ("panel lacks required field(s) ['sector', 'epsActual', 'revenueActual']") — skipped
[score_book_oos] volume_clock_signed_flow_schedule_h6 failed ("panel lacks required field(s) ['sector']") — skipped
[score_book_oos] surprise_novelty_absorption_drift failed ("panel lacks required field(s) ['epsSurprise', 'revenueSurprise', 'epsEstimate', 'revenueEstimate']") — skipped
[score_book_oos] industry_turnover_gated_idio_repair failed ("panel lacks required field(s) ['marketCap', 'industry', 'sector']") — skipped
[score_book_oos] latent_impact_absorption_persistence failed ("panel lacks required field(s) ['industry']") — skipped
[score_book_oos] fractional_propagator_flow_debt_reversal failed ("panel lacks required field(s) ['industry']") — skipped
[score_book_oos] sector_relative_opening_auction_rejection_h6 failed ("panel lacks required field(s) ['sector']") — skipped
[score_book_oos] decelerating_execution_debt_reversal failed ("panel lacks required field(s) ['industry']") — skipped
/Users/lucawurker/Desktop/Imperial/Master Thesis/QuantFundAgent/venv/lib/python3.13/site-packages/sklearn/utils/validation.py:2691: UserWarning: X does not have valid feature names, but LGBMRegressor was fitted with feature names
  warnings.warn(
  LOCO 46/62 downside_reflexive_probe_persistence
[score_book_oos] sbc_dilution_acceleration_supply_drift failed ("panel lacks required field(s) ['sector', 'stockBasedCompensation', 'revenue', 'sharesOutstanding', 'sharesGrowth', 'netStockIssuance', 'marketCap', 'shareRepurchase']") — skipped
[score_book_oos] cashflow_quality_confirmed_surprise_drift failed ("panel lacks required field(s) ['epsSurprise', 'epsEstimate', 'incomeQuality']") — skipped
[score_book_oos] fresh_cashflow_confirmed_surprise_drift failed ("panel lacks required field(s) ['epsSurprise', 'revenueSurprise', 'incomeQuality', 'freeCashFlowYield', 'cashConversionCycle']") — skipped
[score_book_oos] cashbacked_asymmetric_surprise_drift_h6 failed ("panel lacks required field(s) ['epsSurprise', 'epsEstimate', 'incomeQuality']") — skipped
[score_book_oos] cash_realization_surprise_disagreement failed ("panel lacks required field(s) ['epsSurprise', 'revenueSurprise', 'epsEstimate', 'revenueEstimate', 'epsActual', 'revenueActual', 'cashConversionCycle', 'incomeQuality', 'receivablesGrowth', 'inventoryGrowth']") — skipped
[score_book_oos] cashcycle_ambiguity_operating_fade failed ("panel lacks required field(s) ['sector', 'daysSalesOutstanding', 'daysInventoryOutstanding', 'incomeQuality', 'revenueGrowth']") — skipped
[score_book_oos] episode_coherence_fresh_revision_gap failed ("panel lacks required field(s) ['epsEstimate', 'revenueEstimate', 'industry']") — skipped
[score_book_oos] fundamental_peer_surprise_transmission_gap failed ("panel lacks required field(s) ['revenueGrowth', 'grossMargin', 'operatingMargin', 'roic', 'debtToEquity', 'epsSurprise', 'revenueSurprise', 'epsEstimate', 'revenueEstimate']") — skipped
[score_book_oos] sector_shock_distributed_lag_unpaid_response failed ("panel lacks required field(s) ['sector']") — skipped
[score_book_oos] stabilized_convex_common_shock_overshoot failed ("panel lacks required field(s) ['industry']") — skipped
[score_book_oos] directed_laggraph_liquidity_unpaid_response failed ("panel lacks required field(s) ['marketCap', 'industry']") — skipped
[score_book_oos] shrunk_directed_lag_liquidity_gap failed ("panel lacks required field(s) ['marketCap', 'industry']") — skipped
[score_book_oos] sector_hawkes_compensator_late_follower failed ("panel lacks required field(s) ['sector', 'currentRatio']") — skipped
[score_book_oos] signed_graph_curvature_residual_diffusion failed ("panel lacks required field(s) ['sector']") — skipped
[score_book_oos] factor_premium_dispersion_regime_transfer failed ("panel lacks required field(s) ['sector', 'freeCashFlowYield', 'roe', 'roic', 'incomeQuality', 'assetGrowth', 'debtGrowth', 'sharesGrowth']") — skipped
[score_book_oos] intraday_supply_curve_overshoot_reversal failed ("panel lacks required field(s) ['sector']") — skipped
[score_book_oos] report_assimilation_release_continuation_h6 failed ("panel lacks required field(s) ['epsSurprise', 'epsEstimate', 'epsActual']") — skipped
[score_book_oos] sector_shrunk_mode_follower_relay failed ("panel lacks required field(s) ['sector']") — skipped
[score_book_oos] fresh_cashfunded_upgrade_wedge failed ("panel lacks required field(s) ['epsEstimate', 'freeCashFlow', 'netStockIssuance', 'marketCap']") — skipped
[score_book_oos] tail_survival_capacity_impedance_drift failed ("panel lacks required field(s) ['revenueGrowth', 'operatingCashFlowGrowth', 'revenueSurprise']") — skipped
[score_book_oos] event_freshness_accounting_confirmed_surprise failed ("panel lacks required field(s) ['epsSurprise', 'revenueSurprise', 'epsEstimate', 'revenueEstimate', 'grossMargin', 'operatingCashFlow', 'revenue', 'receivables', 'inventory', 'accountsPayable']") — skipped
[score_book_oos] partial_graph_peer_innovation_catchup failed ("panel lacks required field(s) ['sector']") — skipped
[score_book_oos] quality_regime_conditioned_issuer_distribution failed ("panel lacks required field(s) ['marketCap', 'netStockIssuance', 'sharesGrowth', 'industry', 'sector', 'roic', 'grossMargin', 'earningsYield']") — skipped
[score_book_oos] fresh_expectation_delivery_decay failed ("panel lacks required field(s) ['revenueGrowth', 'freeCashFlowYield', 'incomeQuality', 'sharesGrowth', 'psRatio']") — skipped
[score_book_oos] growth_expectation_convexity_break failed ("panel lacks required field(s) ['psRatio', 'sector', 'revenueGrowth', 'operatingMargin']") — skipped
[score_book_oos] growth_expectation_fresh_delivery_break failed ("panel lacks required field(s) ['psRatio', 'sector', 'revenueGrowth', 'operatingMargin']") — skipped
[score_book_oos] fundamental_momentum_extrapolation_fragility failed ("panel lacks required field(s) ['epsEstimate', 'revenueEstimate', 'operatingMargin', 'freeCashFlow', 'roic', 'psRatio', 'evToSales', 'sector']") — skipped
[score_book_oos] cashflow_deterioration_idio_downside_overshoot failed ("panel lacks required field(s) ['sector', 'operatingCashFlow', 'revenue', 'operatingMargin', 'interestCoverage']") — skipped
[score_book_oos] tail_survival_forcedflow_reversal_h6 failed ("panel lacks required field(s) ['revenueGrowth', 'operatingCashFlowGrowth', 'revenueSurprise']") — skipped
[score_book_oos] downside_excitation_fragility_acceleration_h6 failed ("panel lacks required field(s) ['roic', 'currentRatio', 'debtToEquity']") — skipped
[score_book_oos] downside_persistence_fragility_exhaustion failed ("panel lacks required field(s) ['debtToEquity', 'interestCoverage']") — skipped
[score_book_oos] resilient_downside_excitation_cooling_continuati failed ("panel lacks required field(s) ['cashRatio', 'debtToEquity']") — skipped
[score_book_oos] asymmetric_overnight_range_wedge_rebound failed ("panel lacks required field(s) ['sector']") — skipped
[score_book_oos] revision_financing_gated_idio_downside_polarity failed ("panel lacks required field(s) ['sector', 'epsEstimate', 'revenueEstimate', 'sharesGrowth', 'netStockIssuance', 'marketCap', 'freeCashFlowYield']") — skipped
[score_book_oos] downside_tail_dependence_unpaid_bridge failed ("panel lacks required field(s) ['sector', 'debtToEquity', 'currentRatio']") — skipped
[score_book_oos] robust_tail_equity_supply_reversal failed ("panel lacks required field(s) ['netStockIssuance', 'sharesGrowth', 'marketCap']") — skipped
[score_book_oos] cashcycle_replenishment_rebound_completion failed ("panel lacks required field(s) ['receivables', 'inventory', 'accountsPayable', 'revenue', 'industry']") — skipped
[score_book_oos] idiosyncratic_tail_resilience_absorption_repair failed ("panel lacks required field(s) ['sector', 'operatingCashFlow', 'totalAssets', 'grossMargin', 'freeCashFlowYield', 'evToFreeCashFlow']") — skipped
[score_book_oos] report_clock_tail_network_derisking_gate failed ("panel lacks required field(s) ['sector', 'epsEstimate', 'revenueEstimate', 'epsActual', 'revenueActual', 'epsSurprise']") — skipped
[score_book_oos] anticipated_report_peer_tail_impact_gate failed ("panel lacks required field(s) ['sector', 'epsActual', 'revenueActual']") — skipped
[score_book_oos] volume_clock_signed_flow_schedule_h6 failed ("panel lacks required field(s) ['sector']") — skipped
[score_book_oos] surprise_novelty_absorption_drift failed ("panel lacks required field(s) ['epsSurprise', 'revenueSurprise', 'epsEstimate', 'revenueEstimate']") — skipped
[score_book_oos] industry_turnover_gated_idio_repair failed ("panel lacks required field(s) ['marketCap', 'industry', 'sector']") — skipped
[score_book_oos] latent_impact_absorption_persistence failed ("panel lacks required field(s) ['industry']") — skipped
[score_book_oos] fractional_propagator_flow_debt_reversal failed ("panel lacks required field(s) ['industry']") — skipped
[score_book_oos] sector_relative_opening_auction_rejection_h6 failed ("panel lacks required field(s) ['sector']") — skipped
[score_book_oos] decelerating_execution_debt_reversal failed ("panel lacks required field(s) ['industry']") — skipped
/Users/lucawurker/Desktop/Imperial/Master Thesis/QuantFundAgent/venv/lib/python3.13/site-packages/sklearn/utils/validation.py:2691: UserWarning: X does not have valid feature names, but LGBMRegressor was fitted with feature names
  warnings.warn(
  LOCO 47/62 scheduled_downside_cooling_information_drift
[score_book_oos] sbc_dilution_acceleration_supply_drift failed ("panel lacks required field(s) ['sector', 'stockBasedCompensation', 'revenue', 'sharesOutstanding', 'sharesGrowth', 'netStockIssuance', 'marketCap', 'shareRepurchase']") — skipped
[score_book_oos] cashflow_quality_confirmed_surprise_drift failed ("panel lacks required field(s) ['epsSurprise', 'epsEstimate', 'incomeQuality']") — skipped
[score_book_oos] fresh_cashflow_confirmed_surprise_drift failed ("panel lacks required field(s) ['epsSurprise', 'revenueSurprise', 'incomeQuality', 'freeCashFlowYield', 'cashConversionCycle']") — skipped
[score_book_oos] cashbacked_asymmetric_surprise_drift_h6 failed ("panel lacks required field(s) ['epsSurprise', 'epsEstimate', 'incomeQuality']") — skipped
[score_book_oos] cash_realization_surprise_disagreement failed ("panel lacks required field(s) ['epsSurprise', 'revenueSurprise', 'epsEstimate', 'revenueEstimate', 'epsActual', 'revenueActual', 'cashConversionCycle', 'incomeQuality', 'receivablesGrowth', 'inventoryGrowth']") — skipped
[score_book_oos] cashcycle_ambiguity_operating_fade failed ("panel lacks required field(s) ['sector', 'daysSalesOutstanding', 'daysInventoryOutstanding', 'incomeQuality', 'revenueGrowth']") — skipped
[score_book_oos] episode_coherence_fresh_revision_gap failed ("panel lacks required field(s) ['epsEstimate', 'revenueEstimate', 'industry']") — skipped
[score_book_oos] fundamental_peer_surprise_transmission_gap failed ("panel lacks required field(s) ['revenueGrowth', 'grossMargin', 'operatingMargin', 'roic', 'debtToEquity', 'epsSurprise', 'revenueSurprise', 'epsEstimate', 'revenueEstimate']") — skipped
[score_book_oos] sector_shock_distributed_lag_unpaid_response failed ("panel lacks required field(s) ['sector']") — skipped
[score_book_oos] stabilized_convex_common_shock_overshoot failed ("panel lacks required field(s) ['industry']") — skipped
[score_book_oos] directed_laggraph_liquidity_unpaid_response failed ("panel lacks required field(s) ['marketCap', 'industry']") — skipped
[score_book_oos] shrunk_directed_lag_liquidity_gap failed ("panel lacks required field(s) ['marketCap', 'industry']") — skipped
[score_book_oos] sector_hawkes_compensator_late_follower failed ("panel lacks required field(s) ['sector', 'currentRatio']") — skipped
[score_book_oos] signed_graph_curvature_residual_diffusion failed ("panel lacks required field(s) ['sector']") — skipped
[score_book_oos] factor_premium_dispersion_regime_transfer failed ("panel lacks required field(s) ['sector', 'freeCashFlowYield', 'roe', 'roic', 'incomeQuality', 'assetGrowth', 'debtGrowth', 'sharesGrowth']") — skipped
[score_book_oos] intraday_supply_curve_overshoot_reversal failed ("panel lacks required field(s) ['sector']") — skipped
[score_book_oos] report_assimilation_release_continuation_h6 failed ("panel lacks required field(s) ['epsSurprise', 'epsEstimate', 'epsActual']") — skipped
[score_book_oos] sector_shrunk_mode_follower_relay failed ("panel lacks required field(s) ['sector']") — skipped
[score_book_oos] fresh_cashfunded_upgrade_wedge failed ("panel lacks required field(s) ['epsEstimate', 'freeCashFlow', 'netStockIssuance', 'marketCap']") — skipped
[score_book_oos] tail_survival_capacity_impedance_drift failed ("panel lacks required field(s) ['revenueGrowth', 'operatingCashFlowGrowth', 'revenueSurprise']") — skipped
[score_book_oos] event_freshness_accounting_confirmed_surprise failed ("panel lacks required field(s) ['epsSurprise', 'revenueSurprise', 'epsEstimate', 'revenueEstimate', 'grossMargin', 'operatingCashFlow', 'revenue', 'receivables', 'inventory', 'accountsPayable']") — skipped
[score_book_oos] partial_graph_peer_innovation_catchup failed ("panel lacks required field(s) ['sector']") — skipped
[score_book_oos] quality_regime_conditioned_issuer_distribution failed ("panel lacks required field(s) ['marketCap', 'netStockIssuance', 'sharesGrowth', 'industry', 'sector', 'roic', 'grossMargin', 'earningsYield']") — skipped
[score_book_oos] fresh_expectation_delivery_decay failed ("panel lacks required field(s) ['revenueGrowth', 'freeCashFlowYield', 'incomeQuality', 'sharesGrowth', 'psRatio']") — skipped
[score_book_oos] growth_expectation_convexity_break failed ("panel lacks required field(s) ['psRatio', 'sector', 'revenueGrowth', 'operatingMargin']") — skipped
[score_book_oos] growth_expectation_fresh_delivery_break failed ("panel lacks required field(s) ['psRatio', 'sector', 'revenueGrowth', 'operatingMargin']") — skipped
[score_book_oos] fundamental_momentum_extrapolation_fragility failed ("panel lacks required field(s) ['epsEstimate', 'revenueEstimate', 'operatingMargin', 'freeCashFlow', 'roic', 'psRatio', 'evToSales', 'sector']") — skipped
[score_book_oos] cashflow_deterioration_idio_downside_overshoot failed ("panel lacks required field(s) ['sector', 'operatingCashFlow', 'revenue', 'operatingMargin', 'interestCoverage']") — skipped
[score_book_oos] tail_survival_forcedflow_reversal_h6 failed ("panel lacks required field(s) ['revenueGrowth', 'operatingCashFlowGrowth', 'revenueSurprise']") — skipped
[score_book_oos] downside_excitation_fragility_acceleration_h6 failed ("panel lacks required field(s) ['roic', 'currentRatio', 'debtToEquity']") — skipped
[score_book_oos] downside_persistence_fragility_exhaustion failed ("panel lacks required field(s) ['debtToEquity', 'interestCoverage']") — skipped
[score_book_oos] resilient_downside_excitation_cooling_continuati failed ("panel lacks required field(s) ['cashRatio', 'debtToEquity']") — skipped
[score_book_oos] asymmetric_overnight_range_wedge_rebound failed ("panel lacks required field(s) ['sector']") — skipped
[score_book_oos] revision_financing_gated_idio_downside_polarity failed ("panel lacks required field(s) ['sector', 'epsEstimate', 'revenueEstimate', 'sharesGrowth', 'netStockIssuance', 'marketCap', 'freeCashFlowYield']") — skipped
[score_book_oos] scheduled_downside_cooling_information_drift failed ("panel lacks required field(s) ['sector']") — skipped
[score_book_oos] robust_tail_equity_supply_reversal failed ("panel lacks required field(s) ['netStockIssuance', 'sharesGrowth', 'marketCap']") — skipped
[score_book_oos] cashcycle_replenishment_rebound_completion failed ("panel lacks required field(s) ['receivables', 'inventory', 'accountsPayable', 'revenue', 'industry']") — skipped
[score_book_oos] idiosyncratic_tail_resilience_absorption_repair failed ("panel lacks required field(s) ['sector', 'operatingCashFlow', 'totalAssets', 'grossMargin', 'freeCashFlowYield', 'evToFreeCashFlow']") — skipped
[score_book_oos] report_clock_tail_network_derisking_gate failed ("panel lacks required field(s) ['sector', 'epsEstimate', 'revenueEstimate', 'epsActual', 'revenueActual', 'epsSurprise']") — skipped
[score_book_oos] anticipated_report_peer_tail_impact_gate failed ("panel lacks required field(s) ['sector', 'epsActual', 'revenueActual']") — skipped
[score_book_oos] volume_clock_signed_flow_schedule_h6 failed ("panel lacks required field(s) ['sector']") — skipped
[score_book_oos] surprise_novelty_absorption_drift failed ("panel lacks required field(s) ['epsSurprise', 'revenueSurprise', 'epsEstimate', 'revenueEstimate']") — skipped
[score_book_oos] industry_turnover_gated_idio_repair failed ("panel lacks required field(s) ['marketCap', 'industry', 'sector']") — skipped
[score_book_oos] latent_impact_absorption_persistence failed ("panel lacks required field(s) ['industry']") — skipped
[score_book_oos] fractional_propagator_flow_debt_reversal failed ("panel lacks required field(s) ['industry']") — skipped
[score_book_oos] sector_relative_opening_auction_rejection_h6 failed ("panel lacks required field(s) ['sector']") — skipped
[score_book_oos] decelerating_execution_debt_reversal failed ("panel lacks required field(s) ['industry']") — skipped
/Users/lucawurker/Desktop/Imperial/Master Thesis/QuantFundAgent/venv/lib/python3.13/site-packages/sklearn/utils/validation.py:2691: UserWarning: X does not have valid feature names, but LGBMRegressor was fitted with feature names
  warnings.warn(
  LOCO 48/62 downside_tail_dependence_unpaid_bridge
[score_book_oos] sbc_dilution_acceleration_supply_drift failed ("panel lacks required field(s) ['sector', 'stockBasedCompensation', 'revenue', 'sharesOutstanding', 'sharesGrowth', 'netStockIssuance', 'marketCap', 'shareRepurchase']") — skipped
[score_book_oos] cashflow_quality_confirmed_surprise_drift failed ("panel lacks required field(s) ['epsSurprise', 'epsEstimate', 'incomeQuality']") — skipped
[score_book_oos] fresh_cashflow_confirmed_surprise_drift failed ("panel lacks required field(s) ['epsSurprise', 'revenueSurprise', 'incomeQuality', 'freeCashFlowYield', 'cashConversionCycle']") — skipped
[score_book_oos] cashbacked_asymmetric_surprise_drift_h6 failed ("panel lacks required field(s) ['epsSurprise', 'epsEstimate', 'incomeQuality']") — skipped
[score_book_oos] cash_realization_surprise_disagreement failed ("panel lacks required field(s) ['epsSurprise', 'revenueSurprise', 'epsEstimate', 'revenueEstimate', 'epsActual', 'revenueActual', 'cashConversionCycle', 'incomeQuality', 'receivablesGrowth', 'inventoryGrowth']") — skipped
[score_book_oos] cashcycle_ambiguity_operating_fade failed ("panel lacks required field(s) ['sector', 'daysSalesOutstanding', 'daysInventoryOutstanding', 'incomeQuality', 'revenueGrowth']") — skipped
[score_book_oos] episode_coherence_fresh_revision_gap failed ("panel lacks required field(s) ['epsEstimate', 'revenueEstimate', 'industry']") — skipped
[score_book_oos] fundamental_peer_surprise_transmission_gap failed ("panel lacks required field(s) ['revenueGrowth', 'grossMargin', 'operatingMargin', 'roic', 'debtToEquity', 'epsSurprise', 'revenueSurprise', 'epsEstimate', 'revenueEstimate']") — skipped
[score_book_oos] sector_shock_distributed_lag_unpaid_response failed ("panel lacks required field(s) ['sector']") — skipped
[score_book_oos] stabilized_convex_common_shock_overshoot failed ("panel lacks required field(s) ['industry']") — skipped
[score_book_oos] directed_laggraph_liquidity_unpaid_response failed ("panel lacks required field(s) ['marketCap', 'industry']") — skipped
[score_book_oos] shrunk_directed_lag_liquidity_gap failed ("panel lacks required field(s) ['marketCap', 'industry']") — skipped
[score_book_oos] sector_hawkes_compensator_late_follower failed ("panel lacks required field(s) ['sector', 'currentRatio']") — skipped
[score_book_oos] signed_graph_curvature_residual_diffusion failed ("panel lacks required field(s) ['sector']") — skipped
[score_book_oos] factor_premium_dispersion_regime_transfer failed ("panel lacks required field(s) ['sector', 'freeCashFlowYield', 'roe', 'roic', 'incomeQuality', 'assetGrowth', 'debtGrowth', 'sharesGrowth']") — skipped
[score_book_oos] intraday_supply_curve_overshoot_reversal failed ("panel lacks required field(s) ['sector']") — skipped
[score_book_oos] report_assimilation_release_continuation_h6 failed ("panel lacks required field(s) ['epsSurprise', 'epsEstimate', 'epsActual']") — skipped
[score_book_oos] sector_shrunk_mode_follower_relay failed ("panel lacks required field(s) ['sector']") — skipped
[score_book_oos] fresh_cashfunded_upgrade_wedge failed ("panel lacks required field(s) ['epsEstimate', 'freeCashFlow', 'netStockIssuance', 'marketCap']") — skipped
[score_book_oos] tail_survival_capacity_impedance_drift failed ("panel lacks required field(s) ['revenueGrowth', 'operatingCashFlowGrowth', 'revenueSurprise']") — skipped
[score_book_oos] event_freshness_accounting_confirmed_surprise failed ("panel lacks required field(s) ['epsSurprise', 'revenueSurprise', 'epsEstimate', 'revenueEstimate', 'grossMargin', 'operatingCashFlow', 'revenue', 'receivables', 'inventory', 'accountsPayable']") — skipped
[score_book_oos] partial_graph_peer_innovation_catchup failed ("panel lacks required field(s) ['sector']") — skipped
[score_book_oos] quality_regime_conditioned_issuer_distribution failed ("panel lacks required field(s) ['marketCap', 'netStockIssuance', 'sharesGrowth', 'industry', 'sector', 'roic', 'grossMargin', 'earningsYield']") — skipped
[score_book_oos] fresh_expectation_delivery_decay failed ("panel lacks required field(s) ['revenueGrowth', 'freeCashFlowYield', 'incomeQuality', 'sharesGrowth', 'psRatio']") — skipped
[score_book_oos] growth_expectation_convexity_break failed ("panel lacks required field(s) ['psRatio', 'sector', 'revenueGrowth', 'operatingMargin']") — skipped
[score_book_oos] growth_expectation_fresh_delivery_break failed ("panel lacks required field(s) ['psRatio', 'sector', 'revenueGrowth', 'operatingMargin']") — skipped
[score_book_oos] fundamental_momentum_extrapolation_fragility failed ("panel lacks required field(s) ['epsEstimate', 'revenueEstimate', 'operatingMargin', 'freeCashFlow', 'roic', 'psRatio', 'evToSales', 'sector']") — skipped
[score_book_oos] cashflow_deterioration_idio_downside_overshoot failed ("panel lacks required field(s) ['sector', 'operatingCashFlow', 'revenue', 'operatingMargin', 'interestCoverage']") — skipped
[score_book_oos] tail_survival_forcedflow_reversal_h6 failed ("panel lacks required field(s) ['revenueGrowth', 'operatingCashFlowGrowth', 'revenueSurprise']") — skipped
[score_book_oos] downside_excitation_fragility_acceleration_h6 failed ("panel lacks required field(s) ['roic', 'currentRatio', 'debtToEquity']") — skipped
[score_book_oos] downside_persistence_fragility_exhaustion failed ("panel lacks required field(s) ['debtToEquity', 'interestCoverage']") — skipped
[score_book_oos] resilient_downside_excitation_cooling_continuati failed ("panel lacks required field(s) ['cashRatio', 'debtToEquity']") — skipped
[score_book_oos] asymmetric_overnight_range_wedge_rebound failed ("panel lacks required field(s) ['sector']") — skipped
[score_book_oos] revision_financing_gated_idio_downside_polarity failed ("panel lacks required field(s) ['sector', 'epsEstimate', 'revenueEstimate', 'sharesGrowth', 'netStockIssuance', 'marketCap', 'freeCashFlowYield']") — skipped
[score_book_oos] scheduled_downside_cooling_information_drift failed ("panel lacks required field(s) ['sector']") — skipped
[score_book_oos] downside_tail_dependence_unpaid_bridge failed ("panel lacks required field(s) ['sector', 'debtToEquity', 'currentRatio']") — skipped
[score_book_oos] cashcycle_replenishment_rebound_completion failed ("panel lacks required field(s) ['receivables', 'inventory', 'accountsPayable', 'revenue', 'industry']") — skipped
[score_book_oos] idiosyncratic_tail_resilience_absorption_repair failed ("panel lacks required field(s) ['sector', 'operatingCashFlow', 'totalAssets', 'grossMargin', 'freeCashFlowYield', 'evToFreeCashFlow']") — skipped
[score_book_oos] report_clock_tail_network_derisking_gate failed ("panel lacks required field(s) ['sector', 'epsEstimate', 'revenueEstimate', 'epsActual', 'revenueActual', 'epsSurprise']") — skipped
[score_book_oos] anticipated_report_peer_tail_impact_gate failed ("panel lacks required field(s) ['sector', 'epsActual', 'revenueActual']") — skipped
[score_book_oos] volume_clock_signed_flow_schedule_h6 failed ("panel lacks required field(s) ['sector']") — skipped
[score_book_oos] surprise_novelty_absorption_drift failed ("panel lacks required field(s) ['epsSurprise', 'revenueSurprise', 'epsEstimate', 'revenueEstimate']") — skipped
[score_book_oos] industry_turnover_gated_idio_repair failed ("panel lacks required field(s) ['marketCap', 'industry', 'sector']") — skipped
[score_book_oos] latent_impact_absorption_persistence failed ("panel lacks required field(s) ['industry']") — skipped
[score_book_oos] fractional_propagator_flow_debt_reversal failed ("panel lacks required field(s) ['industry']") — skipped
[score_book_oos] sector_relative_opening_auction_rejection_h6 failed ("panel lacks required field(s) ['sector']") — skipped
[score_book_oos] decelerating_execution_debt_reversal failed ("panel lacks required field(s) ['industry']") — skipped
/Users/lucawurker/Desktop/Imperial/Master Thesis/QuantFundAgent/venv/lib/python3.13/site-packages/sklearn/utils/validation.py:2691: UserWarning: X does not have valid feature names, but LGBMRegressor was fitted with feature names
  warnings.warn(
  LOCO 49/62 robust_tail_equity_supply_reversal
[score_book_oos] sbc_dilution_acceleration_supply_drift failed ("panel lacks required field(s) ['sector', 'stockBasedCompensation', 'revenue', 'sharesOutstanding', 'sharesGrowth', 'netStockIssuance', 'marketCap', 'shareRepurchase']") — skipped
[score_book_oos] cashflow_quality_confirmed_surprise_drift failed ("panel lacks required field(s) ['epsSurprise', 'epsEstimate', 'incomeQuality']") — skipped
[score_book_oos] fresh_cashflow_confirmed_surprise_drift failed ("panel lacks required field(s) ['epsSurprise', 'revenueSurprise', 'incomeQuality', 'freeCashFlowYield', 'cashConversionCycle']") — skipped
[score_book_oos] cashbacked_asymmetric_surprise_drift_h6 failed ("panel lacks required field(s) ['epsSurprise', 'epsEstimate', 'incomeQuality']") — skipped
[score_book_oos] cash_realization_surprise_disagreement failed ("panel lacks required field(s) ['epsSurprise', 'revenueSurprise', 'epsEstimate', 'revenueEstimate', 'epsActual', 'revenueActual', 'cashConversionCycle', 'incomeQuality', 'receivablesGrowth', 'inventoryGrowth']") — skipped
[score_book_oos] cashcycle_ambiguity_operating_fade failed ("panel lacks required field(s) ['sector', 'daysSalesOutstanding', 'daysInventoryOutstanding', 'incomeQuality', 'revenueGrowth']") — skipped
[score_book_oos] episode_coherence_fresh_revision_gap failed ("panel lacks required field(s) ['epsEstimate', 'revenueEstimate', 'industry']") — skipped
[score_book_oos] fundamental_peer_surprise_transmission_gap failed ("panel lacks required field(s) ['revenueGrowth', 'grossMargin', 'operatingMargin', 'roic', 'debtToEquity', 'epsSurprise', 'revenueSurprise', 'epsEstimate', 'revenueEstimate']") — skipped
[score_book_oos] sector_shock_distributed_lag_unpaid_response failed ("panel lacks required field(s) ['sector']") — skipped
[score_book_oos] stabilized_convex_common_shock_overshoot failed ("panel lacks required field(s) ['industry']") — skipped
[score_book_oos] directed_laggraph_liquidity_unpaid_response failed ("panel lacks required field(s) ['marketCap', 'industry']") — skipped
[score_book_oos] shrunk_directed_lag_liquidity_gap failed ("panel lacks required field(s) ['marketCap', 'industry']") — skipped
[score_book_oos] sector_hawkes_compensator_late_follower failed ("panel lacks required field(s) ['sector', 'currentRatio']") — skipped
[score_book_oos] signed_graph_curvature_residual_diffusion failed ("panel lacks required field(s) ['sector']") — skipped
[score_book_oos] factor_premium_dispersion_regime_transfer failed ("panel lacks required field(s) ['sector', 'freeCashFlowYield', 'roe', 'roic', 'incomeQuality', 'assetGrowth', 'debtGrowth', 'sharesGrowth']") — skipped
[score_book_oos] intraday_supply_curve_overshoot_reversal failed ("panel lacks required field(s) ['sector']") — skipped
[score_book_oos] report_assimilation_release_continuation_h6 failed ("panel lacks required field(s) ['epsSurprise', 'epsEstimate', 'epsActual']") — skipped
[score_book_oos] sector_shrunk_mode_follower_relay failed ("panel lacks required field(s) ['sector']") — skipped
[score_book_oos] fresh_cashfunded_upgrade_wedge failed ("panel lacks required field(s) ['epsEstimate', 'freeCashFlow', 'netStockIssuance', 'marketCap']") — skipped
[score_book_oos] tail_survival_capacity_impedance_drift failed ("panel lacks required field(s) ['revenueGrowth', 'operatingCashFlowGrowth', 'revenueSurprise']") — skipped
[score_book_oos] event_freshness_accounting_confirmed_surprise failed ("panel lacks required field(s) ['epsSurprise', 'revenueSurprise', 'epsEstimate', 'revenueEstimate', 'grossMargin', 'operatingCashFlow', 'revenue', 'receivables', 'inventory', 'accountsPayable']") — skipped
[score_book_oos] partial_graph_peer_innovation_catchup failed ("panel lacks required field(s) ['sector']") — skipped
[score_book_oos] quality_regime_conditioned_issuer_distribution failed ("panel lacks required field(s) ['marketCap', 'netStockIssuance', 'sharesGrowth', 'industry', 'sector', 'roic', 'grossMargin', 'earningsYield']") — skipped
[score_book_oos] fresh_expectation_delivery_decay failed ("panel lacks required field(s) ['revenueGrowth', 'freeCashFlowYield', 'incomeQuality', 'sharesGrowth', 'psRatio']") — skipped
[score_book_oos] growth_expectation_convexity_break failed ("panel lacks required field(s) ['psRatio', 'sector', 'revenueGrowth', 'operatingMargin']") — skipped
[score_book_oos] growth_expectation_fresh_delivery_break failed ("panel lacks required field(s) ['psRatio', 'sector', 'revenueGrowth', 'operatingMargin']") — skipped
[score_book_oos] fundamental_momentum_extrapolation_fragility failed ("panel lacks required field(s) ['epsEstimate', 'revenueEstimate', 'operatingMargin', 'freeCashFlow', 'roic', 'psRatio', 'evToSales', 'sector']") — skipped
[score_book_oos] cashflow_deterioration_idio_downside_overshoot failed ("panel lacks required field(s) ['sector', 'operatingCashFlow', 'revenue', 'operatingMargin', 'interestCoverage']") — skipped
[score_book_oos] tail_survival_forcedflow_reversal_h6 failed ("panel lacks required field(s) ['revenueGrowth', 'operatingCashFlowGrowth', 'revenueSurprise']") — skipped
[score_book_oos] downside_excitation_fragility_acceleration_h6 failed ("panel lacks required field(s) ['roic', 'currentRatio', 'debtToEquity']") — skipped
[score_book_oos] downside_persistence_fragility_exhaustion failed ("panel lacks required field(s) ['debtToEquity', 'interestCoverage']") — skipped
[score_book_oos] resilient_downside_excitation_cooling_continuati failed ("panel lacks required field(s) ['cashRatio', 'debtToEquity']") — skipped
[score_book_oos] asymmetric_overnight_range_wedge_rebound failed ("panel lacks required field(s) ['sector']") — skipped
[score_book_oos] revision_financing_gated_idio_downside_polarity failed ("panel lacks required field(s) ['sector', 'epsEstimate', 'revenueEstimate', 'sharesGrowth', 'netStockIssuance', 'marketCap', 'freeCashFlowYield']") — skipped
[score_book_oos] scheduled_downside_cooling_information_drift failed ("panel lacks required field(s) ['sector']") — skipped
[score_book_oos] downside_tail_dependence_unpaid_bridge failed ("panel lacks required field(s) ['sector', 'debtToEquity', 'currentRatio']") — skipped
[score_book_oos] robust_tail_equity_supply_reversal failed ("panel lacks required field(s) ['netStockIssuance', 'sharesGrowth', 'marketCap']") — skipped
[score_book_oos] idiosyncratic_tail_resilience_absorption_repair failed ("panel lacks required field(s) ['sector', 'operatingCashFlow', 'totalAssets', 'grossMargin', 'freeCashFlowYield', 'evToFreeCashFlow']") — skipped
[score_book_oos] report_clock_tail_network_derisking_gate failed ("panel lacks required field(s) ['sector', 'epsEstimate', 'revenueEstimate', 'epsActual', 'revenueActual', 'epsSurprise']") — skipped
[score_book_oos] anticipated_report_peer_tail_impact_gate failed ("panel lacks required field(s) ['sector', 'epsActual', 'revenueActual']") — skipped
[score_book_oos] volume_clock_signed_flow_schedule_h6 failed ("panel lacks required field(s) ['sector']") — skipped
[score_book_oos] surprise_novelty_absorption_drift failed ("panel lacks required field(s) ['epsSurprise', 'revenueSurprise', 'epsEstimate', 'revenueEstimate']") — skipped
[score_book_oos] industry_turnover_gated_idio_repair failed ("panel lacks required field(s) ['marketCap', 'industry', 'sector']") — skipped
[score_book_oos] latent_impact_absorption_persistence failed ("panel lacks required field(s) ['industry']") — skipped
[score_book_oos] fractional_propagator_flow_debt_reversal failed ("panel lacks required field(s) ['industry']") — skipped
[score_book_oos] sector_relative_opening_auction_rejection_h6 failed ("panel lacks required field(s) ['sector']") — skipped
[score_book_oos] decelerating_execution_debt_reversal failed ("panel lacks required field(s) ['industry']") — skipped
/Users/lucawurker/Desktop/Imperial/Master Thesis/QuantFundAgent/venv/lib/python3.13/site-packages/sklearn/utils/validation.py:2691: UserWarning: X does not have valid feature names, but LGBMRegressor was fitted with feature names
  warnings.warn(
  LOCO 50/62 cashcycle_replenishment_rebound_completion
[score_book_oos] sbc_dilution_acceleration_supply_drift failed ("panel lacks required field(s) ['sector', 'stockBasedCompensation', 'revenue', 'sharesOutstanding', 'sharesGrowth', 'netStockIssuance', 'marketCap', 'shareRepurchase']") — skipped
[score_book_oos] cashflow_quality_confirmed_surprise_drift failed ("panel lacks required field(s) ['epsSurprise', 'epsEstimate', 'incomeQuality']") — skipped
[score_book_oos] fresh_cashflow_confirmed_surprise_drift failed ("panel lacks required field(s) ['epsSurprise', 'revenueSurprise', 'incomeQuality', 'freeCashFlowYield', 'cashConversionCycle']") — skipped
[score_book_oos] cashbacked_asymmetric_surprise_drift_h6 failed ("panel lacks required field(s) ['epsSurprise', 'epsEstimate', 'incomeQuality']") — skipped
[score_book_oos] cash_realization_surprise_disagreement failed ("panel lacks required field(s) ['epsSurprise', 'revenueSurprise', 'epsEstimate', 'revenueEstimate', 'epsActual', 'revenueActual', 'cashConversionCycle', 'incomeQuality', 'receivablesGrowth', 'inventoryGrowth']") — skipped
[score_book_oos] cashcycle_ambiguity_operating_fade failed ("panel lacks required field(s) ['sector', 'daysSalesOutstanding', 'daysInventoryOutstanding', 'incomeQuality', 'revenueGrowth']") — skipped
[score_book_oos] episode_coherence_fresh_revision_gap failed ("panel lacks required field(s) ['epsEstimate', 'revenueEstimate', 'industry']") — skipped
[score_book_oos] fundamental_peer_surprise_transmission_gap failed ("panel lacks required field(s) ['revenueGrowth', 'grossMargin', 'operatingMargin', 'roic', 'debtToEquity', 'epsSurprise', 'revenueSurprise', 'epsEstimate', 'revenueEstimate']") — skipped
[score_book_oos] sector_shock_distributed_lag_unpaid_response failed ("panel lacks required field(s) ['sector']") — skipped
[score_book_oos] stabilized_convex_common_shock_overshoot failed ("panel lacks required field(s) ['industry']") — skipped
[score_book_oos] directed_laggraph_liquidity_unpaid_response failed ("panel lacks required field(s) ['marketCap', 'industry']") — skipped
[score_book_oos] shrunk_directed_lag_liquidity_gap failed ("panel lacks required field(s) ['marketCap', 'industry']") — skipped
[score_book_oos] sector_hawkes_compensator_late_follower failed ("panel lacks required field(s) ['sector', 'currentRatio']") — skipped
[score_book_oos] signed_graph_curvature_residual_diffusion failed ("panel lacks required field(s) ['sector']") — skipped
[score_book_oos] factor_premium_dispersion_regime_transfer failed ("panel lacks required field(s) ['sector', 'freeCashFlowYield', 'roe', 'roic', 'incomeQuality', 'assetGrowth', 'debtGrowth', 'sharesGrowth']") — skipped
[score_book_oos] intraday_supply_curve_overshoot_reversal failed ("panel lacks required field(s) ['sector']") — skipped
[score_book_oos] report_assimilation_release_continuation_h6 failed ("panel lacks required field(s) ['epsSurprise', 'epsEstimate', 'epsActual']") — skipped
[score_book_oos] sector_shrunk_mode_follower_relay failed ("panel lacks required field(s) ['sector']") — skipped
[score_book_oos] fresh_cashfunded_upgrade_wedge failed ("panel lacks required field(s) ['epsEstimate', 'freeCashFlow', 'netStockIssuance', 'marketCap']") — skipped
[score_book_oos] tail_survival_capacity_impedance_drift failed ("panel lacks required field(s) ['revenueGrowth', 'operatingCashFlowGrowth', 'revenueSurprise']") — skipped
[score_book_oos] event_freshness_accounting_confirmed_surprise failed ("panel lacks required field(s) ['epsSurprise', 'revenueSurprise', 'epsEstimate', 'revenueEstimate', 'grossMargin', 'operatingCashFlow', 'revenue', 'receivables', 'inventory', 'accountsPayable']") — skipped
[score_book_oos] partial_graph_peer_innovation_catchup failed ("panel lacks required field(s) ['sector']") — skipped
[score_book_oos] quality_regime_conditioned_issuer_distribution failed ("panel lacks required field(s) ['marketCap', 'netStockIssuance', 'sharesGrowth', 'industry', 'sector', 'roic', 'grossMargin', 'earningsYield']") — skipped
[score_book_oos] fresh_expectation_delivery_decay failed ("panel lacks required field(s) ['revenueGrowth', 'freeCashFlowYield', 'incomeQuality', 'sharesGrowth', 'psRatio']") — skipped
[score_book_oos] growth_expectation_convexity_break failed ("panel lacks required field(s) ['psRatio', 'sector', 'revenueGrowth', 'operatingMargin']") — skipped
[score_book_oos] growth_expectation_fresh_delivery_break failed ("panel lacks required field(s) ['psRatio', 'sector', 'revenueGrowth', 'operatingMargin']") — skipped
[score_book_oos] fundamental_momentum_extrapolation_fragility failed ("panel lacks required field(s) ['epsEstimate', 'revenueEstimate', 'operatingMargin', 'freeCashFlow', 'roic', 'psRatio', 'evToSales', 'sector']") — skipped
[score_book_oos] cashflow_deterioration_idio_downside_overshoot failed ("panel lacks required field(s) ['sector', 'operatingCashFlow', 'revenue', 'operatingMargin', 'interestCoverage']") — skipped
[score_book_oos] tail_survival_forcedflow_reversal_h6 failed ("panel lacks required field(s) ['revenueGrowth', 'operatingCashFlowGrowth', 'revenueSurprise']") — skipped
[score_book_oos] downside_excitation_fragility_acceleration_h6 failed ("panel lacks required field(s) ['roic', 'currentRatio', 'debtToEquity']") — skipped
[score_book_oos] downside_persistence_fragility_exhaustion failed ("panel lacks required field(s) ['debtToEquity', 'interestCoverage']") — skipped
[score_book_oos] resilient_downside_excitation_cooling_continuati failed ("panel lacks required field(s) ['cashRatio', 'debtToEquity']") — skipped
[score_book_oos] asymmetric_overnight_range_wedge_rebound failed ("panel lacks required field(s) ['sector']") — skipped
[score_book_oos] revision_financing_gated_idio_downside_polarity failed ("panel lacks required field(s) ['sector', 'epsEstimate', 'revenueEstimate', 'sharesGrowth', 'netStockIssuance', 'marketCap', 'freeCashFlowYield']") — skipped
[score_book_oos] scheduled_downside_cooling_information_drift failed ("panel lacks required field(s) ['sector']") — skipped
[score_book_oos] downside_tail_dependence_unpaid_bridge failed ("panel lacks required field(s) ['sector', 'debtToEquity', 'currentRatio']") — skipped
[score_book_oos] robust_tail_equity_supply_reversal failed ("panel lacks required field(s) ['netStockIssuance', 'sharesGrowth', 'marketCap']") — skipped
[score_book_oos] cashcycle_replenishment_rebound_completion failed ("panel lacks required field(s) ['receivables', 'inventory', 'accountsPayable', 'revenue', 'industry']") — skipped
[score_book_oos] report_clock_tail_network_derisking_gate failed ("panel lacks required field(s) ['sector', 'epsEstimate', 'revenueEstimate', 'epsActual', 'revenueActual', 'epsSurprise']") — skipped
[score_book_oos] anticipated_report_peer_tail_impact_gate failed ("panel lacks required field(s) ['sector', 'epsActual', 'revenueActual']") — skipped
[score_book_oos] volume_clock_signed_flow_schedule_h6 failed ("panel lacks required field(s) ['sector']") — skipped
[score_book_oos] surprise_novelty_absorption_drift failed ("panel lacks required field(s) ['epsSurprise', 'revenueSurprise', 'epsEstimate', 'revenueEstimate']") — skipped
[score_book_oos] industry_turnover_gated_idio_repair failed ("panel lacks required field(s) ['marketCap', 'industry', 'sector']") — skipped
[score_book_oos] latent_impact_absorption_persistence failed ("panel lacks required field(s) ['industry']") — skipped
[score_book_oos] fractional_propagator_flow_debt_reversal failed ("panel lacks required field(s) ['industry']") — skipped
[score_book_oos] sector_relative_opening_auction_rejection_h6 failed ("panel lacks required field(s) ['sector']") — skipped
[score_book_oos] decelerating_execution_debt_reversal failed ("panel lacks required field(s) ['industry']") — skipped
/Users/lucawurker/Desktop/Imperial/Master Thesis/QuantFundAgent/venv/lib/python3.13/site-packages/sklearn/utils/validation.py:2691: UserWarning: X does not have valid feature names, but LGBMRegressor was fitted with feature names
  warnings.warn(
  LOCO 51/62 idiosyncratic_tail_resilience_absorption_repair
[score_book_oos] sbc_dilution_acceleration_supply_drift failed ("panel lacks required field(s) ['sector', 'stockBasedCompensation', 'revenue', 'sharesOutstanding', 'sharesGrowth', 'netStockIssuance', 'marketCap', 'shareRepurchase']") — skipped
[score_book_oos] cashflow_quality_confirmed_surprise_drift failed ("panel lacks required field(s) ['epsSurprise', 'epsEstimate', 'incomeQuality']") — skipped
[score_book_oos] fresh_cashflow_confirmed_surprise_drift failed ("panel lacks required field(s) ['epsSurprise', 'revenueSurprise', 'incomeQuality', 'freeCashFlowYield', 'cashConversionCycle']") — skipped
[score_book_oos] cashbacked_asymmetric_surprise_drift_h6 failed ("panel lacks required field(s) ['epsSurprise', 'epsEstimate', 'incomeQuality']") — skipped
[score_book_oos] cash_realization_surprise_disagreement failed ("panel lacks required field(s) ['epsSurprise', 'revenueSurprise', 'epsEstimate', 'revenueEstimate', 'epsActual', 'revenueActual', 'cashConversionCycle', 'incomeQuality', 'receivablesGrowth', 'inventoryGrowth']") — skipped
[score_book_oos] cashcycle_ambiguity_operating_fade failed ("panel lacks required field(s) ['sector', 'daysSalesOutstanding', 'daysInventoryOutstanding', 'incomeQuality', 'revenueGrowth']") — skipped
[score_book_oos] episode_coherence_fresh_revision_gap failed ("panel lacks required field(s) ['epsEstimate', 'revenueEstimate', 'industry']") — skipped
[score_book_oos] fundamental_peer_surprise_transmission_gap failed ("panel lacks required field(s) ['revenueGrowth', 'grossMargin', 'operatingMargin', 'roic', 'debtToEquity', 'epsSurprise', 'revenueSurprise', 'epsEstimate', 'revenueEstimate']") — skipped
[score_book_oos] sector_shock_distributed_lag_unpaid_response failed ("panel lacks required field(s) ['sector']") — skipped
[score_book_oos] stabilized_convex_common_shock_overshoot failed ("panel lacks required field(s) ['industry']") — skipped
[score_book_oos] directed_laggraph_liquidity_unpaid_response failed ("panel lacks required field(s) ['marketCap', 'industry']") — skipped
[score_book_oos] shrunk_directed_lag_liquidity_gap failed ("panel lacks required field(s) ['marketCap', 'industry']") — skipped
[score_book_oos] sector_hawkes_compensator_late_follower failed ("panel lacks required field(s) ['sector', 'currentRatio']") — skipped
[score_book_oos] signed_graph_curvature_residual_diffusion failed ("panel lacks required field(s) ['sector']") — skipped
[score_book_oos] factor_premium_dispersion_regime_transfer failed ("panel lacks required field(s) ['sector', 'freeCashFlowYield', 'roe', 'roic', 'incomeQuality', 'assetGrowth', 'debtGrowth', 'sharesGrowth']") — skipped
[score_book_oos] intraday_supply_curve_overshoot_reversal failed ("panel lacks required field(s) ['sector']") — skipped
[score_book_oos] report_assimilation_release_continuation_h6 failed ("panel lacks required field(s) ['epsSurprise', 'epsEstimate', 'epsActual']") — skipped
[score_book_oos] sector_shrunk_mode_follower_relay failed ("panel lacks required field(s) ['sector']") — skipped
[score_book_oos] fresh_cashfunded_upgrade_wedge failed ("panel lacks required field(s) ['epsEstimate', 'freeCashFlow', 'netStockIssuance', 'marketCap']") — skipped
[score_book_oos] tail_survival_capacity_impedance_drift failed ("panel lacks required field(s) ['revenueGrowth', 'operatingCashFlowGrowth', 'revenueSurprise']") — skipped
[score_book_oos] event_freshness_accounting_confirmed_surprise failed ("panel lacks required field(s) ['epsSurprise', 'revenueSurprise', 'epsEstimate', 'revenueEstimate', 'grossMargin', 'operatingCashFlow', 'revenue', 'receivables', 'inventory', 'accountsPayable']") — skipped
[score_book_oos] partial_graph_peer_innovation_catchup failed ("panel lacks required field(s) ['sector']") — skipped
[score_book_oos] quality_regime_conditioned_issuer_distribution failed ("panel lacks required field(s) ['marketCap', 'netStockIssuance', 'sharesGrowth', 'industry', 'sector', 'roic', 'grossMargin', 'earningsYield']") — skipped
[score_book_oos] fresh_expectation_delivery_decay failed ("panel lacks required field(s) ['revenueGrowth', 'freeCashFlowYield', 'incomeQuality', 'sharesGrowth', 'psRatio']") — skipped
[score_book_oos] growth_expectation_convexity_break failed ("panel lacks required field(s) ['psRatio', 'sector', 'revenueGrowth', 'operatingMargin']") — skipped
[score_book_oos] growth_expectation_fresh_delivery_break failed ("panel lacks required field(s) ['psRatio', 'sector', 'revenueGrowth', 'operatingMargin']") — skipped
[score_book_oos] fundamental_momentum_extrapolation_fragility failed ("panel lacks required field(s) ['epsEstimate', 'revenueEstimate', 'operatingMargin', 'freeCashFlow', 'roic', 'psRatio', 'evToSales', 'sector']") — skipped
[score_book_oos] cashflow_deterioration_idio_downside_overshoot failed ("panel lacks required field(s) ['sector', 'operatingCashFlow', 'revenue', 'operatingMargin', 'interestCoverage']") — skipped
[score_book_oos] tail_survival_forcedflow_reversal_h6 failed ("panel lacks required field(s) ['revenueGrowth', 'operatingCashFlowGrowth', 'revenueSurprise']") — skipped
[score_book_oos] downside_excitation_fragility_acceleration_h6 failed ("panel lacks required field(s) ['roic', 'currentRatio', 'debtToEquity']") — skipped
[score_book_oos] downside_persistence_fragility_exhaustion failed ("panel lacks required field(s) ['debtToEquity', 'interestCoverage']") — skipped
[score_book_oos] resilient_downside_excitation_cooling_continuati failed ("panel lacks required field(s) ['cashRatio', 'debtToEquity']") — skipped
[score_book_oos] asymmetric_overnight_range_wedge_rebound failed ("panel lacks required field(s) ['sector']") — skipped
[score_book_oos] revision_financing_gated_idio_downside_polarity failed ("panel lacks required field(s) ['sector', 'epsEstimate', 'revenueEstimate', 'sharesGrowth', 'netStockIssuance', 'marketCap', 'freeCashFlowYield']") — skipped
[score_book_oos] scheduled_downside_cooling_information_drift failed ("panel lacks required field(s) ['sector']") — skipped
[score_book_oos] downside_tail_dependence_unpaid_bridge failed ("panel lacks required field(s) ['sector', 'debtToEquity', 'currentRatio']") — skipped
[score_book_oos] robust_tail_equity_supply_reversal failed ("panel lacks required field(s) ['netStockIssuance', 'sharesGrowth', 'marketCap']") — skipped
[score_book_oos] cashcycle_replenishment_rebound_completion failed ("panel lacks required field(s) ['receivables', 'inventory', 'accountsPayable', 'revenue', 'industry']") — skipped
[score_book_oos] idiosyncratic_tail_resilience_absorption_repair failed ("panel lacks required field(s) ['sector', 'operatingCashFlow', 'totalAssets', 'grossMargin', 'freeCashFlowYield', 'evToFreeCashFlow']") — skipped
[score_book_oos] anticipated_report_peer_tail_impact_gate failed ("panel lacks required field(s) ['sector', 'epsActual', 'revenueActual']") — skipped
[score_book_oos] volume_clock_signed_flow_schedule_h6 failed ("panel lacks required field(s) ['sector']") — skipped
[score_book_oos] surprise_novelty_absorption_drift failed ("panel lacks required field(s) ['epsSurprise', 'revenueSurprise', 'epsEstimate', 'revenueEstimate']") — skipped
[score_book_oos] industry_turnover_gated_idio_repair failed ("panel lacks required field(s) ['marketCap', 'industry', 'sector']") — skipped
[score_book_oos] latent_impact_absorption_persistence failed ("panel lacks required field(s) ['industry']") — skipped
[score_book_oos] fractional_propagator_flow_debt_reversal failed ("panel lacks required field(s) ['industry']") — skipped
[score_book_oos] sector_relative_opening_auction_rejection_h6 failed ("panel lacks required field(s) ['sector']") — skipped
[score_book_oos] decelerating_execution_debt_reversal failed ("panel lacks required field(s) ['industry']") — skipped
/Users/lucawurker/Desktop/Imperial/Master Thesis/QuantFundAgent/venv/lib/python3.13/site-packages/sklearn/utils/validation.py:2691: UserWarning: X does not have valid feature names, but LGBMRegressor was fitted with feature names
  warnings.warn(
  LOCO 52/62 report_clock_tail_network_derisking_gate
[score_book_oos] sbc_dilution_acceleration_supply_drift failed ("panel lacks required field(s) ['sector', 'stockBasedCompensation', 'revenue', 'sharesOutstanding', 'sharesGrowth', 'netStockIssuance', 'marketCap', 'shareRepurchase']") — skipped
[score_book_oos] cashflow_quality_confirmed_surprise_drift failed ("panel lacks required field(s) ['epsSurprise', 'epsEstimate', 'incomeQuality']") — skipped
[score_book_oos] fresh_cashflow_confirmed_surprise_drift failed ("panel lacks required field(s) ['epsSurprise', 'revenueSurprise', 'incomeQuality', 'freeCashFlowYield', 'cashConversionCycle']") — skipped
[score_book_oos] cashbacked_asymmetric_surprise_drift_h6 failed ("panel lacks required field(s) ['epsSurprise', 'epsEstimate', 'incomeQuality']") — skipped
[score_book_oos] cash_realization_surprise_disagreement failed ("panel lacks required field(s) ['epsSurprise', 'revenueSurprise', 'epsEstimate', 'revenueEstimate', 'epsActual', 'revenueActual', 'cashConversionCycle', 'incomeQuality', 'receivablesGrowth', 'inventoryGrowth']") — skipped
[score_book_oos] cashcycle_ambiguity_operating_fade failed ("panel lacks required field(s) ['sector', 'daysSalesOutstanding', 'daysInventoryOutstanding', 'incomeQuality', 'revenueGrowth']") — skipped
[score_book_oos] episode_coherence_fresh_revision_gap failed ("panel lacks required field(s) ['epsEstimate', 'revenueEstimate', 'industry']") — skipped
[score_book_oos] fundamental_peer_surprise_transmission_gap failed ("panel lacks required field(s) ['revenueGrowth', 'grossMargin', 'operatingMargin', 'roic', 'debtToEquity', 'epsSurprise', 'revenueSurprise', 'epsEstimate', 'revenueEstimate']") — skipped
[score_book_oos] sector_shock_distributed_lag_unpaid_response failed ("panel lacks required field(s) ['sector']") — skipped
[score_book_oos] stabilized_convex_common_shock_overshoot failed ("panel lacks required field(s) ['industry']") — skipped
[score_book_oos] directed_laggraph_liquidity_unpaid_response failed ("panel lacks required field(s) ['marketCap', 'industry']") — skipped
[score_book_oos] shrunk_directed_lag_liquidity_gap failed ("panel lacks required field(s) ['marketCap', 'industry']") — skipped
[score_book_oos] sector_hawkes_compensator_late_follower failed ("panel lacks required field(s) ['sector', 'currentRatio']") — skipped
[score_book_oos] signed_graph_curvature_residual_diffusion failed ("panel lacks required field(s) ['sector']") — skipped
[score_book_oos] factor_premium_dispersion_regime_transfer failed ("panel lacks required field(s) ['sector', 'freeCashFlowYield', 'roe', 'roic', 'incomeQuality', 'assetGrowth', 'debtGrowth', 'sharesGrowth']") — skipped
[score_book_oos] intraday_supply_curve_overshoot_reversal failed ("panel lacks required field(s) ['sector']") — skipped
[score_book_oos] report_assimilation_release_continuation_h6 failed ("panel lacks required field(s) ['epsSurprise', 'epsEstimate', 'epsActual']") — skipped
[score_book_oos] sector_shrunk_mode_follower_relay failed ("panel lacks required field(s) ['sector']") — skipped
[score_book_oos] fresh_cashfunded_upgrade_wedge failed ("panel lacks required field(s) ['epsEstimate', 'freeCashFlow', 'netStockIssuance', 'marketCap']") — skipped
[score_book_oos] tail_survival_capacity_impedance_drift failed ("panel lacks required field(s) ['revenueGrowth', 'operatingCashFlowGrowth', 'revenueSurprise']") — skipped
[score_book_oos] event_freshness_accounting_confirmed_surprise failed ("panel lacks required field(s) ['epsSurprise', 'revenueSurprise', 'epsEstimate', 'revenueEstimate', 'grossMargin', 'operatingCashFlow', 'revenue', 'receivables', 'inventory', 'accountsPayable']") — skipped
[score_book_oos] partial_graph_peer_innovation_catchup failed ("panel lacks required field(s) ['sector']") — skipped
[score_book_oos] quality_regime_conditioned_issuer_distribution failed ("panel lacks required field(s) ['marketCap', 'netStockIssuance', 'sharesGrowth', 'industry', 'sector', 'roic', 'grossMargin', 'earningsYield']") — skipped
[score_book_oos] fresh_expectation_delivery_decay failed ("panel lacks required field(s) ['revenueGrowth', 'freeCashFlowYield', 'incomeQuality', 'sharesGrowth', 'psRatio']") — skipped
[score_book_oos] growth_expectation_convexity_break failed ("panel lacks required field(s) ['psRatio', 'sector', 'revenueGrowth', 'operatingMargin']") — skipped
[score_book_oos] growth_expectation_fresh_delivery_break failed ("panel lacks required field(s) ['psRatio', 'sector', 'revenueGrowth', 'operatingMargin']") — skipped
[score_book_oos] fundamental_momentum_extrapolation_fragility failed ("panel lacks required field(s) ['epsEstimate', 'revenueEstimate', 'operatingMargin', 'freeCashFlow', 'roic', 'psRatio', 'evToSales', 'sector']") — skipped
[score_book_oos] cashflow_deterioration_idio_downside_overshoot failed ("panel lacks required field(s) ['sector', 'operatingCashFlow', 'revenue', 'operatingMargin', 'interestCoverage']") — skipped
[score_book_oos] tail_survival_forcedflow_reversal_h6 failed ("panel lacks required field(s) ['revenueGrowth', 'operatingCashFlowGrowth', 'revenueSurprise']") — skipped
[score_book_oos] downside_excitation_fragility_acceleration_h6 failed ("panel lacks required field(s) ['roic', 'currentRatio', 'debtToEquity']") — skipped
[score_book_oos] downside_persistence_fragility_exhaustion failed ("panel lacks required field(s) ['debtToEquity', 'interestCoverage']") — skipped
[score_book_oos] resilient_downside_excitation_cooling_continuati failed ("panel lacks required field(s) ['cashRatio', 'debtToEquity']") — skipped
[score_book_oos] asymmetric_overnight_range_wedge_rebound failed ("panel lacks required field(s) ['sector']") — skipped
[score_book_oos] revision_financing_gated_idio_downside_polarity failed ("panel lacks required field(s) ['sector', 'epsEstimate', 'revenueEstimate', 'sharesGrowth', 'netStockIssuance', 'marketCap', 'freeCashFlowYield']") — skipped
[score_book_oos] scheduled_downside_cooling_information_drift failed ("panel lacks required field(s) ['sector']") — skipped
[score_book_oos] downside_tail_dependence_unpaid_bridge failed ("panel lacks required field(s) ['sector', 'debtToEquity', 'currentRatio']") — skipped
[score_book_oos] robust_tail_equity_supply_reversal failed ("panel lacks required field(s) ['netStockIssuance', 'sharesGrowth', 'marketCap']") — skipped
[score_book_oos] cashcycle_replenishment_rebound_completion failed ("panel lacks required field(s) ['receivables', 'inventory', 'accountsPayable', 'revenue', 'industry']") — skipped
[score_book_oos] idiosyncratic_tail_resilience_absorption_repair failed ("panel lacks required field(s) ['sector', 'operatingCashFlow', 'totalAssets', 'grossMargin', 'freeCashFlowYield', 'evToFreeCashFlow']") — skipped
[score_book_oos] report_clock_tail_network_derisking_gate failed ("panel lacks required field(s) ['sector', 'epsEstimate', 'revenueEstimate', 'epsActual', 'revenueActual', 'epsSurprise']") — skipped
[score_book_oos] volume_clock_signed_flow_schedule_h6 failed ("panel lacks required field(s) ['sector']") — skipped
[score_book_oos] surprise_novelty_absorption_drift failed ("panel lacks required field(s) ['epsSurprise', 'revenueSurprise', 'epsEstimate', 'revenueEstimate']") — skipped
[score_book_oos] industry_turnover_gated_idio_repair failed ("panel lacks required field(s) ['marketCap', 'industry', 'sector']") — skipped
[score_book_oos] latent_impact_absorption_persistence failed ("panel lacks required field(s) ['industry']") — skipped
[score_book_oos] fractional_propagator_flow_debt_reversal failed ("panel lacks required field(s) ['industry']") — skipped
[score_book_oos] sector_relative_opening_auction_rejection_h6 failed ("panel lacks required field(s) ['sector']") — skipped
[score_book_oos] decelerating_execution_debt_reversal failed ("panel lacks required field(s) ['industry']") — skipped
/Users/lucawurker/Desktop/Imperial/Master Thesis/QuantFundAgent/venv/lib/python3.13/site-packages/sklearn/utils/validation.py:2691: UserWarning: X does not have valid feature names, but LGBMRegressor was fitted with feature names
  warnings.warn(
  LOCO 53/62 anticipated_report_peer_tail_impact_gate
[score_book_oos] sbc_dilution_acceleration_supply_drift failed ("panel lacks required field(s) ['sector', 'stockBasedCompensation', 'revenue', 'sharesOutstanding', 'sharesGrowth', 'netStockIssuance', 'marketCap', 'shareRepurchase']") — skipped
[score_book_oos] cashflow_quality_confirmed_surprise_drift failed ("panel lacks required field(s) ['epsSurprise', 'epsEstimate', 'incomeQuality']") — skipped
[score_book_oos] fresh_cashflow_confirmed_surprise_drift failed ("panel lacks required field(s) ['epsSurprise', 'revenueSurprise', 'incomeQuality', 'freeCashFlowYield', 'cashConversionCycle']") — skipped
[score_book_oos] cashbacked_asymmetric_surprise_drift_h6 failed ("panel lacks required field(s) ['epsSurprise', 'epsEstimate', 'incomeQuality']") — skipped
[score_book_oos] cash_realization_surprise_disagreement failed ("panel lacks required field(s) ['epsSurprise', 'revenueSurprise', 'epsEstimate', 'revenueEstimate', 'epsActual', 'revenueActual', 'cashConversionCycle', 'incomeQuality', 'receivablesGrowth', 'inventoryGrowth']") — skipped
[score_book_oos] cashcycle_ambiguity_operating_fade failed ("panel lacks required field(s) ['sector', 'daysSalesOutstanding', 'daysInventoryOutstanding', 'incomeQuality', 'revenueGrowth']") — skipped
[score_book_oos] episode_coherence_fresh_revision_gap failed ("panel lacks required field(s) ['epsEstimate', 'revenueEstimate', 'industry']") — skipped
[score_book_oos] fundamental_peer_surprise_transmission_gap failed ("panel lacks required field(s) ['revenueGrowth', 'grossMargin', 'operatingMargin', 'roic', 'debtToEquity', 'epsSurprise', 'revenueSurprise', 'epsEstimate', 'revenueEstimate']") — skipped
[score_book_oos] sector_shock_distributed_lag_unpaid_response failed ("panel lacks required field(s) ['sector']") — skipped
[score_book_oos] stabilized_convex_common_shock_overshoot failed ("panel lacks required field(s) ['industry']") — skipped
[score_book_oos] directed_laggraph_liquidity_unpaid_response failed ("panel lacks required field(s) ['marketCap', 'industry']") — skipped
[score_book_oos] shrunk_directed_lag_liquidity_gap failed ("panel lacks required field(s) ['marketCap', 'industry']") — skipped
[score_book_oos] sector_hawkes_compensator_late_follower failed ("panel lacks required field(s) ['sector', 'currentRatio']") — skipped
[score_book_oos] signed_graph_curvature_residual_diffusion failed ("panel lacks required field(s) ['sector']") — skipped
[score_book_oos] factor_premium_dispersion_regime_transfer failed ("panel lacks required field(s) ['sector', 'freeCashFlowYield', 'roe', 'roic', 'incomeQuality', 'assetGrowth', 'debtGrowth', 'sharesGrowth']") — skipped
[score_book_oos] intraday_supply_curve_overshoot_reversal failed ("panel lacks required field(s) ['sector']") — skipped
[score_book_oos] report_assimilation_release_continuation_h6 failed ("panel lacks required field(s) ['epsSurprise', 'epsEstimate', 'epsActual']") — skipped
[score_book_oos] sector_shrunk_mode_follower_relay failed ("panel lacks required field(s) ['sector']") — skipped
[score_book_oos] fresh_cashfunded_upgrade_wedge failed ("panel lacks required field(s) ['epsEstimate', 'freeCashFlow', 'netStockIssuance', 'marketCap']") — skipped
[score_book_oos] tail_survival_capacity_impedance_drift failed ("panel lacks required field(s) ['revenueGrowth', 'operatingCashFlowGrowth', 'revenueSurprise']") — skipped
[score_book_oos] event_freshness_accounting_confirmed_surprise failed ("panel lacks required field(s) ['epsSurprise', 'revenueSurprise', 'epsEstimate', 'revenueEstimate', 'grossMargin', 'operatingCashFlow', 'revenue', 'receivables', 'inventory', 'accountsPayable']") — skipped
[score_book_oos] partial_graph_peer_innovation_catchup failed ("panel lacks required field(s) ['sector']") — skipped
[score_book_oos] quality_regime_conditioned_issuer_distribution failed ("panel lacks required field(s) ['marketCap', 'netStockIssuance', 'sharesGrowth', 'industry', 'sector', 'roic', 'grossMargin', 'earningsYield']") — skipped
[score_book_oos] fresh_expectation_delivery_decay failed ("panel lacks required field(s) ['revenueGrowth', 'freeCashFlowYield', 'incomeQuality', 'sharesGrowth', 'psRatio']") — skipped
[score_book_oos] growth_expectation_convexity_break failed ("panel lacks required field(s) ['psRatio', 'sector', 'revenueGrowth', 'operatingMargin']") — skipped
[score_book_oos] growth_expectation_fresh_delivery_break failed ("panel lacks required field(s) ['psRatio', 'sector', 'revenueGrowth', 'operatingMargin']") — skipped
[score_book_oos] fundamental_momentum_extrapolation_fragility failed ("panel lacks required field(s) ['epsEstimate', 'revenueEstimate', 'operatingMargin', 'freeCashFlow', 'roic', 'psRatio', 'evToSales', 'sector']") — skipped
[score_book_oos] cashflow_deterioration_idio_downside_overshoot failed ("panel lacks required field(s) ['sector', 'operatingCashFlow', 'revenue', 'operatingMargin', 'interestCoverage']") — skipped
[score_book_oos] tail_survival_forcedflow_reversal_h6 failed ("panel lacks required field(s) ['revenueGrowth', 'operatingCashFlowGrowth', 'revenueSurprise']") — skipped
[score_book_oos] downside_excitation_fragility_acceleration_h6 failed ("panel lacks required field(s) ['roic', 'currentRatio', 'debtToEquity']") — skipped
[score_book_oos] downside_persistence_fragility_exhaustion failed ("panel lacks required field(s) ['debtToEquity', 'interestCoverage']") — skipped
[score_book_oos] resilient_downside_excitation_cooling_continuati failed ("panel lacks required field(s) ['cashRatio', 'debtToEquity']") — skipped
[score_book_oos] asymmetric_overnight_range_wedge_rebound failed ("panel lacks required field(s) ['sector']") — skipped
[score_book_oos] revision_financing_gated_idio_downside_polarity failed ("panel lacks required field(s) ['sector', 'epsEstimate', 'revenueEstimate', 'sharesGrowth', 'netStockIssuance', 'marketCap', 'freeCashFlowYield']") — skipped
[score_book_oos] scheduled_downside_cooling_information_drift failed ("panel lacks required field(s) ['sector']") — skipped
[score_book_oos] downside_tail_dependence_unpaid_bridge failed ("panel lacks required field(s) ['sector', 'debtToEquity', 'currentRatio']") — skipped
[score_book_oos] robust_tail_equity_supply_reversal failed ("panel lacks required field(s) ['netStockIssuance', 'sharesGrowth', 'marketCap']") — skipped
[score_book_oos] cashcycle_replenishment_rebound_completion failed ("panel lacks required field(s) ['receivables', 'inventory', 'accountsPayable', 'revenue', 'industry']") — skipped
[score_book_oos] idiosyncratic_tail_resilience_absorption_repair failed ("panel lacks required field(s) ['sector', 'operatingCashFlow', 'totalAssets', 'grossMargin', 'freeCashFlowYield', 'evToFreeCashFlow']") — skipped
[score_book_oos] report_clock_tail_network_derisking_gate failed ("panel lacks required field(s) ['sector', 'epsEstimate', 'revenueEstimate', 'epsActual', 'revenueActual', 'epsSurprise']") — skipped
[score_book_oos] anticipated_report_peer_tail_impact_gate failed ("panel lacks required field(s) ['sector', 'epsActual', 'revenueActual']") — skipped
[score_book_oos] surprise_novelty_absorption_drift failed ("panel lacks required field(s) ['epsSurprise', 'revenueSurprise', 'epsEstimate', 'revenueEstimate']") — skipped
[score_book_oos] industry_turnover_gated_idio_repair failed ("panel lacks required field(s) ['marketCap', 'industry', 'sector']") — skipped
[score_book_oos] latent_impact_absorption_persistence failed ("panel lacks required field(s) ['industry']") — skipped
[score_book_oos] fractional_propagator_flow_debt_reversal failed ("panel lacks required field(s) ['industry']") — skipped
[score_book_oos] sector_relative_opening_auction_rejection_h6 failed ("panel lacks required field(s) ['sector']") — skipped
[score_book_oos] decelerating_execution_debt_reversal failed ("panel lacks required field(s) ['industry']") — skipped
/Users/lucawurker/Desktop/Imperial/Master Thesis/QuantFundAgent/venv/lib/python3.13/site-packages/sklearn/utils/validation.py:2691: UserWarning: X does not have valid feature names, but LGBMRegressor was fitted with feature names
  warnings.warn(
  LOCO 54/62 volume_clock_signed_flow_schedule_h6
[score_book_oos] sbc_dilution_acceleration_supply_drift failed ("panel lacks required field(s) ['sector', 'stockBasedCompensation', 'revenue', 'sharesOutstanding', 'sharesGrowth', 'netStockIssuance', 'marketCap', 'shareRepurchase']") — skipped
[score_book_oos] cashflow_quality_confirmed_surprise_drift failed ("panel lacks required field(s) ['epsSurprise', 'epsEstimate', 'incomeQuality']") — skipped
[score_book_oos] fresh_cashflow_confirmed_surprise_drift failed ("panel lacks required field(s) ['epsSurprise', 'revenueSurprise', 'incomeQuality', 'freeCashFlowYield', 'cashConversionCycle']") — skipped
[score_book_oos] cashbacked_asymmetric_surprise_drift_h6 failed ("panel lacks required field(s) ['epsSurprise', 'epsEstimate', 'incomeQuality']") — skipped
[score_book_oos] cash_realization_surprise_disagreement failed ("panel lacks required field(s) ['epsSurprise', 'revenueSurprise', 'epsEstimate', 'revenueEstimate', 'epsActual', 'revenueActual', 'cashConversionCycle', 'incomeQuality', 'receivablesGrowth', 'inventoryGrowth']") — skipped
[score_book_oos] cashcycle_ambiguity_operating_fade failed ("panel lacks required field(s) ['sector', 'daysSalesOutstanding', 'daysInventoryOutstanding', 'incomeQuality', 'revenueGrowth']") — skipped
[score_book_oos] episode_coherence_fresh_revision_gap failed ("panel lacks required field(s) ['epsEstimate', 'revenueEstimate', 'industry']") — skipped
[score_book_oos] fundamental_peer_surprise_transmission_gap failed ("panel lacks required field(s) ['revenueGrowth', 'grossMargin', 'operatingMargin', 'roic', 'debtToEquity', 'epsSurprise', 'revenueSurprise', 'epsEstimate', 'revenueEstimate']") — skipped
[score_book_oos] sector_shock_distributed_lag_unpaid_response failed ("panel lacks required field(s) ['sector']") — skipped
[score_book_oos] stabilized_convex_common_shock_overshoot failed ("panel lacks required field(s) ['industry']") — skipped
[score_book_oos] directed_laggraph_liquidity_unpaid_response failed ("panel lacks required field(s) ['marketCap', 'industry']") — skipped
[score_book_oos] shrunk_directed_lag_liquidity_gap failed ("panel lacks required field(s) ['marketCap', 'industry']") — skipped
[score_book_oos] sector_hawkes_compensator_late_follower failed ("panel lacks required field(s) ['sector', 'currentRatio']") — skipped
[score_book_oos] signed_graph_curvature_residual_diffusion failed ("panel lacks required field(s) ['sector']") — skipped
[score_book_oos] factor_premium_dispersion_regime_transfer failed ("panel lacks required field(s) ['sector', 'freeCashFlowYield', 'roe', 'roic', 'incomeQuality', 'assetGrowth', 'debtGrowth', 'sharesGrowth']") — skipped
[score_book_oos] intraday_supply_curve_overshoot_reversal failed ("panel lacks required field(s) ['sector']") — skipped
[score_book_oos] report_assimilation_release_continuation_h6 failed ("panel lacks required field(s) ['epsSurprise', 'epsEstimate', 'epsActual']") — skipped
[score_book_oos] sector_shrunk_mode_follower_relay failed ("panel lacks required field(s) ['sector']") — skipped
[score_book_oos] fresh_cashfunded_upgrade_wedge failed ("panel lacks required field(s) ['epsEstimate', 'freeCashFlow', 'netStockIssuance', 'marketCap']") — skipped
[score_book_oos] tail_survival_capacity_impedance_drift failed ("panel lacks required field(s) ['revenueGrowth', 'operatingCashFlowGrowth', 'revenueSurprise']") — skipped
[score_book_oos] event_freshness_accounting_confirmed_surprise failed ("panel lacks required field(s) ['epsSurprise', 'revenueSurprise', 'epsEstimate', 'revenueEstimate', 'grossMargin', 'operatingCashFlow', 'revenue', 'receivables', 'inventory', 'accountsPayable']") — skipped
[score_book_oos] partial_graph_peer_innovation_catchup failed ("panel lacks required field(s) ['sector']") — skipped
[score_book_oos] quality_regime_conditioned_issuer_distribution failed ("panel lacks required field(s) ['marketCap', 'netStockIssuance', 'sharesGrowth', 'industry', 'sector', 'roic', 'grossMargin', 'earningsYield']") — skipped
[score_book_oos] fresh_expectation_delivery_decay failed ("panel lacks required field(s) ['revenueGrowth', 'freeCashFlowYield', 'incomeQuality', 'sharesGrowth', 'psRatio']") — skipped
[score_book_oos] growth_expectation_convexity_break failed ("panel lacks required field(s) ['psRatio', 'sector', 'revenueGrowth', 'operatingMargin']") — skipped
[score_book_oos] growth_expectation_fresh_delivery_break failed ("panel lacks required field(s) ['psRatio', 'sector', 'revenueGrowth', 'operatingMargin']") — skipped
[score_book_oos] fundamental_momentum_extrapolation_fragility failed ("panel lacks required field(s) ['epsEstimate', 'revenueEstimate', 'operatingMargin', 'freeCashFlow', 'roic', 'psRatio', 'evToSales', 'sector']") — skipped
[score_book_oos] cashflow_deterioration_idio_downside_overshoot failed ("panel lacks required field(s) ['sector', 'operatingCashFlow', 'revenue', 'operatingMargin', 'interestCoverage']") — skipped
[score_book_oos] tail_survival_forcedflow_reversal_h6 failed ("panel lacks required field(s) ['revenueGrowth', 'operatingCashFlowGrowth', 'revenueSurprise']") — skipped
[score_book_oos] downside_excitation_fragility_acceleration_h6 failed ("panel lacks required field(s) ['roic', 'currentRatio', 'debtToEquity']") — skipped
[score_book_oos] downside_persistence_fragility_exhaustion failed ("panel lacks required field(s) ['debtToEquity', 'interestCoverage']") — skipped
[score_book_oos] resilient_downside_excitation_cooling_continuati failed ("panel lacks required field(s) ['cashRatio', 'debtToEquity']") — skipped
[score_book_oos] asymmetric_overnight_range_wedge_rebound failed ("panel lacks required field(s) ['sector']") — skipped
[score_book_oos] revision_financing_gated_idio_downside_polarity failed ("panel lacks required field(s) ['sector', 'epsEstimate', 'revenueEstimate', 'sharesGrowth', 'netStockIssuance', 'marketCap', 'freeCashFlowYield']") — skipped
[score_book_oos] scheduled_downside_cooling_information_drift failed ("panel lacks required field(s) ['sector']") — skipped
[score_book_oos] downside_tail_dependence_unpaid_bridge failed ("panel lacks required field(s) ['sector', 'debtToEquity', 'currentRatio']") — skipped
[score_book_oos] robust_tail_equity_supply_reversal failed ("panel lacks required field(s) ['netStockIssuance', 'sharesGrowth', 'marketCap']") — skipped
[score_book_oos] cashcycle_replenishment_rebound_completion failed ("panel lacks required field(s) ['receivables', 'inventory', 'accountsPayable', 'revenue', 'industry']") — skipped
[score_book_oos] idiosyncratic_tail_resilience_absorption_repair failed ("panel lacks required field(s) ['sector', 'operatingCashFlow', 'totalAssets', 'grossMargin', 'freeCashFlowYield', 'evToFreeCashFlow']") — skipped
[score_book_oos] report_clock_tail_network_derisking_gate failed ("panel lacks required field(s) ['sector', 'epsEstimate', 'revenueEstimate', 'epsActual', 'revenueActual', 'epsSurprise']") — skipped
[score_book_oos] anticipated_report_peer_tail_impact_gate failed ("panel lacks required field(s) ['sector', 'epsActual', 'revenueActual']") — skipped
[score_book_oos] volume_clock_signed_flow_schedule_h6 failed ("panel lacks required field(s) ['sector']") — skipped
[score_book_oos] surprise_novelty_absorption_drift failed ("panel lacks required field(s) ['epsSurprise', 'revenueSurprise', 'epsEstimate', 'revenueEstimate']") — skipped
[score_book_oos] industry_turnover_gated_idio_repair failed ("panel lacks required field(s) ['marketCap', 'industry', 'sector']") — skipped
[score_book_oos] latent_impact_absorption_persistence failed ("panel lacks required field(s) ['industry']") — skipped
[score_book_oos] fractional_propagator_flow_debt_reversal failed ("panel lacks required field(s) ['industry']") — skipped
[score_book_oos] sector_relative_opening_auction_rejection_h6 failed ("panel lacks required field(s) ['sector']") — skipped
[score_book_oos] decelerating_execution_debt_reversal failed ("panel lacks required field(s) ['industry']") — skipped
/Users/lucawurker/Desktop/Imperial/Master Thesis/QuantFundAgent/venv/lib/python3.13/site-packages/sklearn/utils/validation.py:2691: UserWarning: X does not have valid feature names, but LGBMRegressor was fitted with feature names
  warnings.warn(
  LOCO 55/62 calendar_phase_metaorder_impact_deficit
[score_book_oos] sbc_dilution_acceleration_supply_drift failed ("panel lacks required field(s) ['sector', 'stockBasedCompensation', 'revenue', 'sharesOutstanding', 'sharesGrowth', 'netStockIssuance', 'marketCap', 'shareRepurchase']") — skipped
[score_book_oos] cashflow_quality_confirmed_surprise_drift failed ("panel lacks required field(s) ['epsSurprise', 'epsEstimate', 'incomeQuality']") — skipped
[score_book_oos] fresh_cashflow_confirmed_surprise_drift failed ("panel lacks required field(s) ['epsSurprise', 'revenueSurprise', 'incomeQuality', 'freeCashFlowYield', 'cashConversionCycle']") — skipped
[score_book_oos] cashbacked_asymmetric_surprise_drift_h6 failed ("panel lacks required field(s) ['epsSurprise', 'epsEstimate', 'incomeQuality']") — skipped
[score_book_oos] cash_realization_surprise_disagreement failed ("panel lacks required field(s) ['epsSurprise', 'revenueSurprise', 'epsEstimate', 'revenueEstimate', 'epsActual', 'revenueActual', 'cashConversionCycle', 'incomeQuality', 'receivablesGrowth', 'inventoryGrowth']") — skipped
[score_book_oos] cashcycle_ambiguity_operating_fade failed ("panel lacks required field(s) ['sector', 'daysSalesOutstanding', 'daysInventoryOutstanding', 'incomeQuality', 'revenueGrowth']") — skipped
[score_book_oos] episode_coherence_fresh_revision_gap failed ("panel lacks required field(s) ['epsEstimate', 'revenueEstimate', 'industry']") — skipped
[score_book_oos] fundamental_peer_surprise_transmission_gap failed ("panel lacks required field(s) ['revenueGrowth', 'grossMargin', 'operatingMargin', 'roic', 'debtToEquity', 'epsSurprise', 'revenueSurprise', 'epsEstimate', 'revenueEstimate']") — skipped
[score_book_oos] sector_shock_distributed_lag_unpaid_response failed ("panel lacks required field(s) ['sector']") — skipped
[score_book_oos] stabilized_convex_common_shock_overshoot failed ("panel lacks required field(s) ['industry']") — skipped
[score_book_oos] directed_laggraph_liquidity_unpaid_response failed ("panel lacks required field(s) ['marketCap', 'industry']") — skipped
[score_book_oos] shrunk_directed_lag_liquidity_gap failed ("panel lacks required field(s) ['marketCap', 'industry']") — skipped
[score_book_oos] sector_hawkes_compensator_late_follower failed ("panel lacks required field(s) ['sector', 'currentRatio']") — skipped
[score_book_oos] signed_graph_curvature_residual_diffusion failed ("panel lacks required field(s) ['sector']") — skipped
[score_book_oos] factor_premium_dispersion_regime_transfer failed ("panel lacks required field(s) ['sector', 'freeCashFlowYield', 'roe', 'roic', 'incomeQuality', 'assetGrowth', 'debtGrowth', 'sharesGrowth']") — skipped
[score_book_oos] intraday_supply_curve_overshoot_reversal failed ("panel lacks required field(s) ['sector']") — skipped
[score_book_oos] report_assimilation_release_continuation_h6 failed ("panel lacks required field(s) ['epsSurprise', 'epsEstimate', 'epsActual']") — skipped
[score_book_oos] sector_shrunk_mode_follower_relay failed ("panel lacks required field(s) ['sector']") — skipped
[score_book_oos] fresh_cashfunded_upgrade_wedge failed ("panel lacks required field(s) ['epsEstimate', 'freeCashFlow', 'netStockIssuance', 'marketCap']") — skipped
[score_book_oos] tail_survival_capacity_impedance_drift failed ("panel lacks required field(s) ['revenueGrowth', 'operatingCashFlowGrowth', 'revenueSurprise']") — skipped
[score_book_oos] event_freshness_accounting_confirmed_surprise failed ("panel lacks required field(s) ['epsSurprise', 'revenueSurprise', 'epsEstimate', 'revenueEstimate', 'grossMargin', 'operatingCashFlow', 'revenue', 'receivables', 'inventory', 'accountsPayable']") — skipped
[score_book_oos] partial_graph_peer_innovation_catchup failed ("panel lacks required field(s) ['sector']") — skipped
[score_book_oos] quality_regime_conditioned_issuer_distribution failed ("panel lacks required field(s) ['marketCap', 'netStockIssuance', 'sharesGrowth', 'industry', 'sector', 'roic', 'grossMargin', 'earningsYield']") — skipped
[score_book_oos] fresh_expectation_delivery_decay failed ("panel lacks required field(s) ['revenueGrowth', 'freeCashFlowYield', 'incomeQuality', 'sharesGrowth', 'psRatio']") — skipped
[score_book_oos] growth_expectation_convexity_break failed ("panel lacks required field(s) ['psRatio', 'sector', 'revenueGrowth', 'operatingMargin']") — skipped
[score_book_oos] growth_expectation_fresh_delivery_break failed ("panel lacks required field(s) ['psRatio', 'sector', 'revenueGrowth', 'operatingMargin']") — skipped
[score_book_oos] fundamental_momentum_extrapolation_fragility failed ("panel lacks required field(s) ['epsEstimate', 'revenueEstimate', 'operatingMargin', 'freeCashFlow', 'roic', 'psRatio', 'evToSales', 'sector']") — skipped
[score_book_oos] cashflow_deterioration_idio_downside_overshoot failed ("panel lacks required field(s) ['sector', 'operatingCashFlow', 'revenue', 'operatingMargin', 'interestCoverage']") — skipped
[score_book_oos] tail_survival_forcedflow_reversal_h6 failed ("panel lacks required field(s) ['revenueGrowth', 'operatingCashFlowGrowth', 'revenueSurprise']") — skipped
[score_book_oos] downside_excitation_fragility_acceleration_h6 failed ("panel lacks required field(s) ['roic', 'currentRatio', 'debtToEquity']") — skipped
[score_book_oos] downside_persistence_fragility_exhaustion failed ("panel lacks required field(s) ['debtToEquity', 'interestCoverage']") — skipped
[score_book_oos] resilient_downside_excitation_cooling_continuati failed ("panel lacks required field(s) ['cashRatio', 'debtToEquity']") — skipped
[score_book_oos] asymmetric_overnight_range_wedge_rebound failed ("panel lacks required field(s) ['sector']") — skipped
[score_book_oos] revision_financing_gated_idio_downside_polarity failed ("panel lacks required field(s) ['sector', 'epsEstimate', 'revenueEstimate', 'sharesGrowth', 'netStockIssuance', 'marketCap', 'freeCashFlowYield']") — skipped
[score_book_oos] scheduled_downside_cooling_information_drift failed ("panel lacks required field(s) ['sector']") — skipped
[score_book_oos] downside_tail_dependence_unpaid_bridge failed ("panel lacks required field(s) ['sector', 'debtToEquity', 'currentRatio']") — skipped
[score_book_oos] robust_tail_equity_supply_reversal failed ("panel lacks required field(s) ['netStockIssuance', 'sharesGrowth', 'marketCap']") — skipped
[score_book_oos] cashcycle_replenishment_rebound_completion failed ("panel lacks required field(s) ['receivables', 'inventory', 'accountsPayable', 'revenue', 'industry']") — skipped
[score_book_oos] idiosyncratic_tail_resilience_absorption_repair failed ("panel lacks required field(s) ['sector', 'operatingCashFlow', 'totalAssets', 'grossMargin', 'freeCashFlowYield', 'evToFreeCashFlow']") — skipped
[score_book_oos] report_clock_tail_network_derisking_gate failed ("panel lacks required field(s) ['sector', 'epsEstimate', 'revenueEstimate', 'epsActual', 'revenueActual', 'epsSurprise']") — skipped
[score_book_oos] anticipated_report_peer_tail_impact_gate failed ("panel lacks required field(s) ['sector', 'epsActual', 'revenueActual']") — skipped
[score_book_oos] volume_clock_signed_flow_schedule_h6 failed ("panel lacks required field(s) ['sector']") — skipped
[score_book_oos] surprise_novelty_absorption_drift failed ("panel lacks required field(s) ['epsSurprise', 'revenueSurprise', 'epsEstimate', 'revenueEstimate']") — skipped
[score_book_oos] industry_turnover_gated_idio_repair failed ("panel lacks required field(s) ['marketCap', 'industry', 'sector']") — skipped
[score_book_oos] latent_impact_absorption_persistence failed ("panel lacks required field(s) ['industry']") — skipped
[score_book_oos] fractional_propagator_flow_debt_reversal failed ("panel lacks required field(s) ['industry']") — skipped
[score_book_oos] sector_relative_opening_auction_rejection_h6 failed ("panel lacks required field(s) ['sector']") — skipped
[score_book_oos] decelerating_execution_debt_reversal failed ("panel lacks required field(s) ['industry']") — skipped
/Users/lucawurker/Desktop/Imperial/Master Thesis/QuantFundAgent/venv/lib/python3.13/site-packages/sklearn/utils/validation.py:2691: UserWarning: X does not have valid feature names, but LGBMRegressor was fitted with feature names
  warnings.warn(
  LOCO 56/62 persistent_participation_pressure_continuation
[score_book_oos] sbc_dilution_acceleration_supply_drift failed ("panel lacks required field(s) ['sector', 'stockBasedCompensation', 'revenue', 'sharesOutstanding', 'sharesGrowth', 'netStockIssuance', 'marketCap', 'shareRepurchase']") — skipped
[score_book_oos] cashflow_quality_confirmed_surprise_drift failed ("panel lacks required field(s) ['epsSurprise', 'epsEstimate', 'incomeQuality']") — skipped
[score_book_oos] fresh_cashflow_confirmed_surprise_drift failed ("panel lacks required field(s) ['epsSurprise', 'revenueSurprise', 'incomeQuality', 'freeCashFlowYield', 'cashConversionCycle']") — skipped
[score_book_oos] cashbacked_asymmetric_surprise_drift_h6 failed ("panel lacks required field(s) ['epsSurprise', 'epsEstimate', 'incomeQuality']") — skipped
[score_book_oos] cash_realization_surprise_disagreement failed ("panel lacks required field(s) ['epsSurprise', 'revenueSurprise', 'epsEstimate', 'revenueEstimate', 'epsActual', 'revenueActual', 'cashConversionCycle', 'incomeQuality', 'receivablesGrowth', 'inventoryGrowth']") — skipped
[score_book_oos] cashcycle_ambiguity_operating_fade failed ("panel lacks required field(s) ['sector', 'daysSalesOutstanding', 'daysInventoryOutstanding', 'incomeQuality', 'revenueGrowth']") — skipped
[score_book_oos] episode_coherence_fresh_revision_gap failed ("panel lacks required field(s) ['epsEstimate', 'revenueEstimate', 'industry']") — skipped
[score_book_oos] fundamental_peer_surprise_transmission_gap failed ("panel lacks required field(s) ['revenueGrowth', 'grossMargin', 'operatingMargin', 'roic', 'debtToEquity', 'epsSurprise', 'revenueSurprise', 'epsEstimate', 'revenueEstimate']") — skipped
[score_book_oos] sector_shock_distributed_lag_unpaid_response failed ("panel lacks required field(s) ['sector']") — skipped
[score_book_oos] stabilized_convex_common_shock_overshoot failed ("panel lacks required field(s) ['industry']") — skipped
[score_book_oos] directed_laggraph_liquidity_unpaid_response failed ("panel lacks required field(s) ['marketCap', 'industry']") — skipped
[score_book_oos] shrunk_directed_lag_liquidity_gap failed ("panel lacks required field(s) ['marketCap', 'industry']") — skipped
[score_book_oos] sector_hawkes_compensator_late_follower failed ("panel lacks required field(s) ['sector', 'currentRatio']") — skipped
[score_book_oos] signed_graph_curvature_residual_diffusion failed ("panel lacks required field(s) ['sector']") — skipped
[score_book_oos] factor_premium_dispersion_regime_transfer failed ("panel lacks required field(s) ['sector', 'freeCashFlowYield', 'roe', 'roic', 'incomeQuality', 'assetGrowth', 'debtGrowth', 'sharesGrowth']") — skipped
[score_book_oos] intraday_supply_curve_overshoot_reversal failed ("panel lacks required field(s) ['sector']") — skipped
[score_book_oos] report_assimilation_release_continuation_h6 failed ("panel lacks required field(s) ['epsSurprise', 'epsEstimate', 'epsActual']") — skipped
[score_book_oos] sector_shrunk_mode_follower_relay failed ("panel lacks required field(s) ['sector']") — skipped
[score_book_oos] fresh_cashfunded_upgrade_wedge failed ("panel lacks required field(s) ['epsEstimate', 'freeCashFlow', 'netStockIssuance', 'marketCap']") — skipped
[score_book_oos] tail_survival_capacity_impedance_drift failed ("panel lacks required field(s) ['revenueGrowth', 'operatingCashFlowGrowth', 'revenueSurprise']") — skipped
[score_book_oos] event_freshness_accounting_confirmed_surprise failed ("panel lacks required field(s) ['epsSurprise', 'revenueSurprise', 'epsEstimate', 'revenueEstimate', 'grossMargin', 'operatingCashFlow', 'revenue', 'receivables', 'inventory', 'accountsPayable']") — skipped
[score_book_oos] partial_graph_peer_innovation_catchup failed ("panel lacks required field(s) ['sector']") — skipped
[score_book_oos] quality_regime_conditioned_issuer_distribution failed ("panel lacks required field(s) ['marketCap', 'netStockIssuance', 'sharesGrowth', 'industry', 'sector', 'roic', 'grossMargin', 'earningsYield']") — skipped
[score_book_oos] fresh_expectation_delivery_decay failed ("panel lacks required field(s) ['revenueGrowth', 'freeCashFlowYield', 'incomeQuality', 'sharesGrowth', 'psRatio']") — skipped
[score_book_oos] growth_expectation_convexity_break failed ("panel lacks required field(s) ['psRatio', 'sector', 'revenueGrowth', 'operatingMargin']") — skipped
[score_book_oos] growth_expectation_fresh_delivery_break failed ("panel lacks required field(s) ['psRatio', 'sector', 'revenueGrowth', 'operatingMargin']") — skipped
[score_book_oos] fundamental_momentum_extrapolation_fragility failed ("panel lacks required field(s) ['epsEstimate', 'revenueEstimate', 'operatingMargin', 'freeCashFlow', 'roic', 'psRatio', 'evToSales', 'sector']") — skipped
[score_book_oos] cashflow_deterioration_idio_downside_overshoot failed ("panel lacks required field(s) ['sector', 'operatingCashFlow', 'revenue', 'operatingMargin', 'interestCoverage']") — skipped
[score_book_oos] tail_survival_forcedflow_reversal_h6 failed ("panel lacks required field(s) ['revenueGrowth', 'operatingCashFlowGrowth', 'revenueSurprise']") — skipped
[score_book_oos] downside_excitation_fragility_acceleration_h6 failed ("panel lacks required field(s) ['roic', 'currentRatio', 'debtToEquity']") — skipped
[score_book_oos] downside_persistence_fragility_exhaustion failed ("panel lacks required field(s) ['debtToEquity', 'interestCoverage']") — skipped
[score_book_oos] resilient_downside_excitation_cooling_continuati failed ("panel lacks required field(s) ['cashRatio', 'debtToEquity']") — skipped
[score_book_oos] asymmetric_overnight_range_wedge_rebound failed ("panel lacks required field(s) ['sector']") — skipped
[score_book_oos] revision_financing_gated_idio_downside_polarity failed ("panel lacks required field(s) ['sector', 'epsEstimate', 'revenueEstimate', 'sharesGrowth', 'netStockIssuance', 'marketCap', 'freeCashFlowYield']") — skipped
[score_book_oos] scheduled_downside_cooling_information_drift failed ("panel lacks required field(s) ['sector']") — skipped
[score_book_oos] downside_tail_dependence_unpaid_bridge failed ("panel lacks required field(s) ['sector', 'debtToEquity', 'currentRatio']") — skipped
[score_book_oos] robust_tail_equity_supply_reversal failed ("panel lacks required field(s) ['netStockIssuance', 'sharesGrowth', 'marketCap']") — skipped
[score_book_oos] cashcycle_replenishment_rebound_completion failed ("panel lacks required field(s) ['receivables', 'inventory', 'accountsPayable', 'revenue', 'industry']") — skipped
[score_book_oos] idiosyncratic_tail_resilience_absorption_repair failed ("panel lacks required field(s) ['sector', 'operatingCashFlow', 'totalAssets', 'grossMargin', 'freeCashFlowYield', 'evToFreeCashFlow']") — skipped
[score_book_oos] report_clock_tail_network_derisking_gate failed ("panel lacks required field(s) ['sector', 'epsEstimate', 'revenueEstimate', 'epsActual', 'revenueActual', 'epsSurprise']") — skipped
[score_book_oos] anticipated_report_peer_tail_impact_gate failed ("panel lacks required field(s) ['sector', 'epsActual', 'revenueActual']") — skipped
[score_book_oos] volume_clock_signed_flow_schedule_h6 failed ("panel lacks required field(s) ['sector']") — skipped
[score_book_oos] industry_turnover_gated_idio_repair failed ("panel lacks required field(s) ['marketCap', 'industry', 'sector']") — skipped
[score_book_oos] latent_impact_absorption_persistence failed ("panel lacks required field(s) ['industry']") — skipped
[score_book_oos] fractional_propagator_flow_debt_reversal failed ("panel lacks required field(s) ['industry']") — skipped
[score_book_oos] sector_relative_opening_auction_rejection_h6 failed ("panel lacks required field(s) ['sector']") — skipped
[score_book_oos] decelerating_execution_debt_reversal failed ("panel lacks required field(s) ['industry']") — skipped
/Users/lucawurker/Desktop/Imperial/Master Thesis/QuantFundAgent/venv/lib/python3.13/site-packages/sklearn/utils/validation.py:2691: UserWarning: X does not have valid feature names, but LGBMRegressor was fitted with feature names
  warnings.warn(
  LOCO 57/62 surprise_novelty_absorption_drift
[score_book_oos] sbc_dilution_acceleration_supply_drift failed ("panel lacks required field(s) ['sector', 'stockBasedCompensation', 'revenue', 'sharesOutstanding', 'sharesGrowth', 'netStockIssuance', 'marketCap', 'shareRepurchase']") — skipped
[score_book_oos] cashflow_quality_confirmed_surprise_drift failed ("panel lacks required field(s) ['epsSurprise', 'epsEstimate', 'incomeQuality']") — skipped
[score_book_oos] fresh_cashflow_confirmed_surprise_drift failed ("panel lacks required field(s) ['epsSurprise', 'revenueSurprise', 'incomeQuality', 'freeCashFlowYield', 'cashConversionCycle']") — skipped
[score_book_oos] cashbacked_asymmetric_surprise_drift_h6 failed ("panel lacks required field(s) ['epsSurprise', 'epsEstimate', 'incomeQuality']") — skipped
[score_book_oos] cash_realization_surprise_disagreement failed ("panel lacks required field(s) ['epsSurprise', 'revenueSurprise', 'epsEstimate', 'revenueEstimate', 'epsActual', 'revenueActual', 'cashConversionCycle', 'incomeQuality', 'receivablesGrowth', 'inventoryGrowth']") — skipped
[score_book_oos] cashcycle_ambiguity_operating_fade failed ("panel lacks required field(s) ['sector', 'daysSalesOutstanding', 'daysInventoryOutstanding', 'incomeQuality', 'revenueGrowth']") — skipped
[score_book_oos] episode_coherence_fresh_revision_gap failed ("panel lacks required field(s) ['epsEstimate', 'revenueEstimate', 'industry']") — skipped
[score_book_oos] fundamental_peer_surprise_transmission_gap failed ("panel lacks required field(s) ['revenueGrowth', 'grossMargin', 'operatingMargin', 'roic', 'debtToEquity', 'epsSurprise', 'revenueSurprise', 'epsEstimate', 'revenueEstimate']") — skipped
[score_book_oos] sector_shock_distributed_lag_unpaid_response failed ("panel lacks required field(s) ['sector']") — skipped
[score_book_oos] stabilized_convex_common_shock_overshoot failed ("panel lacks required field(s) ['industry']") — skipped
[score_book_oos] directed_laggraph_liquidity_unpaid_response failed ("panel lacks required field(s) ['marketCap', 'industry']") — skipped
[score_book_oos] shrunk_directed_lag_liquidity_gap failed ("panel lacks required field(s) ['marketCap', 'industry']") — skipped
[score_book_oos] sector_hawkes_compensator_late_follower failed ("panel lacks required field(s) ['sector', 'currentRatio']") — skipped
[score_book_oos] signed_graph_curvature_residual_diffusion failed ("panel lacks required field(s) ['sector']") — skipped
[score_book_oos] factor_premium_dispersion_regime_transfer failed ("panel lacks required field(s) ['sector', 'freeCashFlowYield', 'roe', 'roic', 'incomeQuality', 'assetGrowth', 'debtGrowth', 'sharesGrowth']") — skipped
[score_book_oos] intraday_supply_curve_overshoot_reversal failed ("panel lacks required field(s) ['sector']") — skipped
[score_book_oos] report_assimilation_release_continuation_h6 failed ("panel lacks required field(s) ['epsSurprise', 'epsEstimate', 'epsActual']") — skipped
[score_book_oos] sector_shrunk_mode_follower_relay failed ("panel lacks required field(s) ['sector']") — skipped
[score_book_oos] fresh_cashfunded_upgrade_wedge failed ("panel lacks required field(s) ['epsEstimate', 'freeCashFlow', 'netStockIssuance', 'marketCap']") — skipped
[score_book_oos] tail_survival_capacity_impedance_drift failed ("panel lacks required field(s) ['revenueGrowth', 'operatingCashFlowGrowth', 'revenueSurprise']") — skipped
[score_book_oos] event_freshness_accounting_confirmed_surprise failed ("panel lacks required field(s) ['epsSurprise', 'revenueSurprise', 'epsEstimate', 'revenueEstimate', 'grossMargin', 'operatingCashFlow', 'revenue', 'receivables', 'inventory', 'accountsPayable']") — skipped
[score_book_oos] partial_graph_peer_innovation_catchup failed ("panel lacks required field(s) ['sector']") — skipped
[score_book_oos] quality_regime_conditioned_issuer_distribution failed ("panel lacks required field(s) ['marketCap', 'netStockIssuance', 'sharesGrowth', 'industry', 'sector', 'roic', 'grossMargin', 'earningsYield']") — skipped
[score_book_oos] fresh_expectation_delivery_decay failed ("panel lacks required field(s) ['revenueGrowth', 'freeCashFlowYield', 'incomeQuality', 'sharesGrowth', 'psRatio']") — skipped
[score_book_oos] growth_expectation_convexity_break failed ("panel lacks required field(s) ['psRatio', 'sector', 'revenueGrowth', 'operatingMargin']") — skipped
[score_book_oos] growth_expectation_fresh_delivery_break failed ("panel lacks required field(s) ['psRatio', 'sector', 'revenueGrowth', 'operatingMargin']") — skipped
[score_book_oos] fundamental_momentum_extrapolation_fragility failed ("panel lacks required field(s) ['epsEstimate', 'revenueEstimate', 'operatingMargin', 'freeCashFlow', 'roic', 'psRatio', 'evToSales', 'sector']") — skipped
[score_book_oos] cashflow_deterioration_idio_downside_overshoot failed ("panel lacks required field(s) ['sector', 'operatingCashFlow', 'revenue', 'operatingMargin', 'interestCoverage']") — skipped
[score_book_oos] tail_survival_forcedflow_reversal_h6 failed ("panel lacks required field(s) ['revenueGrowth', 'operatingCashFlowGrowth', 'revenueSurprise']") — skipped
[score_book_oos] downside_excitation_fragility_acceleration_h6 failed ("panel lacks required field(s) ['roic', 'currentRatio', 'debtToEquity']") — skipped
[score_book_oos] downside_persistence_fragility_exhaustion failed ("panel lacks required field(s) ['debtToEquity', 'interestCoverage']") — skipped
[score_book_oos] resilient_downside_excitation_cooling_continuati failed ("panel lacks required field(s) ['cashRatio', 'debtToEquity']") — skipped
[score_book_oos] asymmetric_overnight_range_wedge_rebound failed ("panel lacks required field(s) ['sector']") — skipped
[score_book_oos] revision_financing_gated_idio_downside_polarity failed ("panel lacks required field(s) ['sector', 'epsEstimate', 'revenueEstimate', 'sharesGrowth', 'netStockIssuance', 'marketCap', 'freeCashFlowYield']") — skipped
[score_book_oos] scheduled_downside_cooling_information_drift failed ("panel lacks required field(s) ['sector']") — skipped
[score_book_oos] downside_tail_dependence_unpaid_bridge failed ("panel lacks required field(s) ['sector', 'debtToEquity', 'currentRatio']") — skipped
[score_book_oos] robust_tail_equity_supply_reversal failed ("panel lacks required field(s) ['netStockIssuance', 'sharesGrowth', 'marketCap']") — skipped
[score_book_oos] cashcycle_replenishment_rebound_completion failed ("panel lacks required field(s) ['receivables', 'inventory', 'accountsPayable', 'revenue', 'industry']") — skipped
[score_book_oos] idiosyncratic_tail_resilience_absorption_repair failed ("panel lacks required field(s) ['sector', 'operatingCashFlow', 'totalAssets', 'grossMargin', 'freeCashFlowYield', 'evToFreeCashFlow']") — skipped
[score_book_oos] report_clock_tail_network_derisking_gate failed ("panel lacks required field(s) ['sector', 'epsEstimate', 'revenueEstimate', 'epsActual', 'revenueActual', 'epsSurprise']") — skipped
[score_book_oos] anticipated_report_peer_tail_impact_gate failed ("panel lacks required field(s) ['sector', 'epsActual', 'revenueActual']") — skipped
[score_book_oos] volume_clock_signed_flow_schedule_h6 failed ("panel lacks required field(s) ['sector']") — skipped
[score_book_oos] surprise_novelty_absorption_drift failed ("panel lacks required field(s) ['epsSurprise', 'revenueSurprise', 'epsEstimate', 'revenueEstimate']") — skipped
[score_book_oos] latent_impact_absorption_persistence failed ("panel lacks required field(s) ['industry']") — skipped
[score_book_oos] fractional_propagator_flow_debt_reversal failed ("panel lacks required field(s) ['industry']") — skipped
[score_book_oos] sector_relative_opening_auction_rejection_h6 failed ("panel lacks required field(s) ['sector']") — skipped
[score_book_oos] decelerating_execution_debt_reversal failed ("panel lacks required field(s) ['industry']") — skipped
/Users/lucawurker/Desktop/Imperial/Master Thesis/QuantFundAgent/venv/lib/python3.13/site-packages/sklearn/utils/validation.py:2691: UserWarning: X does not have valid feature names, but LGBMRegressor was fitted with feature names
  warnings.warn(
  LOCO 58/62 industry_turnover_gated_idio_repair
[score_book_oos] sbc_dilution_acceleration_supply_drift failed ("panel lacks required field(s) ['sector', 'stockBasedCompensation', 'revenue', 'sharesOutstanding', 'sharesGrowth', 'netStockIssuance', 'marketCap', 'shareRepurchase']") — skipped
[score_book_oos] cashflow_quality_confirmed_surprise_drift failed ("panel lacks required field(s) ['epsSurprise', 'epsEstimate', 'incomeQuality']") — skipped
[score_book_oos] fresh_cashflow_confirmed_surprise_drift failed ("panel lacks required field(s) ['epsSurprise', 'revenueSurprise', 'incomeQuality', 'freeCashFlowYield', 'cashConversionCycle']") — skipped
[score_book_oos] cashbacked_asymmetric_surprise_drift_h6 failed ("panel lacks required field(s) ['epsSurprise', 'epsEstimate', 'incomeQuality']") — skipped
[score_book_oos] cash_realization_surprise_disagreement failed ("panel lacks required field(s) ['epsSurprise', 'revenueSurprise', 'epsEstimate', 'revenueEstimate', 'epsActual', 'revenueActual', 'cashConversionCycle', 'incomeQuality', 'receivablesGrowth', 'inventoryGrowth']") — skipped
[score_book_oos] cashcycle_ambiguity_operating_fade failed ("panel lacks required field(s) ['sector', 'daysSalesOutstanding', 'daysInventoryOutstanding', 'incomeQuality', 'revenueGrowth']") — skipped
[score_book_oos] episode_coherence_fresh_revision_gap failed ("panel lacks required field(s) ['epsEstimate', 'revenueEstimate', 'industry']") — skipped
[score_book_oos] fundamental_peer_surprise_transmission_gap failed ("panel lacks required field(s) ['revenueGrowth', 'grossMargin', 'operatingMargin', 'roic', 'debtToEquity', 'epsSurprise', 'revenueSurprise', 'epsEstimate', 'revenueEstimate']") — skipped
[score_book_oos] sector_shock_distributed_lag_unpaid_response failed ("panel lacks required field(s) ['sector']") — skipped
[score_book_oos] stabilized_convex_common_shock_overshoot failed ("panel lacks required field(s) ['industry']") — skipped
[score_book_oos] directed_laggraph_liquidity_unpaid_response failed ("panel lacks required field(s) ['marketCap', 'industry']") — skipped
[score_book_oos] shrunk_directed_lag_liquidity_gap failed ("panel lacks required field(s) ['marketCap', 'industry']") — skipped
[score_book_oos] sector_hawkes_compensator_late_follower failed ("panel lacks required field(s) ['sector', 'currentRatio']") — skipped
[score_book_oos] signed_graph_curvature_residual_diffusion failed ("panel lacks required field(s) ['sector']") — skipped
[score_book_oos] factor_premium_dispersion_regime_transfer failed ("panel lacks required field(s) ['sector', 'freeCashFlowYield', 'roe', 'roic', 'incomeQuality', 'assetGrowth', 'debtGrowth', 'sharesGrowth']") — skipped
[score_book_oos] intraday_supply_curve_overshoot_reversal failed ("panel lacks required field(s) ['sector']") — skipped
[score_book_oos] report_assimilation_release_continuation_h6 failed ("panel lacks required field(s) ['epsSurprise', 'epsEstimate', 'epsActual']") — skipped
[score_book_oos] sector_shrunk_mode_follower_relay failed ("panel lacks required field(s) ['sector']") — skipped
[score_book_oos] fresh_cashfunded_upgrade_wedge failed ("panel lacks required field(s) ['epsEstimate', 'freeCashFlow', 'netStockIssuance', 'marketCap']") — skipped
[score_book_oos] tail_survival_capacity_impedance_drift failed ("panel lacks required field(s) ['revenueGrowth', 'operatingCashFlowGrowth', 'revenueSurprise']") — skipped
[score_book_oos] event_freshness_accounting_confirmed_surprise failed ("panel lacks required field(s) ['epsSurprise', 'revenueSurprise', 'epsEstimate', 'revenueEstimate', 'grossMargin', 'operatingCashFlow', 'revenue', 'receivables', 'inventory', 'accountsPayable']") — skipped
[score_book_oos] partial_graph_peer_innovation_catchup failed ("panel lacks required field(s) ['sector']") — skipped
[score_book_oos] quality_regime_conditioned_issuer_distribution failed ("panel lacks required field(s) ['marketCap', 'netStockIssuance', 'sharesGrowth', 'industry', 'sector', 'roic', 'grossMargin', 'earningsYield']") — skipped
[score_book_oos] fresh_expectation_delivery_decay failed ("panel lacks required field(s) ['revenueGrowth', 'freeCashFlowYield', 'incomeQuality', 'sharesGrowth', 'psRatio']") — skipped
[score_book_oos] growth_expectation_convexity_break failed ("panel lacks required field(s) ['psRatio', 'sector', 'revenueGrowth', 'operatingMargin']") — skipped
[score_book_oos] growth_expectation_fresh_delivery_break failed ("panel lacks required field(s) ['psRatio', 'sector', 'revenueGrowth', 'operatingMargin']") — skipped
[score_book_oos] fundamental_momentum_extrapolation_fragility failed ("panel lacks required field(s) ['epsEstimate', 'revenueEstimate', 'operatingMargin', 'freeCashFlow', 'roic', 'psRatio', 'evToSales', 'sector']") — skipped
[score_book_oos] cashflow_deterioration_idio_downside_overshoot failed ("panel lacks required field(s) ['sector', 'operatingCashFlow', 'revenue', 'operatingMargin', 'interestCoverage']") — skipped
[score_book_oos] tail_survival_forcedflow_reversal_h6 failed ("panel lacks required field(s) ['revenueGrowth', 'operatingCashFlowGrowth', 'revenueSurprise']") — skipped
[score_book_oos] downside_excitation_fragility_acceleration_h6 failed ("panel lacks required field(s) ['roic', 'currentRatio', 'debtToEquity']") — skipped
[score_book_oos] downside_persistence_fragility_exhaustion failed ("panel lacks required field(s) ['debtToEquity', 'interestCoverage']") — skipped
[score_book_oos] resilient_downside_excitation_cooling_continuati failed ("panel lacks required field(s) ['cashRatio', 'debtToEquity']") — skipped
[score_book_oos] asymmetric_overnight_range_wedge_rebound failed ("panel lacks required field(s) ['sector']") — skipped
[score_book_oos] revision_financing_gated_idio_downside_polarity failed ("panel lacks required field(s) ['sector', 'epsEstimate', 'revenueEstimate', 'sharesGrowth', 'netStockIssuance', 'marketCap', 'freeCashFlowYield']") — skipped
[score_book_oos] scheduled_downside_cooling_information_drift failed ("panel lacks required field(s) ['sector']") — skipped
[score_book_oos] downside_tail_dependence_unpaid_bridge failed ("panel lacks required field(s) ['sector', 'debtToEquity', 'currentRatio']") — skipped
[score_book_oos] robust_tail_equity_supply_reversal failed ("panel lacks required field(s) ['netStockIssuance', 'sharesGrowth', 'marketCap']") — skipped
[score_book_oos] cashcycle_replenishment_rebound_completion failed ("panel lacks required field(s) ['receivables', 'inventory', 'accountsPayable', 'revenue', 'industry']") — skipped
[score_book_oos] idiosyncratic_tail_resilience_absorption_repair failed ("panel lacks required field(s) ['sector', 'operatingCashFlow', 'totalAssets', 'grossMargin', 'freeCashFlowYield', 'evToFreeCashFlow']") — skipped
[score_book_oos] report_clock_tail_network_derisking_gate failed ("panel lacks required field(s) ['sector', 'epsEstimate', 'revenueEstimate', 'epsActual', 'revenueActual', 'epsSurprise']") — skipped
[score_book_oos] anticipated_report_peer_tail_impact_gate failed ("panel lacks required field(s) ['sector', 'epsActual', 'revenueActual']") — skipped
[score_book_oos] volume_clock_signed_flow_schedule_h6 failed ("panel lacks required field(s) ['sector']") — skipped
[score_book_oos] surprise_novelty_absorption_drift failed ("panel lacks required field(s) ['epsSurprise', 'revenueSurprise', 'epsEstimate', 'revenueEstimate']") — skipped
[score_book_oos] industry_turnover_gated_idio_repair failed ("panel lacks required field(s) ['marketCap', 'industry', 'sector']") — skipped
[score_book_oos] fractional_propagator_flow_debt_reversal failed ("panel lacks required field(s) ['industry']") — skipped
[score_book_oos] sector_relative_opening_auction_rejection_h6 failed ("panel lacks required field(s) ['sector']") — skipped
[score_book_oos] decelerating_execution_debt_reversal failed ("panel lacks required field(s) ['industry']") — skipped
/Users/lucawurker/Desktop/Imperial/Master Thesis/QuantFundAgent/venv/lib/python3.13/site-packages/sklearn/utils/validation.py:2691: UserWarning: X does not have valid feature names, but LGBMRegressor was fitted with feature names
  warnings.warn(
  LOCO 59/62 latent_impact_absorption_persistence
[score_book_oos] sbc_dilution_acceleration_supply_drift failed ("panel lacks required field(s) ['sector', 'stockBasedCompensation', 'revenue', 'sharesOutstanding', 'sharesGrowth', 'netStockIssuance', 'marketCap', 'shareRepurchase']") — skipped
[score_book_oos] cashflow_quality_confirmed_surprise_drift failed ("panel lacks required field(s) ['epsSurprise', 'epsEstimate', 'incomeQuality']") — skipped
[score_book_oos] fresh_cashflow_confirmed_surprise_drift failed ("panel lacks required field(s) ['epsSurprise', 'revenueSurprise', 'incomeQuality', 'freeCashFlowYield', 'cashConversionCycle']") — skipped
[score_book_oos] cashbacked_asymmetric_surprise_drift_h6 failed ("panel lacks required field(s) ['epsSurprise', 'epsEstimate', 'incomeQuality']") — skipped
[score_book_oos] cash_realization_surprise_disagreement failed ("panel lacks required field(s) ['epsSurprise', 'revenueSurprise', 'epsEstimate', 'revenueEstimate', 'epsActual', 'revenueActual', 'cashConversionCycle', 'incomeQuality', 'receivablesGrowth', 'inventoryGrowth']") — skipped
[score_book_oos] cashcycle_ambiguity_operating_fade failed ("panel lacks required field(s) ['sector', 'daysSalesOutstanding', 'daysInventoryOutstanding', 'incomeQuality', 'revenueGrowth']") — skipped
[score_book_oos] episode_coherence_fresh_revision_gap failed ("panel lacks required field(s) ['epsEstimate', 'revenueEstimate', 'industry']") — skipped
[score_book_oos] fundamental_peer_surprise_transmission_gap failed ("panel lacks required field(s) ['revenueGrowth', 'grossMargin', 'operatingMargin', 'roic', 'debtToEquity', 'epsSurprise', 'revenueSurprise', 'epsEstimate', 'revenueEstimate']") — skipped
[score_book_oos] sector_shock_distributed_lag_unpaid_response failed ("panel lacks required field(s) ['sector']") — skipped
[score_book_oos] stabilized_convex_common_shock_overshoot failed ("panel lacks required field(s) ['industry']") — skipped
[score_book_oos] directed_laggraph_liquidity_unpaid_response failed ("panel lacks required field(s) ['marketCap', 'industry']") — skipped
[score_book_oos] shrunk_directed_lag_liquidity_gap failed ("panel lacks required field(s) ['marketCap', 'industry']") — skipped
[score_book_oos] sector_hawkes_compensator_late_follower failed ("panel lacks required field(s) ['sector', 'currentRatio']") — skipped
[score_book_oos] signed_graph_curvature_residual_diffusion failed ("panel lacks required field(s) ['sector']") — skipped
[score_book_oos] factor_premium_dispersion_regime_transfer failed ("panel lacks required field(s) ['sector', 'freeCashFlowYield', 'roe', 'roic', 'incomeQuality', 'assetGrowth', 'debtGrowth', 'sharesGrowth']") — skipped
[score_book_oos] intraday_supply_curve_overshoot_reversal failed ("panel lacks required field(s) ['sector']") — skipped
[score_book_oos] report_assimilation_release_continuation_h6 failed ("panel lacks required field(s) ['epsSurprise', 'epsEstimate', 'epsActual']") — skipped
[score_book_oos] sector_shrunk_mode_follower_relay failed ("panel lacks required field(s) ['sector']") — skipped
[score_book_oos] fresh_cashfunded_upgrade_wedge failed ("panel lacks required field(s) ['epsEstimate', 'freeCashFlow', 'netStockIssuance', 'marketCap']") — skipped
[score_book_oos] tail_survival_capacity_impedance_drift failed ("panel lacks required field(s) ['revenueGrowth', 'operatingCashFlowGrowth', 'revenueSurprise']") — skipped
[score_book_oos] event_freshness_accounting_confirmed_surprise failed ("panel lacks required field(s) ['epsSurprise', 'revenueSurprise', 'epsEstimate', 'revenueEstimate', 'grossMargin', 'operatingCashFlow', 'revenue', 'receivables', 'inventory', 'accountsPayable']") — skipped
[score_book_oos] partial_graph_peer_innovation_catchup failed ("panel lacks required field(s) ['sector']") — skipped
[score_book_oos] quality_regime_conditioned_issuer_distribution failed ("panel lacks required field(s) ['marketCap', 'netStockIssuance', 'sharesGrowth', 'industry', 'sector', 'roic', 'grossMargin', 'earningsYield']") — skipped
[score_book_oos] fresh_expectation_delivery_decay failed ("panel lacks required field(s) ['revenueGrowth', 'freeCashFlowYield', 'incomeQuality', 'sharesGrowth', 'psRatio']") — skipped
[score_book_oos] growth_expectation_convexity_break failed ("panel lacks required field(s) ['psRatio', 'sector', 'revenueGrowth', 'operatingMargin']") — skipped
[score_book_oos] growth_expectation_fresh_delivery_break failed ("panel lacks required field(s) ['psRatio', 'sector', 'revenueGrowth', 'operatingMargin']") — skipped
[score_book_oos] fundamental_momentum_extrapolation_fragility failed ("panel lacks required field(s) ['epsEstimate', 'revenueEstimate', 'operatingMargin', 'freeCashFlow', 'roic', 'psRatio', 'evToSales', 'sector']") — skipped
[score_book_oos] cashflow_deterioration_idio_downside_overshoot failed ("panel lacks required field(s) ['sector', 'operatingCashFlow', 'revenue', 'operatingMargin', 'interestCoverage']") — skipped
[score_book_oos] tail_survival_forcedflow_reversal_h6 failed ("panel lacks required field(s) ['revenueGrowth', 'operatingCashFlowGrowth', 'revenueSurprise']") — skipped
[score_book_oos] downside_excitation_fragility_acceleration_h6 failed ("panel lacks required field(s) ['roic', 'currentRatio', 'debtToEquity']") — skipped
[score_book_oos] downside_persistence_fragility_exhaustion failed ("panel lacks required field(s) ['debtToEquity', 'interestCoverage']") — skipped
[score_book_oos] resilient_downside_excitation_cooling_continuati failed ("panel lacks required field(s) ['cashRatio', 'debtToEquity']") — skipped
[score_book_oos] asymmetric_overnight_range_wedge_rebound failed ("panel lacks required field(s) ['sector']") — skipped
[score_book_oos] revision_financing_gated_idio_downside_polarity failed ("panel lacks required field(s) ['sector', 'epsEstimate', 'revenueEstimate', 'sharesGrowth', 'netStockIssuance', 'marketCap', 'freeCashFlowYield']") — skipped
[score_book_oos] scheduled_downside_cooling_information_drift failed ("panel lacks required field(s) ['sector']") — skipped
[score_book_oos] downside_tail_dependence_unpaid_bridge failed ("panel lacks required field(s) ['sector', 'debtToEquity', 'currentRatio']") — skipped
[score_book_oos] robust_tail_equity_supply_reversal failed ("panel lacks required field(s) ['netStockIssuance', 'sharesGrowth', 'marketCap']") — skipped
[score_book_oos] cashcycle_replenishment_rebound_completion failed ("panel lacks required field(s) ['receivables', 'inventory', 'accountsPayable', 'revenue', 'industry']") — skipped
[score_book_oos] idiosyncratic_tail_resilience_absorption_repair failed ("panel lacks required field(s) ['sector', 'operatingCashFlow', 'totalAssets', 'grossMargin', 'freeCashFlowYield', 'evToFreeCashFlow']") — skipped
[score_book_oos] report_clock_tail_network_derisking_gate failed ("panel lacks required field(s) ['sector', 'epsEstimate', 'revenueEstimate', 'epsActual', 'revenueActual', 'epsSurprise']") — skipped
[score_book_oos] anticipated_report_peer_tail_impact_gate failed ("panel lacks required field(s) ['sector', 'epsActual', 'revenueActual']") — skipped
[score_book_oos] volume_clock_signed_flow_schedule_h6 failed ("panel lacks required field(s) ['sector']") — skipped
[score_book_oos] surprise_novelty_absorption_drift failed ("panel lacks required field(s) ['epsSurprise', 'revenueSurprise', 'epsEstimate', 'revenueEstimate']") — skipped
[score_book_oos] industry_turnover_gated_idio_repair failed ("panel lacks required field(s) ['marketCap', 'industry', 'sector']") — skipped
[score_book_oos] latent_impact_absorption_persistence failed ("panel lacks required field(s) ['industry']") — skipped
[score_book_oos] sector_relative_opening_auction_rejection_h6 failed ("panel lacks required field(s) ['sector']") — skipped
[score_book_oos] decelerating_execution_debt_reversal failed ("panel lacks required field(s) ['industry']") — skipped
/Users/lucawurker/Desktop/Imperial/Master Thesis/QuantFundAgent/venv/lib/python3.13/site-packages/sklearn/utils/validation.py:2691: UserWarning: X does not have valid feature names, but LGBMRegressor was fitted with feature names
  warnings.warn(
  LOCO 60/62 fractional_propagator_flow_debt_reversal
[score_book_oos] sbc_dilution_acceleration_supply_drift failed ("panel lacks required field(s) ['sector', 'stockBasedCompensation', 'revenue', 'sharesOutstanding', 'sharesGrowth', 'netStockIssuance', 'marketCap', 'shareRepurchase']") — skipped
[score_book_oos] cashflow_quality_confirmed_surprise_drift failed ("panel lacks required field(s) ['epsSurprise', 'epsEstimate', 'incomeQuality']") — skipped
[score_book_oos] fresh_cashflow_confirmed_surprise_drift failed ("panel lacks required field(s) ['epsSurprise', 'revenueSurprise', 'incomeQuality', 'freeCashFlowYield', 'cashConversionCycle']") — skipped
[score_book_oos] cashbacked_asymmetric_surprise_drift_h6 failed ("panel lacks required field(s) ['epsSurprise', 'epsEstimate', 'incomeQuality']") — skipped
[score_book_oos] cash_realization_surprise_disagreement failed ("panel lacks required field(s) ['epsSurprise', 'revenueSurprise', 'epsEstimate', 'revenueEstimate', 'epsActual', 'revenueActual', 'cashConversionCycle', 'incomeQuality', 'receivablesGrowth', 'inventoryGrowth']") — skipped
[score_book_oos] cashcycle_ambiguity_operating_fade failed ("panel lacks required field(s) ['sector', 'daysSalesOutstanding', 'daysInventoryOutstanding', 'incomeQuality', 'revenueGrowth']") — skipped
[score_book_oos] episode_coherence_fresh_revision_gap failed ("panel lacks required field(s) ['epsEstimate', 'revenueEstimate', 'industry']") — skipped
[score_book_oos] fundamental_peer_surprise_transmission_gap failed ("panel lacks required field(s) ['revenueGrowth', 'grossMargin', 'operatingMargin', 'roic', 'debtToEquity', 'epsSurprise', 'revenueSurprise', 'epsEstimate', 'revenueEstimate']") — skipped
[score_book_oos] sector_shock_distributed_lag_unpaid_response failed ("panel lacks required field(s) ['sector']") — skipped
[score_book_oos] stabilized_convex_common_shock_overshoot failed ("panel lacks required field(s) ['industry']") — skipped
[score_book_oos] directed_laggraph_liquidity_unpaid_response failed ("panel lacks required field(s) ['marketCap', 'industry']") — skipped
[score_book_oos] shrunk_directed_lag_liquidity_gap failed ("panel lacks required field(s) ['marketCap', 'industry']") — skipped
[score_book_oos] sector_hawkes_compensator_late_follower failed ("panel lacks required field(s) ['sector', 'currentRatio']") — skipped
[score_book_oos] signed_graph_curvature_residual_diffusion failed ("panel lacks required field(s) ['sector']") — skipped
[score_book_oos] factor_premium_dispersion_regime_transfer failed ("panel lacks required field(s) ['sector', 'freeCashFlowYield', 'roe', 'roic', 'incomeQuality', 'assetGrowth', 'debtGrowth', 'sharesGrowth']") — skipped
[score_book_oos] intraday_supply_curve_overshoot_reversal failed ("panel lacks required field(s) ['sector']") — skipped
[score_book_oos] report_assimilation_release_continuation_h6 failed ("panel lacks required field(s) ['epsSurprise', 'epsEstimate', 'epsActual']") — skipped
[score_book_oos] sector_shrunk_mode_follower_relay failed ("panel lacks required field(s) ['sector']") — skipped
[score_book_oos] fresh_cashfunded_upgrade_wedge failed ("panel lacks required field(s) ['epsEstimate', 'freeCashFlow', 'netStockIssuance', 'marketCap']") — skipped
[score_book_oos] tail_survival_capacity_impedance_drift failed ("panel lacks required field(s) ['revenueGrowth', 'operatingCashFlowGrowth', 'revenueSurprise']") — skipped
[score_book_oos] event_freshness_accounting_confirmed_surprise failed ("panel lacks required field(s) ['epsSurprise', 'revenueSurprise', 'epsEstimate', 'revenueEstimate', 'grossMargin', 'operatingCashFlow', 'revenue', 'receivables', 'inventory', 'accountsPayable']") — skipped
[score_book_oos] partial_graph_peer_innovation_catchup failed ("panel lacks required field(s) ['sector']") — skipped
[score_book_oos] quality_regime_conditioned_issuer_distribution failed ("panel lacks required field(s) ['marketCap', 'netStockIssuance', 'sharesGrowth', 'industry', 'sector', 'roic', 'grossMargin', 'earningsYield']") — skipped
[score_book_oos] fresh_expectation_delivery_decay failed ("panel lacks required field(s) ['revenueGrowth', 'freeCashFlowYield', 'incomeQuality', 'sharesGrowth', 'psRatio']") — skipped
[score_book_oos] growth_expectation_convexity_break failed ("panel lacks required field(s) ['psRatio', 'sector', 'revenueGrowth', 'operatingMargin']") — skipped
[score_book_oos] growth_expectation_fresh_delivery_break failed ("panel lacks required field(s) ['psRatio', 'sector', 'revenueGrowth', 'operatingMargin']") — skipped
[score_book_oos] fundamental_momentum_extrapolation_fragility failed ("panel lacks required field(s) ['epsEstimate', 'revenueEstimate', 'operatingMargin', 'freeCashFlow', 'roic', 'psRatio', 'evToSales', 'sector']") — skipped
[score_book_oos] cashflow_deterioration_idio_downside_overshoot failed ("panel lacks required field(s) ['sector', 'operatingCashFlow', 'revenue', 'operatingMargin', 'interestCoverage']") — skipped
[score_book_oos] tail_survival_forcedflow_reversal_h6 failed ("panel lacks required field(s) ['revenueGrowth', 'operatingCashFlowGrowth', 'revenueSurprise']") — skipped
[score_book_oos] downside_excitation_fragility_acceleration_h6 failed ("panel lacks required field(s) ['roic', 'currentRatio', 'debtToEquity']") — skipped
[score_book_oos] downside_persistence_fragility_exhaustion failed ("panel lacks required field(s) ['debtToEquity', 'interestCoverage']") — skipped
[score_book_oos] resilient_downside_excitation_cooling_continuati failed ("panel lacks required field(s) ['cashRatio', 'debtToEquity']") — skipped
[score_book_oos] asymmetric_overnight_range_wedge_rebound failed ("panel lacks required field(s) ['sector']") — skipped
[score_book_oos] revision_financing_gated_idio_downside_polarity failed ("panel lacks required field(s) ['sector', 'epsEstimate', 'revenueEstimate', 'sharesGrowth', 'netStockIssuance', 'marketCap', 'freeCashFlowYield']") — skipped
[score_book_oos] scheduled_downside_cooling_information_drift failed ("panel lacks required field(s) ['sector']") — skipped
[score_book_oos] downside_tail_dependence_unpaid_bridge failed ("panel lacks required field(s) ['sector', 'debtToEquity', 'currentRatio']") — skipped
[score_book_oos] robust_tail_equity_supply_reversal failed ("panel lacks required field(s) ['netStockIssuance', 'sharesGrowth', 'marketCap']") — skipped
[score_book_oos] cashcycle_replenishment_rebound_completion failed ("panel lacks required field(s) ['receivables', 'inventory', 'accountsPayable', 'revenue', 'industry']") — skipped
[score_book_oos] idiosyncratic_tail_resilience_absorption_repair failed ("panel lacks required field(s) ['sector', 'operatingCashFlow', 'totalAssets', 'grossMargin', 'freeCashFlowYield', 'evToFreeCashFlow']") — skipped
[score_book_oos] report_clock_tail_network_derisking_gate failed ("panel lacks required field(s) ['sector', 'epsEstimate', 'revenueEstimate', 'epsActual', 'revenueActual', 'epsSurprise']") — skipped
[score_book_oos] anticipated_report_peer_tail_impact_gate failed ("panel lacks required field(s) ['sector', 'epsActual', 'revenueActual']") — skipped
[score_book_oos] volume_clock_signed_flow_schedule_h6 failed ("panel lacks required field(s) ['sector']") — skipped
[score_book_oos] surprise_novelty_absorption_drift failed ("panel lacks required field(s) ['epsSurprise', 'revenueSurprise', 'epsEstimate', 'revenueEstimate']") — skipped
[score_book_oos] industry_turnover_gated_idio_repair failed ("panel lacks required field(s) ['marketCap', 'industry', 'sector']") — skipped
[score_book_oos] latent_impact_absorption_persistence failed ("panel lacks required field(s) ['industry']") — skipped
[score_book_oos] fractional_propagator_flow_debt_reversal failed ("panel lacks required field(s) ['industry']") — skipped
[score_book_oos] decelerating_execution_debt_reversal failed ("panel lacks required field(s) ['industry']") — skipped
/Users/lucawurker/Desktop/Imperial/Master Thesis/QuantFundAgent/venv/lib/python3.13/site-packages/sklearn/utils/validation.py:2691: UserWarning: X does not have valid feature names, but LGBMRegressor was fitted with feature names
  warnings.warn(
  LOCO 61/62 sector_relative_opening_auction_rejection_h6
[score_book_oos] sbc_dilution_acceleration_supply_drift failed ("panel lacks required field(s) ['sector', 'stockBasedCompensation', 'revenue', 'sharesOutstanding', 'sharesGrowth', 'netStockIssuance', 'marketCap', 'shareRepurchase']") — skipped
[score_book_oos] cashflow_quality_confirmed_surprise_drift failed ("panel lacks required field(s) ['epsSurprise', 'epsEstimate', 'incomeQuality']") — skipped
[score_book_oos] fresh_cashflow_confirmed_surprise_drift failed ("panel lacks required field(s) ['epsSurprise', 'revenueSurprise', 'incomeQuality', 'freeCashFlowYield', 'cashConversionCycle']") — skipped
[score_book_oos] cashbacked_asymmetric_surprise_drift_h6 failed ("panel lacks required field(s) ['epsSurprise', 'epsEstimate', 'incomeQuality']") — skipped
[score_book_oos] cash_realization_surprise_disagreement failed ("panel lacks required field(s) ['epsSurprise', 'revenueSurprise', 'epsEstimate', 'revenueEstimate', 'epsActual', 'revenueActual', 'cashConversionCycle', 'incomeQuality', 'receivablesGrowth', 'inventoryGrowth']") — skipped
[score_book_oos] cashcycle_ambiguity_operating_fade failed ("panel lacks required field(s) ['sector', 'daysSalesOutstanding', 'daysInventoryOutstanding', 'incomeQuality', 'revenueGrowth']") — skipped
[score_book_oos] episode_coherence_fresh_revision_gap failed ("panel lacks required field(s) ['epsEstimate', 'revenueEstimate', 'industry']") — skipped
[score_book_oos] fundamental_peer_surprise_transmission_gap failed ("panel lacks required field(s) ['revenueGrowth', 'grossMargin', 'operatingMargin', 'roic', 'debtToEquity', 'epsSurprise', 'revenueSurprise', 'epsEstimate', 'revenueEstimate']") — skipped
[score_book_oos] sector_shock_distributed_lag_unpaid_response failed ("panel lacks required field(s) ['sector']") — skipped
[score_book_oos] stabilized_convex_common_shock_overshoot failed ("panel lacks required field(s) ['industry']") — skipped
[score_book_oos] directed_laggraph_liquidity_unpaid_response failed ("panel lacks required field(s) ['marketCap', 'industry']") — skipped
[score_book_oos] shrunk_directed_lag_liquidity_gap failed ("panel lacks required field(s) ['marketCap', 'industry']") — skipped
[score_book_oos] sector_hawkes_compensator_late_follower failed ("panel lacks required field(s) ['sector', 'currentRatio']") — skipped
[score_book_oos] signed_graph_curvature_residual_diffusion failed ("panel lacks required field(s) ['sector']") — skipped
[score_book_oos] factor_premium_dispersion_regime_transfer failed ("panel lacks required field(s) ['sector', 'freeCashFlowYield', 'roe', 'roic', 'incomeQuality', 'assetGrowth', 'debtGrowth', 'sharesGrowth']") — skipped
[score_book_oos] intraday_supply_curve_overshoot_reversal failed ("panel lacks required field(s) ['sector']") — skipped
[score_book_oos] report_assimilation_release_continuation_h6 failed ("panel lacks required field(s) ['epsSurprise', 'epsEstimate', 'epsActual']") — skipped
[score_book_oos] sector_shrunk_mode_follower_relay failed ("panel lacks required field(s) ['sector']") — skipped
[score_book_oos] fresh_cashfunded_upgrade_wedge failed ("panel lacks required field(s) ['epsEstimate', 'freeCashFlow', 'netStockIssuance', 'marketCap']") — skipped
[score_book_oos] tail_survival_capacity_impedance_drift failed ("panel lacks required field(s) ['revenueGrowth', 'operatingCashFlowGrowth', 'revenueSurprise']") — skipped
[score_book_oos] event_freshness_accounting_confirmed_surprise failed ("panel lacks required field(s) ['epsSurprise', 'revenueSurprise', 'epsEstimate', 'revenueEstimate', 'grossMargin', 'operatingCashFlow', 'revenue', 'receivables', 'inventory', 'accountsPayable']") — skipped
[score_book_oos] partial_graph_peer_innovation_catchup failed ("panel lacks required field(s) ['sector']") — skipped
[score_book_oos] quality_regime_conditioned_issuer_distribution failed ("panel lacks required field(s) ['marketCap', 'netStockIssuance', 'sharesGrowth', 'industry', 'sector', 'roic', 'grossMargin', 'earningsYield']") — skipped
[score_book_oos] fresh_expectation_delivery_decay failed ("panel lacks required field(s) ['revenueGrowth', 'freeCashFlowYield', 'incomeQuality', 'sharesGrowth', 'psRatio']") — skipped
[score_book_oos] growth_expectation_convexity_break failed ("panel lacks required field(s) ['psRatio', 'sector', 'revenueGrowth', 'operatingMargin']") — skipped
[score_book_oos] growth_expectation_fresh_delivery_break failed ("panel lacks required field(s) ['psRatio', 'sector', 'revenueGrowth', 'operatingMargin']") — skipped
[score_book_oos] fundamental_momentum_extrapolation_fragility failed ("panel lacks required field(s) ['epsEstimate', 'revenueEstimate', 'operatingMargin', 'freeCashFlow', 'roic', 'psRatio', 'evToSales', 'sector']") — skipped
[score_book_oos] cashflow_deterioration_idio_downside_overshoot failed ("panel lacks required field(s) ['sector', 'operatingCashFlow', 'revenue', 'operatingMargin', 'interestCoverage']") — skipped
[score_book_oos] tail_survival_forcedflow_reversal_h6 failed ("panel lacks required field(s) ['revenueGrowth', 'operatingCashFlowGrowth', 'revenueSurprise']") — skipped
[score_book_oos] downside_excitation_fragility_acceleration_h6 failed ("panel lacks required field(s) ['roic', 'currentRatio', 'debtToEquity']") — skipped
[score_book_oos] downside_persistence_fragility_exhaustion failed ("panel lacks required field(s) ['debtToEquity', 'interestCoverage']") — skipped
[score_book_oos] resilient_downside_excitation_cooling_continuati failed ("panel lacks required field(s) ['cashRatio', 'debtToEquity']") — skipped
[score_book_oos] asymmetric_overnight_range_wedge_rebound failed ("panel lacks required field(s) ['sector']") — skipped
[score_book_oos] revision_financing_gated_idio_downside_polarity failed ("panel lacks required field(s) ['sector', 'epsEstimate', 'revenueEstimate', 'sharesGrowth', 'netStockIssuance', 'marketCap', 'freeCashFlowYield']") — skipped
[score_book_oos] scheduled_downside_cooling_information_drift failed ("panel lacks required field(s) ['sector']") — skipped
[score_book_oos] downside_tail_dependence_unpaid_bridge failed ("panel lacks required field(s) ['sector', 'debtToEquity', 'currentRatio']") — skipped
[score_book_oos] robust_tail_equity_supply_reversal failed ("panel lacks required field(s) ['netStockIssuance', 'sharesGrowth', 'marketCap']") — skipped
[score_book_oos] cashcycle_replenishment_rebound_completion failed ("panel lacks required field(s) ['receivables', 'inventory', 'accountsPayable', 'revenue', 'industry']") — skipped
[score_book_oos] idiosyncratic_tail_resilience_absorption_repair failed ("panel lacks required field(s) ['sector', 'operatingCashFlow', 'totalAssets', 'grossMargin', 'freeCashFlowYield', 'evToFreeCashFlow']") — skipped
[score_book_oos] report_clock_tail_network_derisking_gate failed ("panel lacks required field(s) ['sector', 'epsEstimate', 'revenueEstimate', 'epsActual', 'revenueActual', 'epsSurprise']") — skipped
[score_book_oos] anticipated_report_peer_tail_impact_gate failed ("panel lacks required field(s) ['sector', 'epsActual', 'revenueActual']") — skipped
[score_book_oos] volume_clock_signed_flow_schedule_h6 failed ("panel lacks required field(s) ['sector']") — skipped
[score_book_oos] surprise_novelty_absorption_drift failed ("panel lacks required field(s) ['epsSurprise', 'revenueSurprise', 'epsEstimate', 'revenueEstimate']") — skipped
[score_book_oos] industry_turnover_gated_idio_repair failed ("panel lacks required field(s) ['marketCap', 'industry', 'sector']") — skipped
[score_book_oos] latent_impact_absorption_persistence failed ("panel lacks required field(s) ['industry']") — skipped
[score_book_oos] fractional_propagator_flow_debt_reversal failed ("panel lacks required field(s) ['industry']") — skipped
[score_book_oos] sector_relative_opening_auction_rejection_h6 failed ("panel lacks required field(s) ['sector']") — skipped
/Users/lucawurker/Desktop/Imperial/Master Thesis/QuantFundAgent/venv/lib/python3.13/site-packages/sklearn/utils/validation.py:2691: UserWarning: X does not have valid feature names, but LGBMRegressor was fitted with feature names
  warnings.warn(
  LOCO 62/62 decelerating_execution_debt_reversal
  corr: sbc_dilution_acceleration_supply_drift failed ('sector') — skipped
  corr: cashflow_quality_confirmed_surprise_drift failed ('epsSurprise') — skipped
  corr: fresh_cashflow_confirmed_surprise_drift failed ('epsSurprise') — skipped
  corr: cashbacked_asymmetric_surprise_drift_h6 failed ('epsSurprise') — skipped
  corr: cash_realization_surprise_disagreement failed ('epsEstimate') — skipped
  corr: cashcycle_ambiguity_operating_fade failed ('daysSalesOutstanding') — skipped
  corr: episode_coherence_fresh_revision_gap failed ('epsEstimate') — skipped
  corr: fundamental_peer_surprise_transmission_gap failed ('epsSurprise') — skipped
  corr: sector_shock_distributed_lag_unpaid_response failed ('sector') — skipped
  corr: stabilized_convex_common_shock_overshoot failed ('industry') — skipped
  corr: directed_laggraph_liquidity_unpaid_response failed ('marketCap') — skipped
  corr: shrunk_directed_lag_liquidity_gap failed ('marketCap') — skipped
  corr: sector_hawkes_compensator_late_follower failed ('sector') — skipped
  corr: signed_graph_curvature_residual_diffusion failed ('sector') — skipped
  corr: factor_premium_dispersion_regime_transfer failed ('sector') — skipped
  corr: intraday_supply_curve_overshoot_reversal failed ('sector') — skipped
  corr: report_assimilation_release_continuation_h6 failed ('epsSurprise') — skipped
  corr: sector_shrunk_mode_follower_relay failed ('sector') — skipped
  corr: fresh_cashfunded_upgrade_wedge failed ('epsEstimate') — skipped
  corr: tail_survival_capacity_impedance_drift failed ('revenueGrowth') — skipped
  corr: event_freshness_accounting_confirmed_surprise failed ('epsSurprise') — skipped
  corr: partial_graph_peer_innovation_catchup failed ('sector') — skipped
  corr: quality_regime_conditioned_issuer_distribution failed ('roic') — skipped
  corr: fresh_expectation_delivery_decay failed ('revenueGrowth') — skipped
  corr: growth_expectation_convexity_break failed ('sector') — skipped
  corr: growth_expectation_fresh_delivery_break failed ('sector') — skipped
  corr: fundamental_momentum_extrapolation_fragility failed ('epsEstimate') — skipped
  corr: cashflow_deterioration_idio_downside_overshoot failed ('sector') — skipped
  corr: tail_survival_forcedflow_reversal_h6 failed ('revenueGrowth') — skipped
  corr: downside_excitation_fragility_acceleration_h6 failed ('roic') — skipped
  corr: downside_persistence_fragility_exhaustion failed ('debtToEquity') — skipped
  corr: resilient_downside_excitation_cooling_continuati failed ('cashRatio') — skipped
  corr: asymmetric_overnight_range_wedge_rebound failed ('sector') — skipped
  corr: revision_financing_gated_idio_downside_polarity failed ('sector') — skipped
  corr: scheduled_downside_cooling_information_drift failed ('sector') — skipped
  corr: downside_tail_dependence_unpaid_bridge failed ('sector') — skipped
  corr: robust_tail_equity_supply_reversal failed ('netStockIssuance') — skipped
  corr: cashcycle_replenishment_rebound_completion failed ('industry') — skipped
  corr: idiosyncratic_tail_resilience_absorption_repair failed ('sector') — skipped
  corr: report_clock_tail_network_derisking_gate failed ('sector') — skipped
  corr: anticipated_report_peer_tail_impact_gate failed ('sector') — skipped
  corr: volume_clock_signed_flow_schedule_h6 failed ('sector') — skipped
  corr: surprise_novelty_absorption_drift failed ('epsSurprise') — skipped
  corr: industry_turnover_gated_idio_repair failed ('marketCap') — skipped
  corr: latent_impact_absorption_persistence failed ('industry') — skipped
  corr: fractional_propagator_flow_debt_reversal failed ('industry') — skipped
  corr: sector_relative_opening_auction_rejection_h6 failed ('sector') — skipped
  corr: decelerating_execution_debt_reversal failed ('industry') — skipped
wrote /Users/lucawurker/Desktop/Imperial/Master Thesis/QuantFundAgent/data/workspaces/fmp_archive_equity_nasdaq100pit/preruns/L4R_terra_s0/analysis_data.json
wrote /Users/lucawurker/Desktop/Imperial/Master Thesis/QuantFundAgent/data/workspaces/fmp_archive_equity_nasdaq100pit/preruns/L4R_terra_s0/analysis_report.md
Traceback (most recent call last):
  File "/Users/lucawurker/Desktop/Imperial/Master Thesis/QuantFundAgent/scripts/plot_l2_run_figures.py", line 555, in <module>
    color=[CATEGORY_COLORS[c] for c in cats], edgecolor="white", linewidth=0.5)
           ~~~~~~~~~~~~~~~^^^
KeyError: 'carry'
