 phase 1: arm analyses
13:24:49 INFO    Loading panel from ticker_data (fields=['accountsPayable', 'acquisitionsNet', 'assetGrowth', 'assetTurnover', 'bookValuePerShare', 'bookValuePerShareGrowth', 'capex', 'capexPerShare', 'capexToOperatingCashFlow', 'capexToRevenue', 'cash', 'cashConversionCycle', 'cashPerShare', 'cashRatio', 'changeInWorkingCapital', 'close', 'costOfRevenue', 'currentRatio', 'daysInventoryOutstanding', 'daysPayablesOutstanding', 'daysSalesOutstanding', 'debtGrowth', 'debtToAssets', 'debtToCapital', 'debtToEquity', 'depreciationAmortization', 'dividendPayoutRatio', 'dividendPerShareGrowth', 'dividendYield', 'dividendsPaid', 'earningsYield', 'ebit', 'ebitGrowth', 'ebitMargin', 'ebitda', 'ebitdaGrowth', 'ebitdaMargin', 'enterpriseValue', 'eps', 'epsActual', 'epsDiluted', 'epsDilutedGrowth', 'epsEstimate', 'epsGrowth', 'epsSurprise', 'evToEbitda', 'evToFreeCashFlow', 'evToOperatingCashFlow', 'evToSales', 'financialLeverage', 'freeCashFlow', 'freeCashFlowGrowth', 'freeCashFlowPerShare', 'freeCashFlowYield', 'goodwill', 'grahamNumber', 'grossMargin', 'grossProfit', 'grossProfitGrowth', 'high', 'incomeBeforeTax', 'incomeQuality', 'incomeTaxExpense', 'industry', 'intangibleAssets', 'intangiblesToAssets', 'interestCoverage', 'interestExpense', 'inventory', 'inventoryGrowth', 'inventoryTurnover', 'investedCapital', 'longTermDebt', 'low', 'marketCap', 'netDebtIssuance', 'netDebtToEbitda', 'netIncome', 'netIncomeGrowth', 'netIncomeGrowth3Y', 'netIncomeGrowth5Y', 'netIncomePerShare', 'netMargin', 'netStockIssuance', 'open', 'operatingCashFlow', 'operatingCashFlowGrowth', 'operatingCashFlowPerShare', 'operatingCycle', 'operatingExpenses', 'operatingIncome', 'operatingIncomeGrowth', 'operatingMargin', 'payablesTurnover', 'pbRatio', 'peRatio', 'pegRatio', 'pfcfRatio', 'pocfRatio', 'ppe', 'pretaxMargin', 'psRatio', 'quickRatio', 'rdExpense', 'rdExpenseGrowth', 'rdToRevenue', 'receivables', 'receivablesGrowth', 'receivablesTurnover', 'retainedEarnings', 'returns', 'revenue', 'revenueActual', 'revenueEstimate', 'revenueGrowth', 'revenueGrowth3Y', 'revenueGrowth5Y', 'revenuePerShare', 'revenueSurprise', 'roa', 'roce', 'roe', 'roic', 'sbcToRevenue', 'sector', 'sgaExpense', 'sgaExpenseGrowth', 'sgaToRevenue', 'shareRepurchase', 'sharesDiluted', 'sharesGrowth', 'sharesOutstanding', 'shortTermDebt', 'stockBasedCompensation', 'tangibleBookValuePerShare', 'totalAssets', 'totalCurrentAssets', 'totalCurrentLiabilities', 'totalDebt', 'totalEquity', 'totalLiabilities', 'volume', 'vwap', 'workingCapital'], n_tickers=all) …
13:25:56 INFO    Panel loaded in 67.7s (232 tickers, 144 fields)
13:25:56 INFO    [L1H_terra_s0] panel 4165 bars x 232 tickers
13:25:56 INFO    [L1H_terra_s0] 23 IS blocks, 10 OOS blocks
13:25:58 INFO    [L1H_terra_s0] 22/22 signals computed
13:26:00 INFO    [L1H_terra_s0] wrote per_factor_blocks.csv (22 rows)
/Users/lucawurker/Desktop/Imperial/Master Thesis/QuantFundAgent/venv/lib/python3.13/site-packages/numpy/lib/_function_base_impl.py:3023: RuntimeWarning: invalid value encountered in divide
  c /= stddev[:, None]
/Users/lucawurker/Desktop/Imperial/Master Thesis/QuantFundAgent/venv/lib/python3.13/site-packages/numpy/lib/_function_base_impl.py:3024: RuntimeWarning: invalid value encountered in divide
  c /= stddev[None, :]
13:26:00 INFO    [L1H_terra_s0] diversity: mean|rho|=0.091 effN=12.3
13:26:00 INFO    [L1H_terra_s0] static fit ridge (22 signals)...
13:26:02 INFO    [L1H_terra_s0] static fit lasso (22 signals)...
/Users/lucawurker/Desktop/Imperial/Master Thesis/QuantFundAgent/venv/lib/python3.13/site-packages/sklearn/linear_model/_coordinate_descent.py:1663: FutureWarning: 'n_alphas' was deprecated in 1.7 and will be removed in 1.9. 'alphas' now accepts an integer value which removes the need to pass 'n_alphas'. The default value of 'alphas' will change from None to 100 in 1.9. Pass an explicit value to 'alphas' and leave 'n_alphas' to its default value to silence this warning.
  warnings.warn(
13:26:02 INFO    [L1H_terra_s0] static fit lightgbm (22 signals)...
/Users/lucawurker/Desktop/Imperial/Master Thesis/QuantFundAgent/venv/lib/python3.13/site-packages/sklearn/utils/validation.py:2691: UserWarning: X does not have valid feature names, but LGBMRegressor was fitted with feature names
  warnings.warn(
13:26:05 INFO    [L1H_terra_s0] wrote combined_static.csv
13:26:05 INFO    [L1H_terra_s0] DONE -> data/comparisons/wf_arm_analysis_local/L1H_terra_s0
 factor analysis L1H_terra_s0 rc=1
13:26:05 INFO    Loading panel from ticker_data (fields=['accountsPayable', 'acquisitionsNet', 'assetGrowth', 'assetTurnover', 'bookValuePerShare', 'bookValuePerShareGrowth', 'capex', 'capexPerShare', 'capexToOperatingCashFlow', 'capexToRevenue', 'cash', 'cashConversionCycle', 'cashPerShare', 'cashRatio', 'changeInWorkingCapital', 'close', 'costOfRevenue', 'currentRatio', 'daysInventoryOutstanding', 'daysPayablesOutstanding', 'daysSalesOutstanding', 'debtGrowth', 'debtToAssets', 'debtToCapital', 'debtToEquity', 'depreciationAmortization', 'dividendPayoutRatio', 'dividendPerShareGrowth', 'dividendYield', 'dividendsPaid', 'earningsYield', 'ebit', 'ebitGrowth', 'ebitMargin', 'ebitda', 'ebitdaGrowth', 'ebitdaMargin', 'enterpriseValue', 'eps', 'epsActual', 'epsDiluted', 'epsDilutedGrowth', 'epsEstimate', 'epsGrowth', 'epsSurprise', 'evToEbitda', 'evToFreeCashFlow', 'evToOperatingCashFlow', 'evToSales', 'financialLeverage', 'freeCashFlow', 'freeCashFlowGrowth', 'freeCashFlowPerShare', 'freeCashFlowYield', 'goodwill', 'grahamNumber', 'grossMargin', 'grossProfit', 'grossProfitGrowth', 'high', 'incomeBeforeTax', 'incomeQuality', 'incomeTaxExpense', 'industry', 'intangibleAssets', 'intangiblesToAssets', 'interestCoverage', 'interestExpense', 'inventory', 'inventoryGrowth', 'inventoryTurnover', 'investedCapital', 'longTermDebt', 'low', 'marketCap', 'netDebtIssuance', 'netDebtToEbitda', 'netIncome', 'netIncomeGrowth', 'netIncomeGrowth3Y', 'netIncomeGrowth5Y', 'netIncomePerShare', 'netMargin', 'netStockIssuance', 'open', 'operatingCashFlow', 'operatingCashFlowGrowth', 'operatingCashFlowPerShare', 'operatingCycle', 'operatingExpenses', 'operatingIncome', 'operatingIncomeGrowth', 'operatingMargin', 'payablesTurnover', 'pbRatio', 'peRatio', 'pegRatio', 'pfcfRatio', 'pocfRatio', 'ppe', 'pretaxMargin', 'psRatio', 'quickRatio', 'rdExpense', 'rdExpenseGrowth', 'rdToRevenue', 'receivables', 'receivablesGrowth', 'receivablesTurnover', 'retainedEarnings', 'returns', 'revenue', 'revenueActual', 'revenueEstimate', 'revenueGrowth', 'revenueGrowth3Y', 'revenueGrowth5Y', 'revenuePerShare', 'revenueSurprise', 'roa', 'roce', 'roe', 'roic', 'sbcToRevenue', 'sector', 'sgaExpense', 'sgaExpenseGrowth', 'sgaToRevenue', 'shareRepurchase', 'sharesDiluted', 'sharesGrowth', 'sharesOutstanding', 'shortTermDebt', 'stockBasedCompensation', 'tangibleBookValuePerShare', 'totalAssets', 'totalCurrentAssets', 'totalCurrentLiabilities', 'totalDebt', 'totalEquity', 'totalLiabilities', 'volume', 'vwap', 'workingCapital'], n_tickers=all) …
13:27:11 INFO    Panel loaded in 65.9s (232 tickers, 144 fields)
13:27:11 INFO    [L1HB_terra_s0] panel 4165 bars x 232 tickers
13:27:11 INFO    [L1HB_terra_s0] 23 IS blocks, 10 OOS blocks
/Users/lucawurker/Desktop/Imperial/Master Thesis/QuantFundAgent/quant_fund_agent/factors/researcher/nonlinear_impact_surface_curvature.py:48: RuntimeWarning: All-NaN slice encountered
  mad = 1.4826 * np.nanmedian(absolute_residual, axis=0)
13:27:51 INFO    [L1HB_terra_s0] 24/24 signals computed
13:27:53 INFO    [L1HB_terra_s0] wrote per_factor_blocks.csv (24 rows)
13:27:53 INFO    [L1HB_terra_s0] diversity: mean|rho|=0.090 effN=13.1
13:27:53 INFO    [L1HB_terra_s0] static fit ridge (24 signals)...
13:27:55 INFO    [L1HB_terra_s0] static fit lasso (24 signals)...
/Users/lucawurker/Desktop/Imperial/Master Thesis/QuantFundAgent/venv/lib/python3.13/site-packages/sklearn/linear_model/_coordinate_descent.py:1663: FutureWarning: 'n_alphas' was deprecated in 1.7 and will be removed in 1.9. 'alphas' now accepts an integer value which removes the need to pass 'n_alphas'. The default value of 'alphas' will change from None to 100 in 1.9. Pass an explicit value to 'alphas' and leave 'n_alphas' to its default value to silence this warning.
  warnings.warn(
13:27:55 INFO    [L1HB_terra_s0] static fit lightgbm (24 signals)...
/Users/lucawurker/Desktop/Imperial/Master Thesis/QuantFundAgent/venv/lib/python3.13/site-packages/sklearn/utils/validation.py:2691: UserWarning: X does not have valid feature names, but LGBMRegressor was fitted with feature names
  warnings.warn(
13:27:58 INFO    [L1HB_terra_s0] wrote combined_static.csv
13:27:58 INFO    [L1HB_terra_s0] DONE -> data/comparisons/wf_arm_analysis_local/L1HB_terra_s0
 factor analysis L1HB_terra_s0 rc=1
13:27:59 INFO    Loading panel from ticker_data (fields=['accountsPayable', 'acquisitionsNet', 'assetGrowth', 'assetTurnover', 'bookValuePerShare', 'bookValuePerShareGrowth', 'capex', 'capexPerShare', 'capexToOperatingCashFlow', 'capexToRevenue', 'cash', 'cashConversionCycle', 'cashPerShare', 'cashRatio', 'changeInWorkingCapital', 'close', 'costOfRevenue', 'currentRatio', 'daysInventoryOutstanding', 'daysPayablesOutstanding', 'daysSalesOutstanding', 'debtGrowth', 'debtToAssets', 'debtToCapital', 'debtToEquity', 'depreciationAmortization', 'dividendPayoutRatio', 'dividendPerShareGrowth', 'dividendYield', 'dividendsPaid', 'earningsYield', 'ebit', 'ebitGrowth', 'ebitMargin', 'ebitda', 'ebitdaGrowth', 'ebitdaMargin', 'enterpriseValue', 'eps', 'epsActual', 'epsDiluted', 'epsDilutedGrowth', 'epsEstimate', 'epsGrowth', 'epsSurprise', 'evToEbitda', 'evToFreeCashFlow', 'evToOperatingCashFlow', 'evToSales', 'financialLeverage', 'freeCashFlow', 'freeCashFlowGrowth', 'freeCashFlowPerShare', 'freeCashFlowYield', 'goodwill', 'grahamNumber', 'grossMargin', 'grossProfit', 'grossProfitGrowth', 'high', 'incomeBeforeTax', 'incomeQuality', 'incomeTaxExpense', 'industry', 'intangibleAssets', 'intangiblesToAssets', 'interestCoverage', 'interestExpense', 'inventory', 'inventoryGrowth', 'inventoryTurnover', 'investedCapital', 'longTermDebt', 'low', 'marketCap', 'netDebtIssuance', 'netDebtToEbitda', 'netIncome', 'netIncomeGrowth', 'netIncomeGrowth3Y', 'netIncomeGrowth5Y', 'netIncomePerShare', 'netMargin', 'netStockIssuance', 'open', 'operatingCashFlow', 'operatingCashFlowGrowth', 'operatingCashFlowPerShare', 'operatingCycle', 'operatingExpenses', 'operatingIncome', 'operatingIncomeGrowth', 'operatingMargin', 'payablesTurnover', 'pbRatio', 'peRatio', 'pegRatio', 'pfcfRatio', 'pocfRatio', 'ppe', 'pretaxMargin', 'psRatio', 'quickRatio', 'rdExpense', 'rdExpenseGrowth', 'rdToRevenue', 'receivables', 'receivablesGrowth', 'receivablesTurnover', 'retainedEarnings', 'returns', 'revenue', 'revenueActual', 'revenueEstimate', 'revenueGrowth', 'revenueGrowth3Y', 'revenueGrowth5Y', 'revenuePerShare', 'revenueSurprise', 'roa', 'roce', 'roe', 'roic', 'sbcToRevenue', 'sector', 'sgaExpense', 'sgaExpenseGrowth', 'sgaToRevenue', 'shareRepurchase', 'sharesDiluted', 'sharesGrowth', 'sharesOutstanding', 'shortTermDebt', 'stockBasedCompensation', 'tangibleBookValuePerShare', 'totalAssets', 'totalCurrentAssets', 'totalCurrentLiabilities', 'totalDebt', 'totalEquity', 'totalLiabilities', 'volume', 'vwap', 'workingCapital'], n_tickers=all) …
13:29:05 INFO    Panel loaded in 66.2s (232 tickers, 144 fields)
13:29:05 INFO    [L4D_terra_s0] panel 4165 bars x 232 tickers
13:29:05 INFO    [L4D_terra_s0] 23 IS blocks, 10 OOS blocks
/Users/lucawurker/Desktop/Imperial/Master Thesis/QuantFundAgent/venv/lib/python3.13/site-packages/pandas/core/internals/blocks.py:347: RuntimeWarning: divide by zero encountered in log
  result = func(self.values, **kwargs)
/Users/lucawurker/Desktop/Imperial/Master Thesis/QuantFundAgent/venv/lib/python3.13/site-packages/pandas/core/internals/blocks.py:347: RuntimeWarning: divide by zero encountered in log
  result = func(self.values, **kwargs)
13:29:44 INFO    [L4D_terra_s0] 46/46 signals computed
13:29:49 INFO    [L4D_terra_s0] wrote per_factor_blocks.csv (46 rows)
13:29:49 INFO    [L4D_terra_s0] diversity: mean|rho|=0.075 effN=21.6
13:29:49 INFO    [L4D_terra_s0] static fit ridge (46 signals)...
13:29:52 INFO    [L4D_terra_s0] static fit lasso (46 signals)...
/Users/lucawurker/Desktop/Imperial/Master Thesis/QuantFundAgent/venv/lib/python3.13/site-packages/sklearn/linear_model/_coordinate_descent.py:1663: FutureWarning: 'n_alphas' was deprecated in 1.7 and will be removed in 1.9. 'alphas' now accepts an integer value which removes the need to pass 'n_alphas'. The default value of 'alphas' will change from None to 100 in 1.9. Pass an explicit value to 'alphas' and leave 'n_alphas' to its default value to silence this warning.
  warnings.warn(
13:29:53 INFO    [L4D_terra_s0] static fit lightgbm (46 signals)...
/Users/lucawurker/Desktop/Imperial/Master Thesis/QuantFundAgent/venv/lib/python3.13/site-packages/sklearn/utils/validation.py:2691: UserWarning: X does not have valid feature names, but LGBMRegressor was fitted with feature names
  warnings.warn(
13:29:57 INFO    [L4D_terra_s0] wrote combined_static.csv
13:29:57 INFO    [L4D_terra_s0] DONE -> data/comparisons/wf_arm_analysis_local/L4D_terra_s0
 factor analysis L4D_terra_s0 rc=1
13:29:58 INFO    Loading panel from ticker_data (fields=['accountsPayable', 'acquisitionsNet', 'assetGrowth', 'assetTurnover', 'bookValuePerShare', 'bookValuePerShareGrowth', 'capex', 'capexPerShare', 'capexToOperatingCashFlow', 'capexToRevenue', 'cash', 'cashConversionCycle', 'cashPerShare', 'cashRatio', 'changeInWorkingCapital', 'close', 'costOfRevenue', 'currentRatio', 'daysInventoryOutstanding', 'daysPayablesOutstanding', 'daysSalesOutstanding', 'debtGrowth', 'debtToAssets', 'debtToCapital', 'debtToEquity', 'depreciationAmortization', 'dividendPayoutRatio', 'dividendPerShareGrowth', 'dividendYield', 'dividendsPaid', 'earningsYield', 'ebit', 'ebitGrowth', 'ebitMargin', 'ebitda', 'ebitdaGrowth', 'ebitdaMargin', 'enterpriseValue', 'eps', 'epsActual', 'epsDiluted', 'epsDilutedGrowth', 'epsEstimate', 'epsGrowth', 'epsSurprise', 'evToEbitda', 'evToFreeCashFlow', 'evToOperatingCashFlow', 'evToSales', 'financialLeverage', 'freeCashFlow', 'freeCashFlowGrowth', 'freeCashFlowPerShare', 'freeCashFlowYield', 'goodwill', 'grahamNumber', 'grossMargin', 'grossProfit', 'grossProfitGrowth', 'high', 'incomeBeforeTax', 'incomeQuality', 'incomeTaxExpense', 'industry', 'intangibleAssets', 'intangiblesToAssets', 'interestCoverage', 'interestExpense', 'inventory', 'inventoryGrowth', 'inventoryTurnover', 'investedCapital', 'longTermDebt', 'low', 'marketCap', 'netDebtIssuance', 'netDebtToEbitda', 'netIncome', 'netIncomeGrowth', 'netIncomeGrowth3Y', 'netIncomeGrowth5Y', 'netIncomePerShare', 'netMargin', 'netStockIssuance', 'open', 'operatingCashFlow', 'operatingCashFlowGrowth', 'operatingCashFlowPerShare', 'operatingCycle', 'operatingExpenses', 'operatingIncome', 'operatingIncomeGrowth', 'operatingMargin', 'payablesTurnover', 'pbRatio', 'peRatio', 'pegRatio', 'pfcfRatio', 'pocfRatio', 'ppe', 'pretaxMargin', 'psRatio', 'quickRatio', 'rdExpense', 'rdExpenseGrowth', 'rdToRevenue', 'receivables', 'receivablesGrowth', 'receivablesTurnover', 'retainedEarnings', 'returns', 'revenue', 'revenueActual', 'revenueEstimate', 'revenueGrowth', 'revenueGrowth3Y', 'revenueGrowth5Y', 'revenuePerShare', 'revenueSurprise', 'roa', 'roce', 'roe', 'roic', 'sbcToRevenue', 'sector', 'sgaExpense', 'sgaExpenseGrowth', 'sgaToRevenue', 'shareRepurchase', 'sharesDiluted', 'sharesGrowth', 'sharesOutstanding', 'shortTermDebt', 'stockBasedCompensation', 'tangibleBookValuePerShare', 'totalAssets', 'totalCurrentAssets', 'totalCurrentLiabilities', 'totalDebt', 'totalEquity', 'totalLiabilities', 'volume', 'vwap', 'workingCapital'], n_tickers=all) …
13:31:05 INFO    Panel loaded in 66.5s (232 tickers, 144 fields)
13:31:05 INFO    [L0WF_gp_s0] panel 4165 bars x 232 tickers
13:31:05 INFO    [L0WF_gp_s0] 23 IS blocks, 10 OOS blocks
Traceback (most recent call last):
  File "/Users/lucawurker/Desktop/Imperial/Master Thesis/QuantFundAgent/scripts/wf_arm_factor_analysis.py", line 305, in <module>
    main()
    ~~~~^^
  File "/Users/lucawurker/Desktop/Imperial/Master Thesis/QuantFundAgent/scripts/wf_arm_factor_analysis.py", line 155, in main
    book = load_book(args.arm)
  File "/Users/lucawurker/Desktop/Imperial/Master Thesis/QuantFundAgent/scripts/wf_arm_factor_analysis.py", line 61, in load_book
    out[r["id"]] = path.read_text()
                   ~~~~~~~~~~~~~~^^
  File "/Library/Frameworks/Python.framework/Versions/3.13/lib/python3.13/pathlib/_local.py", line 546, in read_text
    return PathBase.read_text(self, encoding, errors, newline)
           ~~~~~~~~~~~~~~~~~~^^^^^^^^^^^^^^^^^^^^^^^^^^^^^^^^^
  File "/Library/Frameworks/Python.framework/Versions/3.13/lib/python3.13/pathlib/_abc.py", line 632, in read_text
    with self.open(mode='r', encoding=encoding, errors=errors, newline=newline) as f:
         ~~~~~~~~~^^^^^^^^^^^^^^^^^^^^^^^^^^^^^^^^^^^^^^^^^^^^^^^^^^^^^^^^^^^^^
  File "/Library/Frameworks/Python.framework/Versions/3.13/lib/python3.13/pathlib/_local.py", line 537, in open
    return io.open(self, mode, buffering, encoding, errors, newline)
           ~~~~~~~^^^^^^^^^^^^^^^^^^^^^^^^^^^^^^^^^^^^^^^^^^^^^^^^^^
FileNotFoundError: [Errno 2] No such file or directory: '/Users/lucawurker/Desktop/Imperial/Master Thesis/QuantFundAgent/quant_fund_agent/factors/researcher/gp_0187.py'
 factor analysis L0WF_gp_s0 rc=1
13:31:06 INFO    Loading panel from ticker_data (fields=['accountsPayable', 'acquisitionsNet', 'assetGrowth', 'assetTurnover', 'bookValuePerShare', 'bookValuePerShareGrowth', 'capex', 'capexPerShare', 'capexToOperatingCashFlow', 'capexToRevenue', 'cash', 'cashConversionCycle', 'cashPerShare', 'cashRatio', 'changeInWorkingCapital', 'close', 'costOfRevenue', 'currentRatio', 'daysInventoryOutstanding', 'daysPayablesOutstanding', 'daysSalesOutstanding', 'debtGrowth', 'debtToAssets', 'debtToCapital', 'debtToEquity', 'depreciationAmortization', 'dividendPayoutRatio', 'dividendPerShareGrowth', 'dividendYield', 'dividendsPaid', 'earningsYield', 'ebit', 'ebitGrowth', 'ebitMargin', 'ebitda', 'ebitdaGrowth', 'ebitdaMargin', 'enterpriseValue', 'eps', 'epsActual', 'epsDiluted', 'epsDilutedGrowth', 'epsEstimate', 'epsGrowth', 'epsSurprise', 'evToEbitda', 'evToFreeCashFlow', 'evToOperatingCashFlow', 'evToSales', 'financialLeverage', 'freeCashFlow', 'freeCashFlowGrowth', 'freeCashFlowPerShare', 'freeCashFlowYield', 'goodwill', 'grahamNumber', 'grossMargin', 'grossProfit', 'grossProfitGrowth', 'high', 'incomeBeforeTax', 'incomeQuality', 'incomeTaxExpense', 'industry', 'intangibleAssets', 'intangiblesToAssets', 'interestCoverage', 'interestExpense', 'inventory', 'inventoryGrowth', 'inventoryTurnover', 'investedCapital', 'longTermDebt', 'low', 'marketCap', 'netDebtIssuance', 'netDebtToEbitda', 'netIncome', 'netIncomeGrowth', 'netIncomeGrowth3Y', 'netIncomeGrowth5Y', 'netIncomePerShare', 'netMargin', 'netStockIssuance', 'open', 'operatingCashFlow', 'operatingCashFlowGrowth', 'operatingCashFlowPerShare', 'operatingCycle', 'operatingExpenses', 'operatingIncome', 'operatingIncomeGrowth', 'operatingMargin', 'payablesTurnover', 'pbRatio', 'peRatio', 'pegRatio', 'pfcfRatio', 'pocfRatio', 'ppe', 'pretaxMargin', 'psRatio', 'quickRatio', 'rdExpense', 'rdExpenseGrowth', 'rdToRevenue', 'receivables', 'receivablesGrowth', 'receivablesTurnover', 'retainedEarnings', 'returns', 'revenue', 'revenueActual', 'revenueEstimate', 'revenueGrowth', 'revenueGrowth3Y', 'revenueGrowth5Y', 'revenuePerShare', 'revenueSurprise', 'roa', 'roce', 'roe', 'roic', 'sbcToRevenue', 'sector', 'sgaExpense', 'sgaExpenseGrowth', 'sgaToRevenue', 'shareRepurchase', 'sharesDiluted', 'sharesGrowth', 'sharesOutstanding', 'shortTermDebt', 'stockBasedCompensation', 'tangibleBookValuePerShare', 'totalAssets', 'totalCurrentAssets', 'totalCurrentLiabilities', 'totalDebt', 'totalEquity', 'totalLiabilities', 'volume', 'vwap', 'workingCapital'], n_tickers=all) …
13:32:12 INFO    Panel loaded in 66.2s (232 tickers, 144 fields)
/Users/lucawurker/Desktop/Imperial/Master Thesis/QuantFundAgent/venv/lib/python3.13/site-packages/numpy/lib/_nanfunctions_impl.py:1997: RuntimeWarning: Degrees of freedom <= 0 for slice.
  var = nanvar(a, axis=axis, dtype=dtype, out=out, ddof=ddof,
/Users/lucawurker/Desktop/Imperial/Master Thesis/QuantFundAgent/venv/lib/python3.13/site-packages/pandas/core/internals/blocks.py:347: RuntimeWarning: divide by zero encountered in log
  result = func(self.values, **kwargs)
/Users/lucawurker/Desktop/Imperial/Master Thesis/QuantFundAgent/venv/lib/python3.13/site-packages/pandas/core/internals/blocks.py:347: RuntimeWarning: divide by zero encountered in log
  result = func(self.values, **kwargs)
/Users/lucawurker/Desktop/Imperial/Master Thesis/QuantFundAgent/venv/lib/python3.13/site-packages/pandas/core/internals/blocks.py:347: RuntimeWarning: divide by zero encountered in log
  result = func(self.values, **kwargs)
/Users/lucawurker/Desktop/Imperial/Master Thesis/QuantFundAgent/venv/lib/python3.13/site-packages/pandas/core/internals/blocks.py:347: RuntimeWarning: divide by zero encountered in log
  result = func(self.values, **kwargs)
/Users/lucawurker/Desktop/Imperial/Master Thesis/QuantFundAgent/venv/lib/python3.13/site-packages/pandas/core/internals/blocks.py:347: RuntimeWarning: divide by zero encountered in log
  result = func(self.values, **kwargs)
/Users/lucawurker/Desktop/Imperial/Master Thesis/QuantFundAgent/venv/lib/python3.13/site-packages/pandas/core/internals/blocks.py:347: RuntimeWarning: divide by zero encountered in log
  result = func(self.values, **kwargs)
/Users/lucawurker/Desktop/Imperial/Master Thesis/QuantFundAgent/venv/lib/python3.13/site-packages/pandas/core/internals/blocks.py:347: RuntimeWarning: divide by zero encountered in log
  result = func(self.values, **kwargs)
/Users/lucawurker/Desktop/Imperial/Master Thesis/QuantFundAgent/venv/lib/python3.13/site-packages/pandas/core/internals/blocks.py:347: RuntimeWarning: divide by zero encountered in log
  result = func(self.values, **kwargs)
/Users/lucawurker/Desktop/Imperial/Master Thesis/QuantFundAgent/venv/lib/python3.13/site-packages/pandas/core/internals/blocks.py:347: RuntimeWarning: divide by zero encountered in log
  result = func(self.values, **kwargs)
/Users/lucawurker/Desktop/Imperial/Master Thesis/QuantFundAgent/venv/lib/python3.13/site-packages/pandas/core/internals/blocks.py:347: RuntimeWarning: divide by zero encountered in log
  result = func(self.values, **kwargs)
/Users/lucawurker/Desktop/Imperial/Master Thesis/QuantFundAgent/venv/lib/python3.13/site-packages/pandas/core/internals/blocks.py:347: RuntimeWarning: divide by zero encountered in log
  result = func(self.values, **kwargs)
/Users/lucawurker/Desktop/Imperial/Master Thesis/QuantFundAgent/venv/lib/python3.13/site-packages/pandas/core/internals/blocks.py:347: RuntimeWarning: divide by zero encountered in log
  result = func(self.values, **kwargs)
/Users/lucawurker/Desktop/Imperial/Master Thesis/QuantFundAgent/venv/lib/python3.13/site-packages/pandas/core/internals/blocks.py:347: RuntimeWarning: divide by zero encountered in log
  result = func(self.values, **kwargs)
/Users/lucawurker/Desktop/Imperial/Master Thesis/QuantFundAgent/venv/lib/python3.13/site-packages/pandas/core/internals/blocks.py:347: RuntimeWarning: divide by zero encountered in log
  result = func(self.values, **kwargs)
/Users/lucawurker/Desktop/Imperial/Master Thesis/QuantFundAgent/venv/lib/python3.13/site-packages/pandas/core/internals/blocks.py:347: RuntimeWarning: divide by zero encountered in log
  result = func(self.values, **kwargs)
/Users/lucawurker/Desktop/Imperial/Master Thesis/QuantFundAgent/venv/lib/python3.13/site-packages/pandas/core/internals/blocks.py:347: RuntimeWarning: divide by zero encountered in log
  result = func(self.values, **kwargs)
/Users/lucawurker/Desktop/Imperial/Master Thesis/QuantFundAgent/venv/lib/python3.13/site-packages/pandas/core/internals/blocks.py:347: RuntimeWarning: divide by zero encountered in log
  result = func(self.values, **kwargs)
/Users/lucawurker/Desktop/Imperial/Master Thesis/QuantFundAgent/venv/lib/python3.13/site-packages/pandas/core/internals/blocks.py:347: RuntimeWarning: divide by zero encountered in log
  result = func(self.values, **kwargs)
/Users/lucawurker/Desktop/Imperial/Master Thesis/QuantFundAgent/venv/lib/python3.13/site-packages/pandas/core/internals/blocks.py:347: RuntimeWarning: divide by zero encountered in log
  result = func(self.values, **kwargs)
/Users/lucawurker/Desktop/Imperial/Master Thesis/QuantFundAgent/venv/lib/python3.13/site-packages/pandas/core/internals/blocks.py:347: RuntimeWarning: divide by zero encountered in log
  result = func(self.values, **kwargs)
/Users/lucawurker/Desktop/Imperial/Master Thesis/QuantFundAgent/venv/lib/python3.13/site-packages/pandas/core/internals/blocks.py:347: RuntimeWarning: divide by zero encountered in log
  result = func(self.values, **kwargs)
/Users/lucawurker/Desktop/Imperial/Master Thesis/QuantFundAgent/venv/lib/python3.13/site-packages/pandas/core/internals/blocks.py:347: RuntimeWarning: divide by zero encountered in log
  result = func(self.values, **kwargs)
/Users/lucawurker/Desktop/Imperial/Master Thesis/QuantFundAgent/venv/lib/python3.13/site-packages/pandas/core/internals/blocks.py:347: RuntimeWarning: divide by zero encountered in log
  result = func(self.values, **kwargs)
/Users/lucawurker/Desktop/Imperial/Master Thesis/QuantFundAgent/venv/lib/python3.13/site-packages/pandas/core/internals/blocks.py:347: RuntimeWarning: divide by zero encountered in log
  result = func(self.values, **kwargs)
/Users/lucawurker/Desktop/Imperial/Master Thesis/QuantFundAgent/venv/lib/python3.13/site-packages/pandas/core/internals/blocks.py:347: RuntimeWarning: divide by zero encountered in log
  result = func(self.values, **kwargs)
/Users/lucawurker/Desktop/Imperial/Master Thesis/QuantFundAgent/venv/lib/python3.13/site-packages/pandas/core/internals/blocks.py:347: RuntimeWarning: divide by zero encountered in log
  result = func(self.values, **kwargs)
/Users/lucawurker/Desktop/Imperial/Master Thesis/QuantFundAgent/venv/lib/python3.13/site-packages/pandas/core/internals/blocks.py:347: RuntimeWarning: divide by zero encountered in log
  result = func(self.values, **kwargs)
/Users/lucawurker/Desktop/Imperial/Master Thesis/QuantFundAgent/venv/lib/python3.13/site-packages/pandas/core/internals/blocks.py:347: RuntimeWarning: divide by zero encountered in log
  result = func(self.values, **kwargs)
/Users/lucawurker/Desktop/Imperial/Master Thesis/QuantFundAgent/venv/lib/python3.13/site-packages/pandas/core/internals/blocks.py:347: RuntimeWarning: divide by zero encountered in log
  result = func(self.values, **kwargs)
/Users/lucawurker/Desktop/Imperial/Master Thesis/QuantFundAgent/venv/lib/python3.13/site-packages/pandas/core/internals/blocks.py:347: RuntimeWarning: divide by zero encountered in log
  result = func(self.values, **kwargs)
/Users/lucawurker/Desktop/Imperial/Master Thesis/QuantFundAgent/venv/lib/python3.13/site-packages/pandas/core/internals/blocks.py:347: RuntimeWarning: divide by zero encountered in log
  result = func(self.values, **kwargs)
/Users/lucawurker/Desktop/Imperial/Master Thesis/QuantFundAgent/venv/lib/python3.13/site-packages/pandas/core/internals/blocks.py:347: RuntimeWarning: divide by zero encountered in log
  result = func(self.values, **kwargs)
/Users/lucawurker/Desktop/Imperial/Master Thesis/QuantFundAgent/venv/lib/python3.13/site-packages/pandas/core/internals/blocks.py:347: RuntimeWarning: divide by zero encountered in log
  result = func(self.values, **kwargs)
/Users/lucawurker/Desktop/Imperial/Master Thesis/QuantFundAgent/venv/lib/python3.13/site-packages/pandas/core/internals/blocks.py:347: RuntimeWarning: divide by zero encountered in log
  result = func(self.values, **kwargs)
/Users/lucawurker/Desktop/Imperial/Master Thesis/QuantFundAgent/venv/lib/python3.13/site-packages/pandas/core/internals/blocks.py:347: RuntimeWarning: divide by zero encountered in log
  result = func(self.values, **kwargs)
/Users/lucawurker/Desktop/Imperial/Master Thesis/QuantFundAgent/venv/lib/python3.13/site-packages/pandas/core/internals/blocks.py:347: RuntimeWarning: divide by zero encountered in log
  result = func(self.values, **kwargs)
/Users/lucawurker/Desktop/Imperial/Master Thesis/QuantFundAgent/venv/lib/python3.13/site-packages/pandas/core/internals/blocks.py:347: RuntimeWarning: divide by zero encountered in log
  result = func(self.values, **kwargs)
/Users/lucawurker/Desktop/Imperial/Master Thesis/QuantFundAgent/venv/lib/python3.13/site-packages/pandas/core/internals/blocks.py:347: RuntimeWarning: divide by zero encountered in log
  result = func(self.values, **kwargs)
/Users/lucawurker/Desktop/Imperial/Master Thesis/QuantFundAgent/venv/lib/python3.13/site-packages/pandas/core/internals/blocks.py:347: RuntimeWarning: divide by zero encountered in log
  result = func(self.values, **kwargs)
/Users/lucawurker/Desktop/Imperial/Master Thesis/QuantFundAgent/venv/lib/python3.13/site-packages/pandas/core/internals/blocks.py:347: RuntimeWarning: divide by zero encountered in log
  result = func(self.values, **kwargs)
/Users/lucawurker/Desktop/Imperial/Master Thesis/QuantFundAgent/venv/lib/python3.13/site-packages/pandas/core/internals/blocks.py:347: RuntimeWarning: divide by zero encountered in log
  result = func(self.values, **kwargs)
/Users/lucawurker/Desktop/Imperial/Master Thesis/QuantFundAgent/venv/lib/python3.13/site-packages/pandas/core/internals/blocks.py:347: RuntimeWarning: divide by zero encountered in log
  result = func(self.values, **kwargs)
/Users/lucawurker/Desktop/Imperial/Master Thesis/QuantFundAgent/venv/lib/python3.13/site-packages/pandas/core/internals/blocks.py:347: RuntimeWarning: divide by zero encountered in log
  result = func(self.values, **kwargs)
/Users/lucawurker/Desktop/Imperial/Master Thesis/QuantFundAgent/venv/lib/python3.13/site-packages/pandas/core/internals/blocks.py:347: RuntimeWarning: divide by zero encountered in log
  result = func(self.values, **kwargs)
/Users/lucawurker/Desktop/Imperial/Master Thesis/QuantFundAgent/venv/lib/python3.13/site-packages/pandas/core/internals/blocks.py:347: RuntimeWarning: divide by zero encountered in log
  result = func(self.values, **kwargs)
/Users/lucawurker/Desktop/Imperial/Master Thesis/QuantFundAgent/venv/lib/python3.13/site-packages/pandas/core/internals/blocks.py:347: RuntimeWarning: divide by zero encountered in log
  result = func(self.values, **kwargs)
/Users/lucawurker/Desktop/Imperial/Master Thesis/QuantFundAgent/venv/lib/python3.13/site-packages/pandas/core/internals/blocks.py:347: RuntimeWarning: divide by zero encountered in log
  result = func(self.values, **kwargs)
/Users/lucawurker/Desktop/Imperial/Master Thesis/QuantFundAgent/venv/lib/python3.13/site-packages/pandas/core/internals/blocks.py:347: RuntimeWarning: divide by zero encountered in log
  result = func(self.values, **kwargs)
/Users/lucawurker/Desktop/Imperial/Master Thesis/QuantFundAgent/venv/lib/python3.13/site-packages/pandas/core/internals/blocks.py:347: RuntimeWarning: divide by zero encountered in log
  result = func(self.values, **kwargs)
/Users/lucawurker/Desktop/Imperial/Master Thesis/QuantFundAgent/venv/lib/python3.13/site-packages/pandas/core/internals/blocks.py:347: RuntimeWarning: divide by zero encountered in log
  result = func(self.values, **kwargs)
/Users/lucawurker/Desktop/Imperial/Master Thesis/QuantFundAgent/venv/lib/python3.13/site-packages/pandas/core/internals/blocks.py:347: RuntimeWarning: divide by zero encountered in log
  result = func(self.values, **kwargs)
/Users/lucawurker/Desktop/Imperial/Master Thesis/QuantFundAgent/venv/lib/python3.13/site-packages/pandas/core/internals/blocks.py:347: RuntimeWarning: divide by zero encountered in log
  result = func(self.values, **kwargs)
/Users/lucawurker/Desktop/Imperial/Master Thesis/QuantFundAgent/venv/lib/python3.13/site-packages/pandas/core/internals/blocks.py:347: RuntimeWarning: divide by zero encountered in log
  result = func(self.values, **kwargs)
/Users/lucawurker/Desktop/Imperial/Master Thesis/QuantFundAgent/venv/lib/python3.13/site-packages/pandas/core/internals/blocks.py:347: RuntimeWarning: divide by zero encountered in log
  result = func(self.values, **kwargs)
/Users/lucawurker/Desktop/Imperial/Master Thesis/QuantFundAgent/venv/lib/python3.13/site-packages/pandas/core/internals/blocks.py:347: RuntimeWarning: divide by zero encountered in log
  result = func(self.values, **kwargs)
/Users/lucawurker/Desktop/Imperial/Master Thesis/QuantFundAgent/venv/lib/python3.13/site-packages/pandas/core/internals/blocks.py:347: RuntimeWarning: divide by zero encountered in log
  result = func(self.values, **kwargs)
/Users/lucawurker/Desktop/Imperial/Master Thesis/QuantFundAgent/venv/lib/python3.13/site-packages/pandas/core/internals/blocks.py:347: RuntimeWarning: divide by zero encountered in log
  result = func(self.values, **kwargs)
/Users/lucawurker/Desktop/Imperial/Master Thesis/QuantFundAgent/venv/lib/python3.13/site-packages/pandas/core/internals/blocks.py:347: RuntimeWarning: divide by zero encountered in log
  result = func(self.values, **kwargs)
/Users/lucawurker/Desktop/Imperial/Master Thesis/QuantFundAgent/venv/lib/python3.13/site-packages/pandas/core/internals/blocks.py:347: RuntimeWarning: divide by zero encountered in log
  result = func(self.values, **kwargs)
/Users/lucawurker/Desktop/Imperial/Master Thesis/QuantFundAgent/venv/lib/python3.13/site-packages/pandas/core/internals/blocks.py:347: RuntimeWarning: divide by zero encountered in log
  result = func(self.values, **kwargs)
/Users/lucawurker/Desktop/Imperial/Master Thesis/QuantFundAgent/venv/lib/python3.13/site-packages/pandas/core/internals/blocks.py:347: RuntimeWarning: divide by zero encountered in log
  result = func(self.values, **kwargs)
/Users/lucawurker/Desktop/Imperial/Master Thesis/QuantFundAgent/venv/lib/python3.13/site-packages/pandas/core/internals/blocks.py:347: RuntimeWarning: divide by zero encountered in log
  result = func(self.values, **kwargs)
/Users/lucawurker/Desktop/Imperial/Master Thesis/QuantFundAgent/venv/lib/python3.13/site-packages/pandas/core/internals/blocks.py:347: RuntimeWarning: divide by zero encountered in log
  result = func(self.values, **kwargs)
/Users/lucawurker/Desktop/Imperial/Master Thesis/QuantFundAgent/venv/lib/python3.13/site-packages/pandas/core/internals/blocks.py:347: RuntimeWarning: divide by zero encountered in log
  result = func(self.values, **kwargs)
/Users/lucawurker/Desktop/Imperial/Master Thesis/QuantFundAgent/venv/lib/python3.13/site-packages/pandas/core/internals/blocks.py:347: RuntimeWarning: divide by zero encountered in log
  result = func(self.values, **kwargs)
/Users/lucawurker/Desktop/Imperial/Master Thesis/QuantFundAgent/venv/lib/python3.13/site-packages/pandas/core/internals/blocks.py:347: RuntimeWarning: divide by zero encountered in log
  result = func(self.values, **kwargs)
/Users/lucawurker/Desktop/Imperial/Master Thesis/QuantFundAgent/venv/lib/python3.13/site-packages/pandas/core/internals/blocks.py:347: RuntimeWarning: divide by zero encountered in log
  result = func(self.values, **kwargs)
/Users/lucawurker/Desktop/Imperial/Master Thesis/QuantFundAgent/venv/lib/python3.13/site-packages/pandas/core/internals/blocks.py:347: RuntimeWarning: divide by zero encountered in log
  result = func(self.values, **kwargs)
/Users/lucawurker/Desktop/Imperial/Master Thesis/QuantFundAgent/venv/lib/python3.13/site-packages/pandas/core/internals/blocks.py:347: RuntimeWarning: divide by zero encountered in log
  result = func(self.values, **kwargs)
/Users/lucawurker/Desktop/Imperial/Master Thesis/QuantFundAgent/venv/lib/python3.13/site-packages/pandas/core/internals/blocks.py:347: RuntimeWarning: divide by zero encountered in log
  result = func(self.values, **kwargs)
/Users/lucawurker/Desktop/Imperial/Master Thesis/QuantFundAgent/venv/lib/python3.13/site-packages/pandas/core/internals/blocks.py:347: RuntimeWarning: divide by zero encountered in log
  result = func(self.values, **kwargs)
/Users/lucawurker/Desktop/Imperial/Master Thesis/QuantFundAgent/venv/lib/python3.13/site-packages/pandas/core/internals/blocks.py:347: RuntimeWarning: divide by zero encountered in log
  result = func(self.values, **kwargs)
/Users/lucawurker/Desktop/Imperial/Master Thesis/QuantFundAgent/venv/lib/python3.13/site-packages/pandas/core/internals/blocks.py:347: RuntimeWarning: divide by zero encountered in log
  result = func(self.values, **kwargs)
/Users/lucawurker/Desktop/Imperial/Master Thesis/QuantFundAgent/venv/lib/python3.13/site-packages/pandas/core/internals/blocks.py:347: RuntimeWarning: divide by zero encountered in log
  result = func(self.values, **kwargs)
/Users/lucawurker/Desktop/Imperial/Master Thesis/QuantFundAgent/venv/lib/python3.13/site-packages/pandas/core/internals/blocks.py:347: RuntimeWarning: divide by zero encountered in log
  result = func(self.values, **kwargs)
/Users/lucawurker/Desktop/Imperial/Master Thesis/QuantFundAgent/venv/lib/python3.13/site-packages/pandas/core/internals/blocks.py:347: RuntimeWarning: divide by zero encountered in log
  result = func(self.values, **kwargs)
/Users/lucawurker/Desktop/Imperial/Master Thesis/QuantFundAgent/venv/lib/python3.13/site-packages/pandas/core/internals/blocks.py:347: RuntimeWarning: divide by zero encountered in log
  result = func(self.values, **kwargs)
/Users/lucawurker/Desktop/Imperial/Master Thesis/QuantFundAgent/venv/lib/python3.13/site-packages/pandas/core/internals/blocks.py:347: RuntimeWarning: divide by zero encountered in log
  result = func(self.values, **kwargs)
/Users/lucawurker/Desktop/Imperial/Master Thesis/QuantFundAgent/venv/lib/python3.13/site-packages/pandas/core/internals/blocks.py:347: RuntimeWarning: divide by zero encountered in log
  result = func(self.values, **kwargs)
/Users/lucawurker/Desktop/Imperial/Master Thesis/QuantFundAgent/venv/lib/python3.13/site-packages/pandas/core/internals/blocks.py:347: RuntimeWarning: divide by zero encountered in log
  result = func(self.values, **kwargs)
/Users/lucawurker/Desktop/Imperial/Master Thesis/QuantFundAgent/venv/lib/python3.13/site-packages/pandas/core/internals/blocks.py:347: RuntimeWarning: divide by zero encountered in log
  result = func(self.values, **kwargs)
/Users/lucawurker/Desktop/Imperial/Master Thesis/QuantFundAgent/venv/lib/python3.13/site-packages/pandas/core/internals/blocks.py:347: RuntimeWarning: divide by zero encountered in log
  result = func(self.values, **kwargs)
<factor:partial_correlation_bridge_shock_relay>:98: RuntimeWarning: invalid value encountered in divide
/Users/lucawurker/Desktop/Imperial/Master Thesis/QuantFundAgent/venv/lib/python3.13/site-packages/pandas/core/internals/blocks.py:347: RuntimeWarning: divide by zero encountered in log
  result = func(self.values, **kwargs)
13:37:01 INFO    [L1HB_terra_s0] 170/170 signals; blocks=10; methods=['ic', 'ridge', 'lasso', 'lightgbm']
13:37:06 INFO    [L1HB_terra_s0] g11 ic: n=170 ic=0.0382
13:37:11 INFO    [L1HB_terra_s0] g11 ridge: n=170 ic=0.0339
/Users/lucawurker/Desktop/Imperial/Master Thesis/QuantFundAgent/venv/lib/python3.13/site-packages/sklearn/linear_model/_coordinate_descent.py:1663: FutureWarning: 'n_alphas' was deprecated in 1.7 and will be removed in 1.9. 'alphas' now accepts an integer value which removes the need to pass 'n_alphas'. The default value of 'alphas' will change from None to 100 in 1.9. Pass an explicit value to 'alphas' and leave 'n_alphas' to its default value to silence this warning.
  warnings.warn(
13:37:12 INFO    [L1HB_terra_s0] g11 lasso: n=170 ic=0.0574
/Users/lucawurker/Desktop/Imperial/Master Thesis/QuantFundAgent/venv/lib/python3.13/site-packages/sklearn/utils/validation.py:2691: UserWarning: X does not have valid feature names, but LGBMRegressor was fitted with feature names
  warnings.warn(
13:37:18 INFO    [L1HB_terra_s0] g11 lightgbm: n=170 ic=0.0143
13:37:23 INFO    [L1HB_terra_s0] g12 ic: n=170 ic=0.1041
13:37:28 INFO    [L1HB_terra_s0] g12 ridge: n=170 ic=0.0959
/Users/lucawurker/Desktop/Imperial/Master Thesis/QuantFundAgent/venv/lib/python3.13/site-packages/sklearn/linear_model/_coordinate_descent.py:1663: FutureWarning: 'n_alphas' was deprecated in 1.7 and will be removed in 1.9. 'alphas' now accepts an integer value which removes the need to pass 'n_alphas'. The default value of 'alphas' will change from None to 100 in 1.9. Pass an explicit value to 'alphas' and leave 'n_alphas' to its default value to silence this warning.
  warnings.warn(
13:37:30 INFO    [L1HB_terra_s0] g12 lasso: n=170 ic=0.1072
/Users/lucawurker/Desktop/Imperial/Master Thesis/QuantFundAgent/venv/lib/python3.13/site-packages/sklearn/utils/validation.py:2691: UserWarning: X does not have valid feature names, but LGBMRegressor was fitted with feature names
  warnings.warn(
13:37:36 INFO    [L1HB_terra_s0] g12 lightgbm: n=170 ic=0.0950
13:37:41 INFO    [L1HB_terra_s0] g13 ic: n=170 ic=0.0622
13:37:47 INFO    [L1HB_terra_s0] g13 ridge: n=170 ic=0.0523
/Users/lucawurker/Desktop/Imperial/Master Thesis/QuantFundAgent/venv/lib/python3.13/site-packages/sklearn/linear_model/_coordinate_descent.py:1663: FutureWarning: 'n_alphas' was deprecated in 1.7 and will be removed in 1.9. 'alphas' now accepts an integer value which removes the need to pass 'n_alphas'. The default value of 'alphas' will change from None to 100 in 1.9. Pass an explicit value to 'alphas' and leave 'n_alphas' to its default value to silence this warning.
  warnings.warn(
13:37:48 INFO    [L1HB_terra_s0] g13 lasso: n=170 ic=0.0700
/Users/lucawurker/Desktop/Imperial/Master Thesis/QuantFundAgent/venv/lib/python3.13/site-packages/sklearn/utils/validation.py:2691: UserWarning: X does not have valid feature names, but LGBMRegressor was fitted with feature names
  warnings.warn(
13:37:55 INFO    [L1HB_terra_s0] g13 lightgbm: n=170 ic=0.0404
13:38:00 INFO    [L1HB_terra_s0] g14 ic: n=170 ic=0.0931
13:38:06 INFO    [L1HB_terra_s0] g14 ridge: n=170 ic=0.1065
/Users/lucawurker/Desktop/Imperial/Master Thesis/QuantFundAgent/venv/lib/python3.13/site-packages/sklearn/linear_model/_coordinate_descent.py:1663: FutureWarning: 'n_alphas' was deprecated in 1.7 and will be removed in 1.9. 'alphas' now accepts an integer value which removes the need to pass 'n_alphas'. The default value of 'alphas' will change from None to 100 in 1.9. Pass an explicit value to 'alphas' and leave 'n_alphas' to its default value to silence this warning.
  warnings.warn(
13:38:08 INFO    [L1HB_terra_s0] g14 lasso: n=170 ic=0.1016
/Users/lucawurker/Desktop/Imperial/Master Thesis/QuantFundAgent/venv/lib/python3.13/site-packages/sklearn/utils/validation.py:2691: UserWarning: X does not have valid feature names, but LGBMRegressor was fitted with feature names
  warnings.warn(
13:38:16 INFO    [L1HB_terra_s0] g14 lightgbm: n=170 ic=0.0955
13:38:22 INFO    [L1HB_terra_s0] g15 ic: n=170 ic=0.0404
13:38:29 INFO    [L1HB_terra_s0] g15 ridge: n=170 ic=0.0173
/Users/lucawurker/Desktop/Imperial/Master Thesis/QuantFundAgent/venv/lib/python3.13/site-packages/sklearn/linear_model/_coordinate_descent.py:1663: FutureWarning: 'n_alphas' was deprecated in 1.7 and will be removed in 1.9. 'alphas' now accepts an integer value which removes the need to pass 'n_alphas'. The default value of 'alphas' will change from None to 100 in 1.9. Pass an explicit value to 'alphas' and leave 'n_alphas' to its default value to silence this warning.
  warnings.warn(
13:38:31 INFO    [L1HB_terra_s0] g15 lasso: n=170 ic=0.0304
/Users/lucawurker/Desktop/Imperial/Master Thesis/QuantFundAgent/venv/lib/python3.13/site-packages/sklearn/utils/validation.py:2691: UserWarning: X does not have valid feature names, but LGBMRegressor was fitted with feature names
  warnings.warn(
13:38:44 INFO    [L1HB_terra_s0] g15 lightgbm: n=170 ic=0.0249
13:38:50 INFO    [L1HB_terra_s0] g16 ic: n=170 ic=0.0760
13:38:59 INFO    [L1HB_terra_s0] g16 ridge: n=170 ic=0.0765
/Users/lucawurker/Desktop/Imperial/Master Thesis/QuantFundAgent/venv/lib/python3.13/site-packages/sklearn/linear_model/_coordinate_descent.py:1663: FutureWarning: 'n_alphas' was deprecated in 1.7 and will be removed in 1.9. 'alphas' now accepts an integer value which removes the need to pass 'n_alphas'. The default value of 'alphas' will change from None to 100 in 1.9. Pass an explicit value to 'alphas' and leave 'n_alphas' to its default value to silence this warning.
  warnings.warn(
13:39:01 INFO    [L1HB_terra_s0] g16 lasso: n=170 ic=0.0799
/Users/lucawurker/Desktop/Imperial/Master Thesis/QuantFundAgent/venv/lib/python3.13/site-packages/sklearn/utils/validation.py:2691: UserWarning: X does not have valid feature names, but LGBMRegressor was fitted with feature names
  warnings.warn(
13:39:15 INFO    [L1HB_terra_s0] g16 lightgbm: n=170 ic=0.0409
13:39:21 INFO    [L1HB_terra_s0] g17 ic: n=170 ic=0.0717
13:39:29 INFO    [L1HB_terra_s0] g17 ridge: n=170 ic=0.0555
/Users/lucawurker/Desktop/Imperial/Master Thesis/QuantFundAgent/venv/lib/python3.13/site-packages/sklearn/linear_model/_coordinate_descent.py:1663: FutureWarning: 'n_alphas' was deprecated in 1.7 and will be removed in 1.9. 'alphas' now accepts an integer value which removes the need to pass 'n_alphas'. The default value of 'alphas' will change from None to 100 in 1.9. Pass an explicit value to 'alphas' and leave 'n_alphas' to its default value to silence this warning.
  warnings.warn(
13:39:31 INFO    [L1HB_terra_s0] g17 lasso: n=170 ic=0.0863
/Users/lucawurker/Desktop/Imperial/Master Thesis/QuantFundAgent/venv/lib/python3.13/site-packages/sklearn/utils/validation.py:2691: UserWarning: X does not have valid feature names, but LGBMRegressor was fitted with feature names
  warnings.warn(
13:39:43 INFO    [L1HB_terra_s0] g17 lightgbm: n=170 ic=0.0596
13:39:49 INFO    [L1HB_terra_s0] g18 ic: n=170 ic=0.0698
13:39:57 INFO    [L1HB_terra_s0] g18 ridge: n=170 ic=0.0487
/Users/lucawurker/Desktop/Imperial/Master Thesis/QuantFundAgent/venv/lib/python3.13/site-packages/sklearn/linear_model/_coordinate_descent.py:1663: FutureWarning: 'n_alphas' was deprecated in 1.7 and will be removed in 1.9. 'alphas' now accepts an integer value which removes the need to pass 'n_alphas'. The default value of 'alphas' will change from None to 100 in 1.9. Pass an explicit value to 'alphas' and leave 'n_alphas' to its default value to silence this warning.
  warnings.warn(
13:39:59 INFO    [L1HB_terra_s0] g18 lasso: n=170 ic=0.0821
/Users/lucawurker/Desktop/Imperial/Master Thesis/QuantFundAgent/venv/lib/python3.13/site-packages/sklearn/utils/validation.py:2691: UserWarning: X does not have valid feature names, but LGBMRegressor was fitted with feature names
  warnings.warn(
13:40:10 INFO    [L1HB_terra_s0] g18 lightgbm: n=170 ic=0.0354
13:40:16 INFO    [L1HB_terra_s0] g19 ic: n=170 ic=0.0714
13:40:24 INFO    [L1HB_terra_s0] g19 ridge: n=170 ic=0.0595
/Users/lucawurker/Desktop/Imperial/Master Thesis/QuantFundAgent/venv/lib/python3.13/site-packages/sklearn/linear_model/_coordinate_descent.py:1663: FutureWarning: 'n_alphas' was deprecated in 1.7 and will be removed in 1.9. 'alphas' now accepts an integer value which removes the need to pass 'n_alphas'. The default value of 'alphas' will change from None to 100 in 1.9. Pass an explicit value to 'alphas' and leave 'n_alphas' to its default value to silence this warning.
  warnings.warn(
13:40:26 INFO    [L1HB_terra_s0] g19 lasso: n=170 ic=0.0805
/Users/lucawurker/Desktop/Imperial/Master Thesis/QuantFundAgent/venv/lib/python3.13/site-packages/sklearn/utils/validation.py:2691: UserWarning: X does not have valid feature names, but LGBMRegressor was fitted with feature names
  warnings.warn(
13:40:37 INFO    [L1HB_terra_s0] g19 lightgbm: n=170 ic=0.0696
13:40:43 INFO    [L1HB_terra_s0] g20 ic: n=170 ic=0.0457
13:40:51 INFO    [L1HB_terra_s0] g20 ridge: n=170 ic=0.0331
/Users/lucawurker/Desktop/Imperial/Master Thesis/QuantFundAgent/venv/lib/python3.13/site-packages/sklearn/linear_model/_coordinate_descent.py:1663: FutureWarning: 'n_alphas' was deprecated in 1.7 and will be removed in 1.9. 'alphas' now accepts an integer value which removes the need to pass 'n_alphas'. The default value of 'alphas' will change from None to 100 in 1.9. Pass an explicit value to 'alphas' and leave 'n_alphas' to its default value to silence this warning.
  warnings.warn(
13:40:53 INFO    [L1HB_terra_s0] g20 lasso: n=170 ic=0.0551
/Users/lucawurker/Desktop/Imperial/Master Thesis/QuantFundAgent/venv/lib/python3.13/site-packages/sklearn/utils/validation.py:2691: UserWarning: X does not have valid feature names, but LGBMRegressor was fitted with feature names
  warnings.warn(
13:41:04 INFO    [L1HB_terra_s0] g20 lightgbm: n=170 ic=0.0459
13:41:04 INFO    [L1HB_terra_s0] summary:
        label   method  blockmean  blockstd  hit  n_blocks  mean_n_factors
L1HB_terra_s0       ic   0.067251  0.021596  1.0        10           170.0
L1HB_terra_s0    lasso   0.075051  0.022848  1.0        10           170.0
L1HB_terra_s0 lightgbm   0.052147  0.027554  1.0        10           170.0
L1HB_terra_s0    ridge   0.057909  0.028118  1.0        10           170.0
 PIT race L1HB rc=1
13:41:05 INFO    replay VERIFIED: final archive 46/46, evictions 220/220 match
13:41:06 INFO    Loading panel from ticker_data (fields=['accountsPayable', 'acquisitionsNet', 'assetGrowth', 'assetTurnover', 'bookValuePerShare', 'bookValuePerShareGrowth', 'capex', 'capexPerShare', 'capexToOperatingCashFlow', 'capexToRevenue', 'cash', 'cashConversionCycle', 'cashPerShare', 'cashRatio', 'changeInWorkingCapital', 'close', 'costOfRevenue', 'currentRatio', 'daysInventoryOutstanding', 'daysPayablesOutstanding', 'daysSalesOutstanding', 'debtGrowth', 'debtToAssets', 'debtToCapital', 'debtToEquity', 'depreciationAmortization', 'dividendPayoutRatio', 'dividendPerShareGrowth', 'dividendYield', 'dividendsPaid', 'earningsYield', 'ebit', 'ebitGrowth', 'ebitMargin', 'ebitda', 'ebitdaGrowth', 'ebitdaMargin', 'enterpriseValue', 'eps', 'epsActual', 'epsDiluted', 'epsDilutedGrowth', 'epsEstimate', 'epsGrowth', 'epsSurprise', 'evToEbitda', 'evToFreeCashFlow', 'evToOperatingCashFlow', 'evToSales', 'financialLeverage', 'freeCashFlow', 'freeCashFlowGrowth', 'freeCashFlowPerShare', 'freeCashFlowYield', 'goodwill', 'grahamNumber', 'grossMargin', 'grossProfit', 'grossProfitGrowth', 'high', 'incomeBeforeTax', 'incomeQuality', 'incomeTaxExpense', 'industry', 'intangibleAssets', 'intangiblesToAssets', 'interestCoverage', 'interestExpense', 'inventory', 'inventoryGrowth', 'inventoryTurnover', 'investedCapital', 'longTermDebt', 'low', 'marketCap', 'netDebtIssuance', 'netDebtToEbitda', 'netIncome', 'netIncomeGrowth', 'netIncomeGrowth3Y', 'netIncomeGrowth5Y', 'netIncomePerShare', 'netMargin', 'netStockIssuance', 'open', 'operatingCashFlow', 'operatingCashFlowGrowth', 'operatingCashFlowPerShare', 'operatingCycle', 'operatingExpenses', 'operatingIncome', 'operatingIncomeGrowth', 'operatingMargin', 'payablesTurnover', 'pbRatio', 'peRatio', 'pegRatio', 'pfcfRatio', 'pocfRatio', 'ppe', 'pretaxMargin', 'psRatio', 'quickRatio', 'rdExpense', 'rdExpenseGrowth', 'rdToRevenue', 'receivables', 'receivablesGrowth', 'receivablesTurnover', 'retainedEarnings', 'returns', 'revenue', 'revenueActual', 'revenueEstimate', 'revenueGrowth', 'revenueGrowth3Y', 'revenueGrowth5Y', 'revenuePerShare', 'revenueSurprise', 'roa', 'roce', 'roe', 'roic', 'sbcToRevenue', 'sector', 'sgaExpense', 'sgaExpenseGrowth', 'sgaToRevenue', 'shareRepurchase', 'sharesDiluted', 'sharesGrowth', 'sharesOutstanding', 'shortTermDebt', 'stockBasedCompensation', 'tangibleBookValuePerShare', 'totalAssets', 'totalCurrentAssets', 'totalCurrentLiabilities', 'totalDebt', 'totalEquity', 'totalLiabilities', 'volume', 'vwap', 'workingCapital'], n_tickers=all) …
13:42:14 INFO    Panel loaded in 68.0s (232 tickers, 144 fields)
/Users/lucawurker/Desktop/Imperial/Master Thesis/QuantFundAgent/venv/lib/python3.13/site-packages/numpy/lib/_nanfunctions_impl.py:1997: RuntimeWarning: Degrees of freedom <= 0 for slice.
  var = nanvar(a, axis=axis, dtype=dtype, out=out, ddof=ddof,
/Users/lucawurker/Desktop/Imperial/Master Thesis/QuantFundAgent/venv/lib/python3.13/site-packages/numpy/lib/_nanfunctions_impl.py:1997: RuntimeWarning: Degrees of freedom <= 0 for slice.
  var = nanvar(a, axis=axis, dtype=dtype, out=out, ddof=ddof,
/Users/lucawurker/Desktop/Imperial/Master Thesis/QuantFundAgent/venv/lib/python3.13/site-packages/pandas/core/internals/blocks.py:347: RuntimeWarning: divide by zero encountered in log
  result = func(self.values, **kwargs)
13:43:30 INFO    [L4D_terra_s0] 126/126 signals; blocks=10; methods=['ic', 'ridge', 'lasso', 'lightgbm']
13:43:31 INFO    [L4D_terra_s0] g11 ic: n=45 ic=0.0613
13:43:32 INFO    [L4D_terra_s0] g11 ridge: n=45 ic=0.0505
/Users/lucawurker/Desktop/Imperial/Master Thesis/QuantFundAgent/venv/lib/python3.13/site-packages/sklearn/linear_model/_coordinate_descent.py:1663: FutureWarning: 'n_alphas' was deprecated in 1.7 and will be removed in 1.9. 'alphas' now accepts an integer value which removes the need to pass 'n_alphas'. The default value of 'alphas' will change from None to 100 in 1.9. Pass an explicit value to 'alphas' and leave 'n_alphas' to its default value to silence this warning.
  warnings.warn(
13:43:33 INFO    [L4D_terra_s0] g11 lasso: n=45 ic=0.0341
/Users/lucawurker/Desktop/Imperial/Master Thesis/QuantFundAgent/venv/lib/python3.13/site-packages/sklearn/utils/validation.py:2691: UserWarning: X does not have valid feature names, but LGBMRegressor was fitted with feature names
  warnings.warn(
13:43:36 INFO    [L4D_terra_s0] g11 lightgbm: n=45 ic=0.0087
13:43:37 INFO    [L4D_terra_s0] g12 ic: n=47 ic=0.0716
13:43:38 INFO    [L4D_terra_s0] g12 ridge: n=47 ic=0.0530
/Users/lucawurker/Desktop/Imperial/Master Thesis/QuantFundAgent/venv/lib/python3.13/site-packages/sklearn/linear_model/_coordinate_descent.py:1663: FutureWarning: 'n_alphas' was deprecated in 1.7 and will be removed in 1.9. 'alphas' now accepts an integer value which removes the need to pass 'n_alphas'. The default value of 'alphas' will change from None to 100 in 1.9. Pass an explicit value to 'alphas' and leave 'n_alphas' to its default value to silence this warning.
  warnings.warn(
/Users/lucawurker/Desktop/Imperial/Master Thesis/QuantFundAgent/venv/lib/python3.13/site-packages/sklearn/linear_model/_coordinate_descent.py:701: ConvergenceWarning: Objective did not converge. You might want to increase the number of iterations, check the scale of the features or consider increasing regularisation. Duality gap: 8.323e+01, tolerance: 1.937e+01
  model = cd_fast.enet_coordinate_descent_gram(
13:43:39 INFO    [L4D_terra_s0] g12 lasso: n=47 ic=0.0479
/Users/lucawurker/Desktop/Imperial/Master Thesis/QuantFundAgent/venv/lib/python3.13/site-packages/sklearn/utils/validation.py:2691: UserWarning: X does not have valid feature names, but LGBMRegressor was fitted with feature names
  warnings.warn(
13:43:43 INFO    [L4D_terra_s0] g12 lightgbm: n=47 ic=0.0668
13:43:44 INFO    [L4D_terra_s0] g13 ic: n=40 ic=0.0821
13:43:45 INFO    [L4D_terra_s0] g13 ridge: n=40 ic=0.0724
/Users/lucawurker/Desktop/Imperial/Master Thesis/QuantFundAgent/venv/lib/python3.13/site-packages/sklearn/linear_model/_coordinate_descent.py:1663: FutureWarning: 'n_alphas' was deprecated in 1.7 and will be removed in 1.9. 'alphas' now accepts an integer value which removes the need to pass 'n_alphas'. The default value of 'alphas' will change from None to 100 in 1.9. Pass an explicit value to 'alphas' and leave 'n_alphas' to its default value to silence this warning.
  warnings.warn(
13:43:45 INFO    [L4D_terra_s0] g13 lasso: n=40 ic=0.0647
/Users/lucawurker/Desktop/Imperial/Master Thesis/QuantFundAgent/venv/lib/python3.13/site-packages/sklearn/utils/validation.py:2691: UserWarning: X does not have valid feature names, but LGBMRegressor was fitted with feature names
  warnings.warn(
13:43:48 INFO    [L4D_terra_s0] g13 lightgbm: n=40 ic=-0.0371
13:43:49 INFO    [L4D_terra_s0] g14 ic: n=42 ic=0.1102
13:43:51 INFO    [L4D_terra_s0] g14 ridge: n=42 ic=0.0941
/Users/lucawurker/Desktop/Imperial/Master Thesis/QuantFundAgent/venv/lib/python3.13/site-packages/sklearn/linear_model/_coordinate_descent.py:1663: FutureWarning: 'n_alphas' was deprecated in 1.7 and will be removed in 1.9. 'alphas' now accepts an integer value which removes the need to pass 'n_alphas'. The default value of 'alphas' will change from None to 100 in 1.9. Pass an explicit value to 'alphas' and leave 'n_alphas' to its default value to silence this warning.
  warnings.warn(
/Users/lucawurker/Desktop/Imperial/Master Thesis/QuantFundAgent/venv/lib/python3.13/site-packages/sklearn/linear_model/_coordinate_descent.py:701: ConvergenceWarning: Objective did not converge. You might want to increase the number of iterations, check the scale of the features or consider increasing regularisation. Duality gap: 3.116e+01, tolerance: 2.566e+01
  model = cd_fast.enet_coordinate_descent_gram(
/Users/lucawurker/Desktop/Imperial/Master Thesis/QuantFundAgent/venv/lib/python3.13/site-packages/sklearn/linear_model/_coordinate_descent.py:701: ConvergenceWarning: Objective did not converge. You might want to increase the number of iterations, check the scale of the features or consider increasing regularisation. Duality gap: 1.003e+02, tolerance: 1.931e+01
  model = cd_fast.enet_coordinate_descent_gram(
/Users/lucawurker/Desktop/Imperial/Master Thesis/QuantFundAgent/venv/lib/python3.13/site-packages/sklearn/linear_model/_coordinate_descent.py:701: ConvergenceWarning: Objective did not converge. You might want to increase the number of iterations, check the scale of the features or consider increasing regularisation. Duality gap: 2.709e+01, tolerance: 2.375e+01
  model = cd_fast.enet_coordinate_descent_gram(
/Users/lucawurker/Desktop/Imperial/Master Thesis/QuantFundAgent/venv/lib/python3.13/site-packages/sklearn/linear_model/_coordinate_descent.py:701: ConvergenceWarning: Objective did not converge. You might want to increase the number of iterations, check the scale of the features or consider increasing regularisation. Duality gap: 1.708e+02, tolerance: 2.532e+01
  model = cd_fast.enet_coordinate_descent_gram(
/Users/lucawurker/Desktop/Imperial/Master Thesis/QuantFundAgent/venv/lib/python3.13/site-packages/sklearn/linear_model/_coordinate_descent.py:701: ConvergenceWarning: Objective did not converge. You might want to increase the number of iterations, check the scale of the features or consider increasing regularisation. Duality gap: 1.974e+02, tolerance: 2.566e+01
  model = cd_fast.enet_coordinate_descent_gram(
/Users/lucawurker/Desktop/Imperial/Master Thesis/QuantFundAgent/venv/lib/python3.13/site-packages/sklearn/linear_model/_coordinate_descent.py:701: ConvergenceWarning: Objective did not converge. You might want to increase the number of iterations, check the scale of the features or consider increasing regularisation. Duality gap: 1.655e+02, tolerance: 1.931e+01
  model = cd_fast.enet_coordinate_descent_gram(
/Users/lucawurker/Desktop/Imperial/Master Thesis/QuantFundAgent/venv/lib/python3.13/site-packages/sklearn/linear_model/_coordinate_descent.py:701: ConvergenceWarning: Objective did not converge. You might want to increase the number of iterations, check the scale of the features or consider increasing regularisation. Duality gap: 5.542e+01, tolerance: 2.375e+01
  model = cd_fast.enet_coordinate_descent_gram(
/Users/lucawurker/Desktop/Imperial/Master Thesis/QuantFundAgent/venv/lib/python3.13/site-packages/sklearn/linear_model/_coordinate_descent.py:701: ConvergenceWarning: Objective did not converge. You might want to increase the number of iterations, check the scale of the features or consider increasing regularisation. Duality gap: 1.863e+02, tolerance: 2.532e+01
  model = cd_fast.enet_coordinate_descent_gram(
/Users/lucawurker/Desktop/Imperial/Master Thesis/QuantFundAgent/venv/lib/python3.13/site-packages/sklearn/linear_model/_coordinate_descent.py:701: ConvergenceWarning: Objective did not converge. You might want to increase the number of iterations, check the scale of the features or consider increasing regularisation. Duality gap: 2.174e+02, tolerance: 2.566e+01
  model = cd_fast.enet_coordinate_descent_gram(
13:43:51 INFO    [L4D_terra_s0] g14 lasso: n=42 ic=0.0886
/Users/lucawurker/Desktop/Imperial/Master Thesis/QuantFundAgent/venv/lib/python3.13/site-packages/sklearn/utils/validation.py:2691: UserWarning: X does not have valid feature names, but LGBMRegressor was fitted with feature names
  warnings.warn(
13:43:55 INFO    [L4D_terra_s0] g14 lightgbm: n=42 ic=0.1074
13:43:56 INFO    [L4D_terra_s0] g15 ic: n=38 ic=0.0779
13:43:57 INFO    [L4D_terra_s0] g15 ridge: n=38 ic=0.0585
/Users/lucawurker/Desktop/Imperial/Master Thesis/QuantFundAgent/venv/lib/python3.13/site-packages/sklearn/linear_model/_coordinate_descent.py:1663: FutureWarning: 'n_alphas' was deprecated in 1.7 and will be removed in 1.9. 'alphas' now accepts an integer value which removes the need to pass 'n_alphas'. The default value of 'alphas' will change from None to 100 in 1.9. Pass an explicit value to 'alphas' and leave 'n_alphas' to its default value to silence this warning.
  warnings.warn(
/Users/lucawurker/Desktop/Imperial/Master Thesis/QuantFundAgent/venv/lib/python3.13/site-packages/sklearn/linear_model/_coordinate_descent.py:701: ConvergenceWarning: Objective did not converge. You might want to increase the number of iterations, check the scale of the features or consider increasing regularisation. Duality gap: 3.330e+01, tolerance: 2.211e+01
  model = cd_fast.enet_coordinate_descent_gram(
/Users/lucawurker/Desktop/Imperial/Master Thesis/QuantFundAgent/venv/lib/python3.13/site-packages/sklearn/linear_model/_coordinate_descent.py:701: ConvergenceWarning: Objective did not converge. You might want to increase the number of iterations, check the scale of the features or consider increasing regularisation. Duality gap: 1.570e+02, tolerance: 2.647e+01
  model = cd_fast.enet_coordinate_descent_gram(
/Users/lucawurker/Desktop/Imperial/Master Thesis/QuantFundAgent/venv/lib/python3.13/site-packages/sklearn/linear_model/_coordinate_descent.py:701: ConvergenceWarning: Objective did not converge. You might want to increase the number of iterations, check the scale of the features or consider increasing regularisation. Duality gap: 1.764e+02, tolerance: 2.444e+01
  model = cd_fast.enet_coordinate_descent_gram(
/Users/lucawurker/Desktop/Imperial/Master Thesis/QuantFundAgent/venv/lib/python3.13/site-packages/sklearn/linear_model/_coordinate_descent.py:701: ConvergenceWarning: Objective did not converge. You might want to increase the number of iterations, check the scale of the features or consider increasing regularisation. Duality gap: 1.701e+02, tolerance: 2.211e+01
  model = cd_fast.enet_coordinate_descent_gram(
/Users/lucawurker/Desktop/Imperial/Master Thesis/QuantFundAgent/venv/lib/python3.13/site-packages/sklearn/linear_model/_coordinate_descent.py:701: ConvergenceWarning: Objective did not converge. You might want to increase the number of iterations, check the scale of the features or consider increasing regularisation. Duality gap: 1.717e+02, tolerance: 2.647e+01
  model = cd_fast.enet_coordinate_descent_gram(
/Users/lucawurker/Desktop/Imperial/Master Thesis/QuantFundAgent/venv/lib/python3.13/site-packages/sklearn/linear_model/_coordinate_descent.py:701: ConvergenceWarning: Objective did not converge. You might want to increase the number of iterations, check the scale of the features or consider increasing regularisation. Duality gap: 2.033e+02, tolerance: 2.444e+01
  model = cd_fast.enet_coordinate_descent_gram(
/Users/lucawurker/Desktop/Imperial/Master Thesis/QuantFundAgent/venv/lib/python3.13/site-packages/sklearn/linear_model/_coordinate_descent.py:701: ConvergenceWarning: Objective did not converge. You might want to increase the number of iterations, check the scale of the features or consider increasing regularisation. Duality gap: 1.875e+02, tolerance: 2.211e+01
  model = cd_fast.enet_coordinate_descent_gram(
13:43:57 INFO    [L4D_terra_s0] g15 lasso: n=38 ic=0.0590
/Users/lucawurker/Desktop/Imperial/Master Thesis/QuantFundAgent/venv/lib/python3.13/site-packages/sklearn/utils/validation.py:2691: UserWarning: X does not have valid feature names, but LGBMRegressor was fitted with feature names
  warnings.warn(
13:44:01 INFO    [L4D_terra_s0] g15 lightgbm: n=38 ic=0.0050
13:44:02 INFO    [L4D_terra_s0] g16 ic: n=36 ic=0.1005
13:44:03 INFO    [L4D_terra_s0] g16 ridge: n=36 ic=0.0568
/Users/lucawurker/Desktop/Imperial/Master Thesis/QuantFundAgent/venv/lib/python3.13/site-packages/sklearn/linear_model/_coordinate_descent.py:1663: FutureWarning: 'n_alphas' was deprecated in 1.7 and will be removed in 1.9. 'alphas' now accepts an integer value which removes the need to pass 'n_alphas'. The default value of 'alphas' will change from None to 100 in 1.9. Pass an explicit value to 'alphas' and leave 'n_alphas' to its default value to silence this warning.
  warnings.warn(
13:44:03 INFO    [L4D_terra_s0] g16 lasso: n=36 ic=0.0599
/Users/lucawurker/Desktop/Imperial/Master Thesis/QuantFundAgent/venv/lib/python3.13/site-packages/sklearn/utils/validation.py:2691: UserWarning: X does not have valid feature names, but LGBMRegressor was fitted with feature names
  warnings.warn(
13:44:07 INFO    [L4D_terra_s0] g16 lightgbm: n=36 ic=0.0754
13:44:08 INFO    [L4D_terra_s0] g17 ic: n=44 ic=0.0966
13:44:09 INFO    [L4D_terra_s0] g17 ridge: n=44 ic=0.0662
/Users/lucawurker/Desktop/Imperial/Master Thesis/QuantFundAgent/venv/lib/python3.13/site-packages/sklearn/linear_model/_coordinate_descent.py:1663: FutureWarning: 'n_alphas' was deprecated in 1.7 and will be removed in 1.9. 'alphas' now accepts an integer value which removes the need to pass 'n_alphas'. The default value of 'alphas' will change from None to 100 in 1.9. Pass an explicit value to 'alphas' and leave 'n_alphas' to its default value to silence this warning.
  warnings.warn(
13:44:10 INFO    [L4D_terra_s0] g17 lasso: n=44 ic=0.0749
/Users/lucawurker/Desktop/Imperial/Master Thesis/QuantFundAgent/venv/lib/python3.13/site-packages/sklearn/utils/validation.py:2691: UserWarning: X does not have valid feature names, but LGBMRegressor was fitted with feature names
  warnings.warn(
13:44:14 INFO    [L4D_terra_s0] g17 lightgbm: n=44 ic=0.0768
13:44:15 INFO    [L4D_terra_s0] g18 ic: n=40 ic=0.1204
13:44:17 INFO    [L4D_terra_s0] g18 ridge: n=40 ic=0.0673
/Users/lucawurker/Desktop/Imperial/Master Thesis/QuantFundAgent/venv/lib/python3.13/site-packages/sklearn/linear_model/_coordinate_descent.py:1663: FutureWarning: 'n_alphas' was deprecated in 1.7 and will be removed in 1.9. 'alphas' now accepts an integer value which removes the need to pass 'n_alphas'. The default value of 'alphas' will change from None to 100 in 1.9. Pass an explicit value to 'alphas' and leave 'n_alphas' to its default value to silence this warning.
  warnings.warn(
/Users/lucawurker/Desktop/Imperial/Master Thesis/QuantFundAgent/venv/lib/python3.13/site-packages/sklearn/linear_model/_coordinate_descent.py:701: ConvergenceWarning: Objective did not converge. You might want to increase the number of iterations, check the scale of the features or consider increasing regularisation. Duality gap: 6.062e+01, tolerance: 2.806e+01
  model = cd_fast.enet_coordinate_descent_gram(
13:44:17 WARNING [L4D_terra_s0] g18 lasso FAILED: Gram matrix passed in via 'precompute' parameter did not pass validation when a single element was checked - please check that it was computed properly. For element (20,21) we computed 8.577880859375 but the user-supplied value was 8.578922271728516.
/Users/lucawurker/Desktop/Imperial/Master Thesis/QuantFundAgent/venv/lib/python3.13/site-packages/sklearn/utils/validation.py:2691: UserWarning: X does not have valid feature names, but LGBMRegressor was fitted with feature names
  warnings.warn(
13:44:21 INFO    [L4D_terra_s0] g18 lightgbm: n=40 ic=-0.0006
13:44:23 INFO    [L4D_terra_s0] g19 ic: n=45 ic=0.1056
13:44:24 INFO    [L4D_terra_s0] g19 ridge: n=45 ic=0.0796
/Users/lucawurker/Desktop/Imperial/Master Thesis/QuantFundAgent/venv/lib/python3.13/site-packages/sklearn/linear_model/_coordinate_descent.py:1663: FutureWarning: 'n_alphas' was deprecated in 1.7 and will be removed in 1.9. 'alphas' now accepts an integer value which removes the need to pass 'n_alphas'. The default value of 'alphas' will change from None to 100 in 1.9. Pass an explicit value to 'alphas' and leave 'n_alphas' to its default value to silence this warning.
  warnings.warn(
/Users/lucawurker/Desktop/Imperial/Master Thesis/QuantFundAgent/venv/lib/python3.13/site-packages/sklearn/linear_model/_coordinate_descent.py:701: ConvergenceWarning: Objective did not converge. You might want to increase the number of iterations, check the scale of the features or consider increasing regularisation. Duality gap: 5.097e+01, tolerance: 2.749e+01
  model = cd_fast.enet_coordinate_descent_gram(
13:44:25 INFO    [L4D_terra_s0] g19 lasso: n=45 ic=0.1013
/Users/lucawurker/Desktop/Imperial/Master Thesis/QuantFundAgent/venv/lib/python3.13/site-packages/sklearn/utils/validation.py:2691: UserWarning: X does not have valid feature names, but LGBMRegressor was fitted with feature names
  warnings.warn(
13:44:30 INFO    [L4D_terra_s0] g19 lightgbm: n=45 ic=0.0669
13:44:31 INFO    [L4D_terra_s0] g20 ic: n=48 ic=0.0820
13:44:33 INFO    [L4D_terra_s0] g20 ridge: n=48 ic=0.0818
/Users/lucawurker/Desktop/Imperial/Master Thesis/QuantFundAgent/venv/lib/python3.13/site-packages/sklearn/linear_model/_coordinate_descent.py:1663: FutureWarning: 'n_alphas' was deprecated in 1.7 and will be removed in 1.9. 'alphas' now accepts an integer value which removes the need to pass 'n_alphas'. The default value of 'alphas' will change from None to 100 in 1.9. Pass an explicit value to 'alphas' and leave 'n_alphas' to its default value to silence this warning.
  warnings.warn(
/Users/lucawurker/Desktop/Imperial/Master Thesis/QuantFundAgent/venv/lib/python3.13/site-packages/sklearn/linear_model/_coordinate_descent.py:701: ConvergenceWarning: Objective did not converge. You might want to increase the number of iterations, check the scale of the features or consider increasing regularisation. Duality gap: 4.709e+01, tolerance: 2.765e+01
  model = cd_fast.enet_coordinate_descent_gram(
/Users/lucawurker/Desktop/Imperial/Master Thesis/QuantFundAgent/venv/lib/python3.13/site-packages/sklearn/linear_model/_coordinate_descent.py:701: ConvergenceWarning: Objective did not converge. You might want to increase the number of iterations, check the scale of the features or consider increasing regularisation. Duality gap: 1.299e+02, tolerance: 3.046e+01
  model = cd_fast.enet_coordinate_descent_gram(
/Users/lucawurker/Desktop/Imperial/Master Thesis/QuantFundAgent/venv/lib/python3.13/site-packages/sklearn/linear_model/_coordinate_descent.py:701: ConvergenceWarning: Objective did not converge. You might want to increase the number of iterations, check the scale of the features or consider increasing regularisation. Duality gap: 1.414e+02, tolerance: 3.191e+01
  model = cd_fast.enet_coordinate_descent_gram(
13:44:34 INFO    [L4D_terra_s0] g20 lasso: n=48 ic=0.0788
/Users/lucawurker/Desktop/Imperial/Master Thesis/QuantFundAgent/venv/lib/python3.13/site-packages/sklearn/utils/validation.py:2691: UserWarning: X does not have valid feature names, but LGBMRegressor was fitted with feature names
  warnings.warn(
13:44:39 INFO    [L4D_terra_s0] g20 lightgbm: n=48 ic=0.0496
13:44:39 INFO    [L4D_terra_s0] summary:
       label   method  blockmean  blockstd  hit  n_blocks  mean_n_factors
L4D_terra_s0       ic   0.090820  0.018723  1.0        10       42.500000
L4D_terra_s0    lasso   0.067684  0.020629  1.0         9       42.777778
L4D_terra_s0 lightgbm   0.041878  0.045276  0.8        10       42.500000
L4D_terra_s0    ridge   0.068025  0.014053  1.0        10       42.500000
 PIT race L4D rc=1
 phase 2: L4IC supervisor start
13:44:40  INFO     run_factor_evolution    Evolution run into scope 'fmp_archive_equity_nasdaq100pit/L4IC_terra_s0' (model=gpt-5.6-terra, provider=openai)
/Users/lucawurker/Desktop/Imperial/Master Thesis/QuantFundAgent/venv/lib/python3.13/site-packages/langgraph/cache/base/__init__.py:8: LangChainPendingDeprecationWarning: The default value of `allowed_objects` will change in a future version. Pass an explicit value (e.g., allowed_objects='messages' or allowed_objects='core') to suppress this warning.
  from langgraph.checkpoint.serde.jsonplus import JsonPlusSerializer
13:44:42  INFO     evolution.loop          graphrag group 0 seeding: focus='Community 1: 34 mechanism(s) (analyst sentiment revision drift, compounding amplification, cross-channel loading anti-al' mechanisms=[]
13:44:43  INFO     knowledge.embed_store   embed cache hit: 1723 papers, 12025 chunks
13:44:45  INFO     httpx                   HTTP Request: POST https://api.openai.com/v1/embeddings "HTTP/1.1 200 OK"
13:44:45  INFO     knowledge.retrieval     retrieved 4 paper(s) [application_of_deep_learning_for_factor_timing_in_asset_mana, statistical_arbitrage_in_multi_pair_trading_strategy_based_o, value_matters_predictability_of_stock_index_returns, risk_management_and_return_prediction] for cardinality=1toN
13:45:33  INFO     httpx                   HTTP Request: POST https://api.openai.com/v1/chat/completions "HTTP/1.1 200 OK"
13:46:06  INFO     httpx                   HTTP Request: POST https://api.openai.com/v1/chat/completions "HTTP/1.1 200 OK"
13:47:01  INFO     httpx                   HTTP Request: POST https://api.openai.com/v1/chat/completions "HTTP/1.1 200 OK"
13:47:29  INFO     httpx                   HTTP Request: POST https://api.openai.com/v1/chat/completions "HTTP/1.1 200 OK"
13:49:29  INFO     openai._base_client     Retrying request to /chat/completions in 0.432666 seconds
13:49:53  INFO     httpx                   HTTP Request: POST https://api.openai.com/v1/chat/completions "HTTP/1.1 200 OK"
13:49:54  INFO     factor_research         [session evo-seed-0-group-0-creative] brainstorm call (own-knowledge, asked 1, 9370 tok): 144.8s
13:50:07  INFO     httpx                   HTTP Request: POST https://api.openai.com/v1/chat/completions "HTTP/1.1 200 OK"
13:50:20  INFO     httpx                   HTTP Request: POST https://api.openai.com/v1/chat/completions "HTTP/1.1 200 OK"
13:50:28  INFO     httpx                   HTTP Request: POST https://api.openai.com/v1/chat/completions "HTTP/1.1 200 OK"
13:50:30  INFO     httpx                   HTTP Request: POST https://api.openai.com/v1/chat/completions "HTTP/1.1 200 OK"
13:50:32  INFO     httpx                   HTTP Request: POST https://api.openai.com/v1/chat/completions "HTTP/1.1 200 OK"
13:50:32  INFO     evolution.loop          [seed:stable_peer_revision_diffusion_gap] codegen attempt failed (calc() raised on synthetic data: DataFrame.groupby() got an unexpected keyword argument 'axis')
13:50:34  INFO     httpx                   HTTP Request: POST https://api.openai.com/v1/chat/completions "HTTP/1.1 200 OK"
13:50:35  INFO     httpx                   HTTP Request: POST https://api.openai.com/v1/chat/completions "HTTP/1.1 200 OK"
13:50:35  INFO     httpx                   HTTP Request: POST https://api.openai.com/v1/chat/completions "HTTP/1.1 200 OK"
13:50:35  INFO     evolution.loop          [seed:earnings_anchor_momentum_deceleration] codegen attempt failed (calc() raised on synthetic data: Length of values (10) does not match length of index (200))
13:50:45  INFO     httpx                   HTTP Request: POST https://api.openai.com/v1/chat/completions "HTTP/1.1 200 OK"
13:50:57  INFO     httpx                   HTTP Request: POST https://api.openai.com/v1/chat/completions "HTTP/1.1 200 OK"
13:51:06  INFO     httpx                   HTTP Request: POST https://api.openai.com/v1/chat/completions "HTTP/1.1 200 OK"
13:51:06  INFO     evolution.loop          [seed:consensus_revision_batch_isolation_drift] codegen attempt failed (calc() raised on synthetic data: dropna must be unspecified as the new implementation does not introduce rows of NA values. This argument will be removed in a future version of pandas.)
13:51:09  INFO     httpx                   HTTP Request: POST https://api.openai.com/v1/chat/completions "HTTP/1.1 200 OK"
13:51:13  INFO     httpx                   HTTP Request: POST https://api.openai.com/v1/chat/completions "HTTP/1.1 200 OK"
13:51:14  INFO     httpx                   HTTP Request: POST https://api.openai.com/v1/chat/completions "HTTP/1.1 200 OK"
13:51:14  INFO     evolution.loop          [seed:stable_peer_revision_diffusion_gap] codegen attempt failed (calc() raised on synthetic data: boolean index did not match indexed array along axis 0; size of axis is 200 but size of corresponding boolean axis is 6)
13:51:43  INFO     httpx                   HTTP Request: POST https://api.openai.com/v1/chat/completions "HTTP/1.1 200 OK"
13:51:43  INFO     evolution.loop          seeded 11/12 program(s) from 12 idea(s)
13:51:43  INFO     research.service        Loading panel from ticker_data (fields=['accountsPayable', 'acquisitionsNet', 'assetGrowth', 'assetTurnover', 'bookValuePerShare', 'bookValuePerShareGrowth', 'capex', 'capexPerShare', 'capexToOperatingCashFlow', 'capexToRevenue', 'cash', 'cashConversionCycle', 'cashPerShare', 'cashRatio', 'changeInWorkingCapital', 'close', 'costOfRevenue', 'currentRatio', 'daysInventoryOutstanding', 'daysPayablesOutstanding', 'daysSalesOutstanding', 'debtGrowth', 'debtToAssets', 'debtToCapital', 'debtToEquity', 'depreciationAmortization', 'dividendPayoutRatio', 'dividendPerShareGrowth', 'dividendYield', 'dividendsPaid', 'earningsYield', 'ebit', 'ebitGrowth', 'ebitMargin', 'ebitda', 'ebitdaGrowth', 'ebitdaMargin', 'enterpriseValue', 'eps', 'epsActual', 'epsDiluted', 'epsDilutedGrowth', 'epsEstimate', 'epsGrowth', 'epsSurprise', 'evToEbitda', 'evToFreeCashFlow', 'evToOperatingCashFlow', 'evToSales', 'financialLeverage', 'freeCashFlow', 'freeCashFlowGrowth', 'freeCashFlowPerShare', 'freeCashFlowYield', 'goodwill', 'grahamNumber', 'grossMargin', 'grossProfit', 'grossProfitGrowth', 'high', 'incomeBeforeTax', 'incomeQuality', 'incomeTaxExpense', 'industry', 'intangibleAssets', 'intangiblesToAssets', 'interestCoverage', 'interestExpense', 'inventory', 'inventoryGrowth', 'inventoryTurnover', 'investedCapital', 'longTermDebt', 'low', 'marketCap', 'netDebtIssuance', 'netDebtToEbitda', 'netIncome', 'netIncomeGrowth', 'netIncomeGrowth3Y', 'netIncomeGrowth5Y', 'netIncomePerShare', 'netMargin', 'netStockIssuance', 'open', 'operatingCashFlow', 'operatingCashFlowGrowth', 'operatingCashFlowPerShare', 'operatingCycle', 'operatingExpenses', 'operatingIncome', 'operatingIncomeGrowth', 'operatingMargin', 'payablesTurnover', 'pbRatio', 'peRatio', 'pegRatio', 'pfcfRatio', 'pocfRatio', 'ppe', 'pretaxMargin', 'psRatio', 'quickRatio', 'rdExpense', 'rdExpenseGrowth', 'rdToRevenue', 'receivables', 'receivablesGrowth', 'receivablesTurnover', 'retainedEarnings', 'returns', 'revenue', 'revenueActual', 'revenueEstimate', 'revenueGrowth', 'revenueGrowth3Y', 'revenueGrowth5Y', 'revenuePerShare', 'revenueSurprise', 'roa', 'roce', 'roe', 'roic', 'sbcToRevenue', 'sector', 'sgaExpense', 'sgaExpenseGrowth', 'sgaToRevenue', 'shareRepurchase', 'sharesDiluted', 'sharesGrowth', 'sharesOutstanding', 'shortTermDebt', 'stockBasedCompensation', 'tangibleBookValuePerShare', 'totalAssets', 'totalCurrentAssets', 'totalCurrentLiabilities', 'totalDebt', 'totalEquity', 'totalLiabilities', 'volume', 'vwap', 'workingCapital'], n_tickers=all) …
13:52:35  INFO     research.service        Panel loaded in 51.3s (180 tickers, 144 fields)
/Users/lucawurker/Desktop/Imperial/Master Thesis/QuantFundAgent/venv/lib/python3.13/site-packages/sklearn/utils/validation.py:2691: UserWarning: X does not have valid feature names, but LGBMRegressor was fitted with feature names
  warnings.warn(
/Users/lucawurker/Desktop/Imperial/Master Thesis/QuantFundAgent/venv/lib/python3.13/site-packages/sklearn/utils/validation.py:2691: UserWarning: X does not have valid feature names, but LGBMRegressor was fitted with feature names
  warnings.warn(
/Users/lucawurker/Desktop/Imperial/Master Thesis/QuantFundAgent/venv/lib/python3.13/site-packages/sklearn/utils/validation.py:2691: UserWarning: X does not have valid feature names, but LGBMRegressor was fitted with feature names
  warnings.warn(
/Users/lucawurker/Desktop/Imperial/Master Thesis/QuantFundAgent/venv/lib/python3.13/site-packages/sklearn/utils/validation.py:2691: UserWarning: X does not have valid feature names, but LGBMRegressor was fitted with feature names
  warnings.warn(
/Users/lucawurker/Desktop/Imperial/Master Thesis/QuantFundAgent/venv/lib/python3.13/site-packages/sklearn/utils/validation.py:2691: UserWarning: X does not have valid feature names, but LGBMRegressor was fitted with feature names
  warnings.warn(
/Users/lucawurker/Desktop/Imperial/Master Thesis/QuantFundAgent/venv/lib/python3.13/site-packages/sklearn/utils/validation.py:2691: UserWarning: X does not have valid feature names, but LGBMRegressor was fitted with feature names
  warnings.warn(
/Users/lucawurker/Desktop/Imperial/Master Thesis/QuantFundAgent/venv/lib/python3.13/site-packages/sklearn/utils/validation.py:2691: UserWarning: X does not have valid feature names, but LGBMRegressor was fitted with feature names
  warnings.warn(
/Users/lucawurker/Desktop/Imperial/Master Thesis/QuantFundAgent/venv/lib/python3.13/site-packages/sklearn/utils/validation.py:2691: UserWarning: X does not have valid feature names, but LGBMRegressor was fitted with feature names
  warnings.warn(
/Users/lucawurker/Desktop/Imperial/Master Thesis/QuantFundAgent/venv/lib/python3.13/site-packages/sklearn/utils/validation.py:2691: UserWarning: X does not have valid feature names, but LGBMRegressor was fitted with feature names
  warnings.warn(
/Users/lucawurker/Desktop/Imperial/Master Thesis/QuantFundAgent/venv/lib/python3.13/site-packages/sklearn/utils/validation.py:2691: UserWarning: X does not have valid feature names, but LGBMRegressor was fitted with feature names
  warnings.warn(
13:52:53  INFO     evolution.loop          [peer_excess_variance_correlation_rotation] evaluation failed: candidate signal failed: "['CA', 'LIFE', 'MICC', 'SHLD', 'SNDK', 'VSNT'] not in index"
13:52:53  INFO     evolution.loop          [consensus_revision_batch_isolation_drift] evaluation failed: candidate signal failed: Can only compare identically-labeled (both index and columns) DataFrame objects
13:52:54  INFO     evolution.loop          graphrag group 1 seeding: focus='Community 2: 35 mechanism(s) (Common shock propagation, Samuelson correlation effect, Samuelson effect (intensity accele' mechanisms=[]
13:52:54  INFO     knowledge.embed_store   embed cache hit: 1723 papers, 12025 chunks
13:52:55  INFO     httpx                   HTTP Request: POST https://api.openai.com/v1/embeddings "HTTP/1.1 200 OK"
13:52:55  INFO     knowledge.retrieval     retrieved 4 paper(s) [application_of_deep_learning_for_factor_timing_in_asset_mana, statistical_arbitrage_in_multi_pair_trading_strategy_based_o, risk_management_and_return_prediction, hidden_order_in_trades_predicts_the_size_of_price_moves] for cardinality=1toN
13:53:42  INFO     httpx                   HTTP Request: POST https://api.openai.com/v1/chat/completions "HTTP/1.1 200 OK"
13:54:29  INFO     httpx                   HTTP Request: POST https://api.openai.com/v1/chat/completions "HTTP/1.1 200 OK"
13:54:59  INFO     httpx                   HTTP Request: POST https://api.openai.com/v1/chat/completions "HTTP/1.1 200 OK"
13:55:22  INFO     httpx                   HTTP Request: POST https://api.openai.com/v1/chat/completions "HTTP/1.1 200 OK"
13:55:34  INFO     httpx                   HTTP Request: POST https://api.openai.com/v1/chat/completions "HTTP/1.1 200 OK"
13:55:35  INFO     factor_research         [session evo-seed-0-group-1-creative] brainstorm call (own-knowledge, asked 1, 9475 tok): 12.6s
13:56:06  INFO     httpx                   HTTP Request: POST https://api.openai.com/v1/chat/completions "HTTP/1.1 200 OK"
13:56:11  INFO     httpx                   HTTP Request: POST https://api.openai.com/v1/chat/completions "HTTP/1.1 200 OK"
13:56:14  INFO     httpx                   HTTP Request: POST https://api.openai.com/v1/chat/completions "HTTP/1.1 200 OK"
13:56:21  INFO     httpx                   HTTP Request: POST https://api.openai.com/v1/chat/completions "HTTP/1.1 200 OK"
13:56:21  INFO     httpx                   HTTP Request: POST https://api.openai.com/v1/chat/completions "HTTP/1.1 200 OK"
13:56:22  INFO     httpx                   HTTP Request: POST https://api.openai.com/v1/chat/completions "HTTP/1.1 200 OK"
13:56:27  INFO     httpx                   HTTP Request: POST https://api.openai.com/v1/chat/completions "HTTP/1.1 200 OK"
13:56:27  INFO     httpx                   HTTP Request: POST https://api.openai.com/v1/chat/completions "HTTP/1.1 200 OK"
13:56:50  INFO     httpx                   HTTP Request: POST https://api.openai.com/v1/chat/completions "HTTP/1.1 200 OK"
13:56:56  INFO     httpx                   HTTP Request: POST https://api.openai.com/v1/chat/completions "HTTP/1.1 200 OK"
13:57:01  INFO     httpx                   HTTP Request: POST https://api.openai.com/v1/chat/completions "HTTP/1.1 200 OK"
13:57:04  INFO     httpx                   HTTP Request: POST https://api.openai.com/v1/chat/completions "HTTP/1.1 200 OK"
13:57:04  INFO     evolution.loop          seeded 12/12 program(s) from 12 idea(s)
/Users/lucawurker/Desktop/Imperial/Master Thesis/QuantFundAgent/venv/lib/python3.13/site-packages/sklearn/utils/validation.py:2691: UserWarning: X does not have valid feature names, but LGBMRegressor was fitted with feature names
  warnings.warn(
13:57:05  INFO     evolution.loop          [cashcycle_buffer_sector_liquidation_relief] evaluation failed: candidate signal failed: "['GENZ'] not in index"
13:57:05  INFO     evolution.loop          [sector_mode_revision_masking_gap] evaluation failed: candidate signal failed: "['CA', 'LIFE', 'MICC', 'SHLD', 'SNDK', 'VSNT'] not in index"
13:57:05  INFO     evolution.loop          [triadic_signed_graph_frustration_repair] evaluation failed: candidate signal failed: operands could not be broadcast together with shapes (181,) (180,) 
/Users/lucawurker/Desktop/Imperial/Master Thesis/QuantFundAgent/venv/lib/python3.13/site-packages/pandas/core/internals/blocks.py:347: RuntimeWarning: divide by zero encountered in log
  result = func(self.values, **kwargs)
/Users/lucawurker/Desktop/Imperial/Master Thesis/QuantFundAgent/venv/lib/python3.13/site-packages/pandas/core/internals/blocks.py:347: RuntimeWarning: divide by zero encountered in log
  result = func(self.values, **kwargs)
/Users/lucawurker/Desktop/Imperial/Master Thesis/QuantFundAgent/venv/lib/python3.13/site-packages/pandas/core/internals/blocks.py:347: RuntimeWarning: divide by zero encountered in log
  result = func(self.values, **kwargs)
/Users/lucawurker/Desktop/Imperial/Master Thesis/QuantFundAgent/venv/lib/python3.13/site-packages/pandas/core/internals/blocks.py:347: RuntimeWarning: divide by zero encountered in log
  result = func(self.values, **kwargs)
/Users/lucawurker/Desktop/Imperial/Master Thesis/QuantFundAgent/venv/lib/python3.13/site-packages/pandas/core/internals/blocks.py:347: RuntimeWarning: divide by zero encountered in log
  result = func(self.values, **kwargs)
/Users/lucawurker/Desktop/Imperial/Master Thesis/QuantFundAgent/venv/lib/python3.13/site-packages/pandas/core/internals/blocks.py:347: RuntimeWarning: divide by zero encountered in log
  result = func(self.values, **kwargs)
/Users/lucawurker/Desktop/Imperial/Master Thesis/QuantFundAgent/venv/lib/python3.13/site-packages/pandas/core/internals/blocks.py:347: RuntimeWarning: divide by zero encountered in log
  result = func(self.values, **kwargs)
/Users/lucawurker/Desktop/Imperial/Master Thesis/QuantFundAgent/venv/lib/python3.13/site-packages/pandas/core/internals/blocks.py:347: RuntimeWarning: divide by zero encountered in log
  result = func(self.values, **kwargs)
/Users/lucawurker/Desktop/Imperial/Master Thesis/QuantFundAgent/venv/lib/python3.13/site-packages/pandas/core/internals/blocks.py:347: RuntimeWarning: divide by zero encountered in log
  result = func(self.values, **kwargs)
/Users/lucawurker/Desktop/Imperial/Master Thesis/QuantFundAgent/venv/lib/python3.13/site-packages/pandas/core/internals/blocks.py:347: RuntimeWarning: divide by zero encountered in log
  result = func(self.values, **kwargs)
/Users/lucawurker/Desktop/Imperial/Master Thesis/QuantFundAgent/venv/lib/python3.13/site-packages/pandas/core/internals/blocks.py:347: RuntimeWarning: divide by zero encountered in log
  result = func(self.values, **kwargs)
/Users/lucawurker/Desktop/Imperial/Master Thesis/QuantFundAgent/venv/lib/python3.13/site-packages/pandas/core/internals/blocks.py:347: RuntimeWarning: divide by zero encountered in log
  result = func(self.values, **kwargs)
/Users/lucawurker/Desktop/Imperial/Master Thesis/QuantFundAgent/venv/lib/python3.13/site-packages/pandas/core/internals/blocks.py:347: RuntimeWarning: divide by zero encountered in log
  result = func(self.values, **kwargs)
/Users/lucawurker/Desktop/Imperial/Master Thesis/QuantFundAgent/venv/lib/python3.13/site-packages/pandas/core/internals/blocks.py:347: RuntimeWarning: divide by zero encountered in log
  result = func(self.values, **kwargs)
/Users/lucawurker/Desktop/Imperial/Master Thesis/QuantFundAgent/venv/lib/python3.13/site-packages/pandas/core/internals/blocks.py:347: RuntimeWarning: divide by zero encountered in log
  result = func(self.values, **kwargs)
/Users/lucawurker/Desktop/Imperial/Master Thesis/QuantFundAgent/venv/lib/python3.13/site-packages/pandas/core/internals/blocks.py:347: RuntimeWarning: divide by zero encountered in log
  result = func(self.values, **kwargs)
/Users/lucawurker/Desktop/Imperial/Master Thesis/QuantFundAgent/venv/lib/python3.13/site-packages/pandas/core/internals/blocks.py:347: RuntimeWarning: divide by zero encountered in log
  result = func(self.values, **kwargs)
/Users/lucawurker/Desktop/Imperial/Master Thesis/QuantFundAgent/venv/lib/python3.13/site-packages/pandas/core/internals/blocks.py:347: RuntimeWarning: divide by zero encountered in log
  result = func(self.values, **kwargs)
/Users/lucawurker/Desktop/Imperial/Master Thesis/QuantFundAgent/venv/lib/python3.13/site-packages/pandas/core/internals/blocks.py:347: RuntimeWarning: divide by zero encountered in log
  result = func(self.values, **kwargs)
/Users/lucawurker/Desktop/Imperial/Master Thesis/QuantFundAgent/venv/lib/python3.13/site-packages/pandas/core/internals/blocks.py:347: RuntimeWarning: divide by zero encountered in log
  result = func(self.values, **kwargs)
/Users/lucawurker/Desktop/Imperial/Master Thesis/QuantFundAgent/venv/lib/python3.13/site-packages/pandas/core/internals/blocks.py:347: RuntimeWarning: divide by zero encountered in log
  result = func(self.values, **kwargs)
/Users/lucawurker/Desktop/Imperial/Master Thesis/QuantFundAgent/venv/lib/python3.13/site-packages/pandas/core/internals/blocks.py:347: RuntimeWarning: divide by zero encountered in log
  result = func(self.values, **kwargs)
/Users/lucawurker/Desktop/Imperial/Master Thesis/QuantFundAgent/venv/lib/python3.13/site-packages/pandas/core/internals/blocks.py:347: RuntimeWarning: divide by zero encountered in log
  result = func(self.values, **kwargs)
/Users/lucawurker/Desktop/Imperial/Master Thesis/QuantFundAgent/venv/lib/python3.13/site-packages/pandas/core/internals/blocks.py:347: RuntimeWarning: divide by zero encountered in log
  result = func(self.values, **kwargs)
/Users/lucawurker/Desktop/Imperial/Master Thesis/QuantFundAgent/venv/lib/python3.13/site-packages/pandas/core/internals/blocks.py:347: RuntimeWarning: divide by zero encountered in log
  result = func(self.values, **kwargs)
/Users/lucawurker/Desktop/Imperial/Master Thesis/QuantFundAgent/venv/lib/python3.13/site-packages/pandas/core/internals/blocks.py:347: RuntimeWarning: divide by zero encountered in log
  result = func(self.values, **kwargs)
/Users/lucawurker/Desktop/Imperial/Master Thesis/QuantFundAgent/venv/lib/python3.13/site-packages/pandas/core/internals/blocks.py:347: RuntimeWarning: divide by zero encountered in log
  result = func(self.values, **kwargs)
/Users/lucawurker/Desktop/Imperial/Master Thesis/QuantFundAgent/venv/lib/python3.13/site-packages/pandas/core/internals/blocks.py:347: RuntimeWarning: divide by zero encountered in log
  result = func(self.values, **kwargs)
/Users/lucawurker/Desktop/Imperial/Master Thesis/QuantFundAgent/venv/lib/python3.13/site-packages/pandas/core/internals/blocks.py:347: RuntimeWarning: divide by zero encountered in log
  result = func(self.values, **kwargs)
/Users/lucawurker/Desktop/Imperial/Master Thesis/QuantFundAgent/venv/lib/python3.13/site-packages/pandas/core/internals/blocks.py:347: RuntimeWarning: divide by zero encountered in log
  result = func(self.values, **kwargs)
/Users/lucawurker/Desktop/Imperial/Master Thesis/QuantFundAgent/venv/lib/python3.13/site-packages/pandas/core/internals/blocks.py:347: RuntimeWarning: divide by zero encountered in log
  result = func(self.values, **kwargs)
/Users/lucawurker/Desktop/Imperial/Master Thesis/QuantFundAgent/venv/lib/python3.13/site-packages/pandas/core/internals/blocks.py:347: RuntimeWarning: divide by zero encountered in log
  result = func(self.values, **kwargs)
/Users/lucawurker/Desktop/Imperial/Master Thesis/QuantFundAgent/venv/lib/python3.13/site-packages/pandas/core/internals/blocks.py:347: RuntimeWarning: divide by zero encountered in log
  result = func(self.values, **kwargs)
/Users/lucawurker/Desktop/Imperial/Master Thesis/QuantFundAgent/venv/lib/python3.13/site-packages/pandas/core/internals/blocks.py:347: RuntimeWarning: divide by zero encountered in log
  result = func(self.values, **kwargs)
/Users/lucawurker/Desktop/Imperial/Master Thesis/QuantFundAgent/venv/lib/python3.13/site-packages/pandas/core/internals/blocks.py:347: RuntimeWarning: divide by zero encountered in log
  result = func(self.values, **kwargs)
/Users/lucawurker/Desktop/Imperial/Master Thesis/QuantFundAgent/venv/lib/python3.13/site-packages/pandas/core/internals/blocks.py:347: RuntimeWarning: divide by zero encountered in log
  result = func(self.values, **kwargs)
/Users/lucawurker/Desktop/Imperial/Master Thesis/QuantFundAgent/venv/lib/python3.13/site-packages/pandas/core/internals/blocks.py:347: RuntimeWarning: divide by zero encountered in log
  result = func(self.values, **kwargs)
/Users/lucawurker/Desktop/Imperial/Master Thesis/QuantFundAgent/venv/lib/python3.13/site-packages/pandas/core/internals/blocks.py:347: RuntimeWarning: divide by zero encountered in log
  result = func(self.values, **kwargs)
/Users/lucawurker/Desktop/Imperial/Master Thesis/QuantFundAgent/venv/lib/python3.13/site-packages/pandas/core/internals/blocks.py:347: RuntimeWarning: divide by zero encountered in log
  result = func(self.values, **kwargs)
/Users/lucawurker/Desktop/Imperial/Master Thesis/QuantFundAgent/venv/lib/python3.13/site-packages/pandas/core/internals/blocks.py:347: RuntimeWarning: divide by zero encountered in log
  result = func(self.values, **kwargs)
/Users/lucawurker/Desktop/Imperial/Master Thesis/QuantFundAgent/venv/lib/python3.13/site-packages/pandas/core/internals/blocks.py:347: RuntimeWarning: divide by zero encountered in log
  result = func(self.values, **kwargs)
/Users/lucawurker/Desktop/Imperial/Master Thesis/QuantFundAgent/venv/lib/python3.13/site-packages/pandas/core/internals/blocks.py:347: RuntimeWarning: divide by zero encountered in log
  result = func(self.values, **kwargs)
/Users/lucawurker/Desktop/Imperial/Master Thesis/QuantFundAgent/venv/lib/python3.13/site-packages/pandas/core/internals/blocks.py:347: RuntimeWarning: divide by zero encountered in log
  result = func(self.values, **kwargs)
/Users/lucawurker/Desktop/Imperial/Master Thesis/QuantFundAgent/venv/lib/python3.13/site-packages/pandas/core/internals/blocks.py:347: RuntimeWarning: divide by zero encountered in log
  result = func(self.values, **kwargs)
/Users/lucawurker/Desktop/Imperial/Master Thesis/QuantFundAgent/venv/lib/python3.13/site-packages/pandas/core/internals/blocks.py:347: RuntimeWarning: divide by zero encountered in log
  result = func(self.values, **kwargs)
/Users/lucawurker/Desktop/Imperial/Master Thesis/QuantFundAgent/venv/lib/python3.13/site-packages/pandas/core/internals/blocks.py:347: RuntimeWarning: divide by zero encountered in log
  result = func(self.values, **kwargs)
/Users/lucawurker/Desktop/Imperial/Master Thesis/QuantFundAgent/venv/lib/python3.13/site-packages/pandas/core/internals/blocks.py:347: RuntimeWarning: divide by zero encountered in log
  result = func(self.values, **kwargs)
/Users/lucawurker/Desktop/Imperial/Master Thesis/QuantFundAgent/venv/lib/python3.13/site-packages/pandas/core/internals/blocks.py:347: RuntimeWarning: divide by zero encountered in log
  result = func(self.values, **kwargs)
/Users/lucawurker/Desktop/Imperial/Master Thesis/QuantFundAgent/venv/lib/python3.13/site-packages/pandas/core/internals/blocks.py:347: RuntimeWarning: divide by zero encountered in log
  result = func(self.values, **kwargs)
/Users/lucawurker/Desktop/Imperial/Master Thesis/QuantFundAgent/venv/lib/python3.13/site-packages/pandas/core/internals/blocks.py:347: RuntimeWarning: divide by zero encountered in log
  result = func(self.values, **kwargs)
/Users/lucawurker/Desktop/Imperial/Master Thesis/QuantFundAgent/venv/lib/python3.13/site-packages/pandas/core/internals/blocks.py:347: RuntimeWarning: divide by zero encountered in log
  result = func(self.values, **kwargs)
/Users/lucawurker/Desktop/Imperial/Master Thesis/QuantFundAgent/venv/lib/python3.13/site-packages/pandas/core/internals/blocks.py:347: RuntimeWarning: divide by zero encountered in log
  result = func(self.values, **kwargs)
/Users/lucawurker/Desktop/Imperial/Master Thesis/QuantFundAgent/venv/lib/python3.13/site-packages/pandas/core/internals/blocks.py:347: RuntimeWarning: divide by zero encountered in log
  result = func(self.values, **kwargs)
/Users/lucawurker/Desktop/Imperial/Master Thesis/QuantFundAgent/venv/lib/python3.13/site-packages/pandas/core/internals/blocks.py:347: RuntimeWarning: divide by zero encountered in log
  result = func(self.values, **kwargs)
/Users/lucawurker/Desktop/Imperial/Master Thesis/QuantFundAgent/venv/lib/python3.13/site-packages/pandas/core/internals/blocks.py:347: RuntimeWarning: divide by zero encountered in log
  result = func(self.values, **kwargs)
/Users/lucawurker/Desktop/Imperial/Master Thesis/QuantFundAgent/venv/lib/python3.13/site-packages/pandas/core/internals/blocks.py:347: RuntimeWarning: divide by zero encountered in log
  result = func(self.values, **kwargs)
/Users/lucawurker/Desktop/Imperial/Master Thesis/QuantFundAgent/venv/lib/python3.13/site-packages/pandas/core/internals/blocks.py:347: RuntimeWarning: divide by zero encountered in log
  result = func(self.values, **kwargs)
/Users/lucawurker/Desktop/Imperial/Master Thesis/QuantFundAgent/venv/lib/python3.13/site-packages/pandas/core/internals/blocks.py:347: RuntimeWarning: divide by zero encountered in log
  result = func(self.values, **kwargs)
/Users/lucawurker/Desktop/Imperial/Master Thesis/QuantFundAgent/venv/lib/python3.13/site-packages/pandas/core/internals/blocks.py:347: RuntimeWarning: divide by zero encountered in log
  result = func(self.values, **kwargs)
/Users/lucawurker/Desktop/Imperial/Master Thesis/QuantFundAgent/venv/lib/python3.13/site-packages/pandas/core/internals/blocks.py:347: RuntimeWarning: divide by zero encountered in log
  result = func(self.values, **kwargs)
/Users/lucawurker/Desktop/Imperial/Master Thesis/QuantFundAgent/venv/lib/python3.13/site-packages/pandas/core/internals/blocks.py:347: RuntimeWarning: divide by zero encountered in log
  result = func(self.values, **kwargs)
/Users/lucawurker/Desktop/Imperial/Master Thesis/QuantFundAgent/venv/lib/python3.13/site-packages/pandas/core/internals/blocks.py:347: RuntimeWarning: divide by zero encountered in log
  result = func(self.values, **kwargs)
/Users/lucawurker/Desktop/Imperial/Master Thesis/QuantFundAgent/venv/lib/python3.13/site-packages/pandas/core/internals/blocks.py:347: RuntimeWarning: divide by zero encountered in log
  result = func(self.values, **kwargs)
/Users/lucawurker/Desktop/Imperial/Master Thesis/QuantFundAgent/venv/lib/python3.13/site-packages/pandas/core/internals/blocks.py:347: RuntimeWarning: divide by zero encountered in log
  result = func(self.values, **kwargs)
/Users/lucawurker/Desktop/Imperial/Master Thesis/QuantFundAgent/venv/lib/python3.13/site-packages/pandas/core/internals/blocks.py:347: RuntimeWarning: divide by zero encountered in log
  result = func(self.values, **kwargs)
/Users/lucawurker/Desktop/Imperial/Master Thesis/QuantFundAgent/venv/lib/python3.13/site-packages/pandas/core/internals/blocks.py:347: RuntimeWarning: divide by zero encountered in log
  result = func(self.values, **kwargs)
/Users/lucawurker/Desktop/Imperial/Master Thesis/QuantFundAgent/venv/lib/python3.13/site-packages/pandas/core/internals/blocks.py:347: RuntimeWarning: divide by zero encountered in log
  result = func(self.values, **kwargs)
/Users/lucawurker/Desktop/Imperial/Master Thesis/QuantFundAgent/venv/lib/python3.13/site-packages/pandas/core/internals/blocks.py:347: RuntimeWarning: divide by zero encountered in log
  result = func(self.values, **kwargs)
/Users/lucawurker/Desktop/Imperial/Master Thesis/QuantFundAgent/venv/lib/python3.13/site-packages/pandas/core/internals/blocks.py:347: RuntimeWarning: divide by zero encountered in log
  result = func(self.values, **kwargs)
/Users/lucawurker/Desktop/Imperial/Master Thesis/QuantFundAgent/venv/lib/python3.13/site-packages/pandas/core/internals/blocks.py:347: RuntimeWarning: divide by zero encountered in log
  result = func(self.values, **kwargs)
/Users/lucawurker/Desktop/Imperial/Master Thesis/QuantFundAgent/venv/lib/python3.13/site-packages/pandas/core/internals/blocks.py:347: RuntimeWarning: divide by zero encountered in log
  result = func(self.values, **kwargs)
/Users/lucawurker/Desktop/Imperial/Master Thesis/QuantFundAgent/venv/lib/python3.13/site-packages/pandas/core/internals/blocks.py:347: RuntimeWarning: divide by zero encountered in log
  result = func(self.values, **kwargs)
/Users/lucawurker/Desktop/Imperial/Master Thesis/QuantFundAgent/venv/lib/python3.13/site-packages/pandas/core/internals/blocks.py:347: RuntimeWarning: divide by zero encountered in log
  result = func(self.values, **kwargs)
/Users/lucawurker/Desktop/Imperial/Master Thesis/QuantFundAgent/venv/lib/python3.13/site-packages/pandas/core/internals/blocks.py:347: RuntimeWarning: divide by zero encountered in log
  result = func(self.values, **kwargs)
/Users/lucawurker/Desktop/Imperial/Master Thesis/QuantFundAgent/venv/lib/python3.13/site-packages/pandas/core/internals/blocks.py:347: RuntimeWarning: divide by zero encountered in log
  result = func(self.values, **kwargs)
/Users/lucawurker/Desktop/Imperial/Master Thesis/QuantFundAgent/venv/lib/python3.13/site-packages/pandas/core/internals/blocks.py:347: RuntimeWarning: divide by zero encountered in log
  result = func(self.values, **kwargs)
/Users/lucawurker/Desktop/Imperial/Master Thesis/QuantFundAgent/venv/lib/python3.13/site-packages/pandas/core/internals/blocks.py:347: RuntimeWarning: divide by zero encountered in log
  result = func(self.values, **kwargs)
/Users/lucawurker/Desktop/Imperial/Master Thesis/QuantFundAgent/venv/lib/python3.13/site-packages/pandas/core/internals/blocks.py:347: RuntimeWarning: divide by zero encountered in log
  result = func(self.values, **kwargs)
/Users/lucawurker/Desktop/Imperial/Master Thesis/QuantFundAgent/venv/lib/python3.13/site-packages/pandas/core/internals/blocks.py:347: RuntimeWarning: divide by zero encountered in log
  result = func(self.values, **kwargs)
/Users/lucawurker/Desktop/Imperial/Master Thesis/QuantFundAgent/venv/lib/python3.13/site-packages/pandas/core/internals/blocks.py:347: RuntimeWarning: divide by zero encountered in log
  result = func(self.values, **kwargs)
/Users/lucawurker/Desktop/Imperial/Master Thesis/QuantFundAgent/venv/lib/python3.13/site-packages/pandas/core/internals/blocks.py:347: RuntimeWarning: divide by zero encountered in log
  result = func(self.values, **kwargs)
/Users/lucawurker/Desktop/Imperial/Master Thesis/QuantFundAgent/venv/lib/python3.13/site-packages/sklearn/utils/validation.py:2691: UserWarning: X does not have valid feature names, but LGBMRegressor was fitted with feature names
  warnings.warn(
/Users/lucawurker/Desktop/Imperial/Master Thesis/QuantFundAgent/venv/lib/python3.13/site-packages/pandas/core/internals/blocks.py:347: RuntimeWarning: divide by zero encountered in log
  result = func(self.values, **kwargs)
/Users/lucawurker/Desktop/Imperial/Master Thesis/QuantFundAgent/venv/lib/python3.13/site-packages/pandas/core/internals/blocks.py:347: RuntimeWarning: divide by zero encountered in log
  result = func(self.values, **kwargs)
/Users/lucawurker/Desktop/Imperial/Master Thesis/QuantFundAgent/venv/lib/python3.13/site-packages/sklearn/utils/validation.py:2691: UserWarning: X does not have valid feature names, but LGBMRegressor was fitted with feature names
  warnings.warn(
13:57:13  WARNING  research.service        [evaluate_fitness] jitter probe eigenmode_exposure_rotation_shock_alpha_jit0 failed (min_periods 10 must be <= window 9) — skipped
/Users/lucawurker/Desktop/Imperial/Master Thesis/QuantFundAgent/venv/lib/python3.13/site-packages/sklearn/utils/validation.py:2691: UserWarning: X does not have valid feature names, but LGBMRegressor was fitted with feature names
  warnings.warn(
13:57:16  WARNING  research.service        [evaluate_fitness] jitter probe report_clock_volatility_acceleration_gap_jit0 failed (min_periods 5 must be <= window 4) — skipped
/Users/lucawurker/Desktop/Imperial/Master Thesis/QuantFundAgent/venv/lib/python3.13/site-packages/sklearn/utils/validation.py:2691: UserWarning: X does not have valid feature names, but LGBMRegressor was fitted with feature names
  warnings.warn(
/Users/lucawurker/Desktop/Imperial/Master Thesis/QuantFundAgent/venv/lib/python3.13/site-packages/sklearn/utils/validation.py:2691: UserWarning: X does not have valid feature names, but LGBMRegressor was fitted with feature names
  warnings.warn(
/Users/lucawurker/Desktop/Imperial/Master Thesis/QuantFundAgent/venv/lib/python3.13/site-packages/sklearn/utils/validation.py:2691: UserWarning: X does not have valid feature names, but LGBMRegressor was fitted with feature names
  warnings.warn(
<factor:industry_eigenmode_reaction_deficit>:49: RuntimeWarning: divide by zero encountered in divide
<factor:industry_eigenmode_reaction_deficit>:49: RuntimeWarning: invalid value encountered in divide
/Users/lucawurker/Desktop/Imperial/Master Thesis/QuantFundAgent/venv/lib/python3.13/site-packages/sklearn/utils/validation.py:2691: UserWarning: X does not have valid feature names, but LGBMRegressor was fitted with feature names
  warnings.warn(
/Users/lucawurker/Desktop/Imperial/Master Thesis/QuantFundAgent/venv/lib/python3.13/site-packages/sklearn/utils/validation.py:2691: UserWarning: X does not have valid feature names, but LGBMRegressor was fitted with feature names
  warnings.warn(
/Users/lucawurker/Desktop/Imperial/Master Thesis/QuantFundAgent/venv/lib/python3.13/site-packages/sklearn/utils/validation.py:2691: UserWarning: X does not have valid feature names, but LGBMRegressor was fitted with feature names
  warnings.warn(
13:57:52  INFO     evolution.loop          graphrag group 2 seeding: focus='Community 3: 29 mechanism(s) (bubble-driven phase transitions, buffer-regulated order intensity, contagion-driven intens' mechanisms=[]
13:57:53  INFO     knowledge.embed_store   embed cache hit: 1723 papers, 12025 chunks
13:57:54  INFO     httpx                   HTTP Request: POST https://api.openai.com/v1/embeddings "HTTP/1.1 200 OK"
13:57:54  INFO     knowledge.retrieval     retrieved 4 paper(s) [application_of_deep_learning_for_factor_timing_in_asset_mana, statistical_arbitrage_in_multi_pair_trading_strategy_based_o, hidden_order_in_trades_predicts_the_size_of_price_moves, cross_sectional_topological_anomaly_scores_and_intraday_retu] for cardinality=1toN
13:58:27  INFO     httpx                   HTTP Request: POST https://api.openai.com/v1/chat/completions "HTTP/1.1 200 OK"
13:58:55  INFO     httpx                   HTTP Request: POST https://api.openai.com/v1/chat/completions "HTTP/1.1 200 OK"
13:59:27  INFO     httpx                   HTTP Request: POST https://api.openai.com/v1/chat/completions "HTTP/1.1 200 OK"
13:59:51  INFO     httpx                   HTTP Request: POST https://api.openai.com/v1/chat/completions "HTTP/1.1 200 OK"
14:00:04  INFO     httpx                   HTTP Request: POST https://api.openai.com/v1/chat/completions "HTTP/1.1 200 OK"
14:00:04  INFO     factor_research         [session evo-seed-0-group-2-creative] brainstorm call (own-knowledge, asked 1, 9577 tok): 13.4s
14:00:25  INFO     httpx                   HTTP Request: POST https://api.openai.com/v1/chat/completions "HTTP/1.1 200 OK"
14:00:28  INFO     httpx                   HTTP Request: POST https://api.openai.com/v1/chat/completions "HTTP/1.1 200 OK"
14:00:35  INFO     httpx                   HTTP Request: POST https://api.openai.com/v1/chat/completions "HTTP/1.1 200 OK"
14:00:36  INFO     httpx                   HTTP Request: POST https://api.openai.com/v1/chat/completions "HTTP/1.1 200 OK"
14:00:48  INFO     httpx                   HTTP Request: POST https://api.openai.com/v1/chat/completions "HTTP/1.1 200 OK"
/Users/lucawurker/Desktop/Imperial/Master Thesis/QuantFundAgent/venv/lib/python3.13/site-packages/pandas/core/internals/blocks.py:347: RuntimeWarning: divide by zero encountered in log
  result = func(self.values, **kwargs)
/Users/lucawurker/Desktop/Imperial/Master Thesis/QuantFundAgent/venv/lib/python3.13/site-packages/pandas/core/internals/blocks.py:347: RuntimeWarning: divide by zero encountered in log
  result = func(self.values, **kwargs)
/Users/lucawurker/Desktop/Imperial/Master Thesis/QuantFundAgent/venv/lib/python3.13/site-packages/pandas/core/internals/blocks.py:347: RuntimeWarning: divide by zero encountered in log
  result = func(self.values, **kwargs)
/Users/lucawurker/Desktop/Imperial/Master Thesis/QuantFundAgent/venv/lib/python3.13/site-packages/pandas/core/internals/blocks.py:347: RuntimeWarning: divide by zero encountered in log
  result = func(self.values, **kwargs)
/Users/lucawurker/Desktop/Imperial/Master Thesis/QuantFundAgent/venv/lib/python3.13/site-packages/pandas/core/internals/blocks.py:347: RuntimeWarning: divide by zero encountered in log
  result = func(self.values, **kwargs)
/Users/lucawurker/Desktop/Imperial/Master Thesis/QuantFundAgent/venv/lib/python3.13/site-packages/pandas/core/internals/blocks.py:347: RuntimeWarning: divide by zero encountered in log
  result = func(self.values, **kwargs)
/Users/lucawurker/Desktop/Imperial/Master Thesis/QuantFundAgent/venv/lib/python3.13/site-packages/pandas/core/internals/blocks.py:347: RuntimeWarning: divide by zero encountered in log
  result = func(self.values, **kwargs)
/Users/lucawurker/Desktop/Imperial/Master Thesis/QuantFundAgent/venv/lib/python3.13/site-packages/pandas/core/internals/blocks.py:347: RuntimeWarning: divide by zero encountered in log
  result = func(self.values, **kwargs)
/Users/lucawurker/Desktop/Imperial/Master Thesis/QuantFundAgent/venv/lib/python3.13/site-packages/pandas/core/internals/blocks.py:347: RuntimeWarning: divide by zero encountered in log
  result = func(self.values, **kwargs)
/Users/lucawurker/Desktop/Imperial/Master Thesis/QuantFundAgent/venv/lib/python3.13/site-packages/pandas/core/internals/blocks.py:347: RuntimeWarning: divide by zero encountered in log
  result = func(self.values, **kwargs)
/Users/lucawurker/Desktop/Imperial/Master Thesis/QuantFundAgent/venv/lib/python3.13/site-packages/pandas/core/internals/blocks.py:347: RuntimeWarning: divide by zero encountered in log
  result = func(self.values, **kwargs)
/Users/lucawurker/Desktop/Imperial/Master Thesis/QuantFundAgent/venv/lib/python3.13/site-packages/pandas/core/internals/blocks.py:347: RuntimeWarning: divide by zero encountered in log
  result = func(self.values, **kwargs)
/Users/lucawurker/Desktop/Imperial/Master Thesis/QuantFundAgent/venv/lib/python3.13/site-packages/pandas/core/internals/blocks.py:347: RuntimeWarning: divide by zero encountered in log
  result = func(self.values, **kwargs)
/Users/lucawurker/Desktop/Imperial/Master Thesis/QuantFundAgent/venv/lib/python3.13/site-packages/pandas/core/internals/blocks.py:347: RuntimeWarning: divide by zero encountered in log
  result = func(self.values, **kwargs)
/Users/lucawurker/Desktop/Imperial/Master Thesis/QuantFundAgent/venv/lib/python3.13/site-packages/pandas/core/internals/blocks.py:347: RuntimeWarning: divide by zero encountered in log
  result = func(self.values, **kwargs)
/Users/lucawurker/Desktop/Imperial/Master Thesis/QuantFundAgent/venv/lib/python3.13/site-packages/pandas/core/internals/blocks.py:347: RuntimeWarning: divide by zero encountered in log
  result = func(self.values, **kwargs)
/Users/lucawurker/Desktop/Imperial/Master Thesis/QuantFundAgent/venv/lib/python3.13/site-packages/pandas/core/internals/blocks.py:347: RuntimeWarning: divide by zero encountered in log
  result = func(self.values, **kwargs)
/Users/lucawurker/Desktop/Imperial/Master Thesis/QuantFundAgent/venv/lib/python3.13/site-packages/pandas/core/internals/blocks.py:347: RuntimeWarning: divide by zero encountered in log
  result = func(self.values, **kwargs)
/Users/lucawurker/Desktop/Imperial/Master Thesis/QuantFundAgent/venv/lib/python3.13/site-packages/pandas/core/internals/blocks.py:347: RuntimeWarning: divide by zero encountered in log
  result = func(self.values, **kwargs)
/Users/lucawurker/Desktop/Imperial/Master Thesis/QuantFundAgent/venv/lib/python3.13/site-packages/pandas/core/internals/blocks.py:347: RuntimeWarning: divide by zero encountered in log
  result = func(self.values, **kwargs)
/Users/lucawurker/Desktop/Imperial/Master Thesis/QuantFundAgent/venv/lib/python3.13/site-packages/pandas/core/internals/blocks.py:347: RuntimeWarning: divide by zero encountered in log
  result = func(self.values, **kwargs)
/Users/lucawurker/Desktop/Imperial/Master Thesis/QuantFundAgent/venv/lib/python3.13/site-packages/pandas/core/internals/blocks.py:347: RuntimeWarning: divide by zero encountered in log
  result = func(self.values, **kwargs)
/Users/lucawurker/Desktop/Imperial/Master Thesis/QuantFundAgent/venv/lib/python3.13/site-packages/pandas/core/internals/blocks.py:347: RuntimeWarning: divide by zero encountered in log
  result = func(self.values, **kwargs)
/Users/lucawurker/Desktop/Imperial/Master Thesis/QuantFundAgent/venv/lib/python3.13/site-packages/pandas/core/internals/blocks.py:347: RuntimeWarning: divide by zero encountered in log
  result = func(self.values, **kwargs)
/Users/lucawurker/Desktop/Imperial/Master Thesis/QuantFundAgent/venv/lib/python3.13/site-packages/pandas/core/internals/blocks.py:347: RuntimeWarning: divide by zero encountered in log
  result = func(self.values, **kwargs)
/Users/lucawurker/Desktop/Imperial/Master Thesis/QuantFundAgent/venv/lib/python3.13/site-packages/pandas/core/internals/blocks.py:347: RuntimeWarning: divide by zero encountered in log
  result = func(self.values, **kwargs)
/Users/lucawurker/Desktop/Imperial/Master Thesis/QuantFundAgent/venv/lib/python3.13/site-packages/pandas/core/internals/blocks.py:347: RuntimeWarning: divide by zero encountered in log
  result = func(self.values, **kwargs)
/Users/lucawurker/Desktop/Imperial/Master Thesis/QuantFundAgent/venv/lib/python3.13/site-packages/pandas/core/internals/blocks.py:347: RuntimeWarning: divide by zero encountered in log
  result = func(self.values, **kwargs)
/Users/lucawurker/Desktop/Imperial/Master Thesis/QuantFundAgent/venv/lib/python3.13/site-packages/pandas/core/internals/blocks.py:347: RuntimeWarning: divide by zero encountered in log
  result = func(self.values, **kwargs)
/Users/lucawurker/Desktop/Imperial/Master Thesis/QuantFundAgent/venv/lib/python3.13/site-packages/pandas/core/internals/blocks.py:347: RuntimeWarning: divide by zero encountered in log
  result = func(self.values, **kwargs)
/Users/lucawurker/Desktop/Imperial/Master Thesis/QuantFundAgent/venv/lib/python3.13/site-packages/pandas/core/internals/blocks.py:347: RuntimeWarning: divide by zero encountered in log
  result = func(self.values, **kwargs)
/Users/lucawurker/Desktop/Imperial/Master Thesis/QuantFundAgent/venv/lib/python3.13/site-packages/pandas/core/internals/blocks.py:347: RuntimeWarning: divide by zero encountered in log
  result = func(self.values, **kwargs)
/Users/lucawurker/Desktop/Imperial/Master Thesis/QuantFundAgent/venv/lib/python3.13/site-packages/pandas/core/internals/blocks.py:347: RuntimeWarning: divide by zero encountered in log
  result = func(self.values, **kwargs)
/Users/lucawurker/Desktop/Imperial/Master Thesis/QuantFundAgent/venv/lib/python3.13/site-packages/pandas/core/internals/blocks.py:347: RuntimeWarning: divide by zero encountered in log
  result = func(self.values, **kwargs)
/Users/lucawurker/Desktop/Imperial/Master Thesis/QuantFundAgent/venv/lib/python3.13/site-packages/pandas/core/internals/blocks.py:347: RuntimeWarning: divide by zero encountered in log
  result = func(self.values, **kwargs)
/Users/lucawurker/Desktop/Imperial/Master Thesis/QuantFundAgent/venv/lib/python3.13/site-packages/pandas/core/internals/blocks.py:347: RuntimeWarning: divide by zero encountered in log
  result = func(self.values, **kwargs)
/Users/lucawurker/Desktop/Imperial/Master Thesis/QuantFundAgent/venv/lib/python3.13/site-packages/pandas/core/internals/blocks.py:347: RuntimeWarning: divide by zero encountered in log
  result = func(self.values, **kwargs)
/Users/lucawurker/Desktop/Imperial/Master Thesis/QuantFundAgent/venv/lib/python3.13/site-packages/pandas/core/internals/blocks.py:347: RuntimeWarning: divide by zero encountered in log
  result = func(self.values, **kwargs)
/Users/lucawurker/Desktop/Imperial/Master Thesis/QuantFundAgent/venv/lib/python3.13/site-packages/pandas/core/internals/blocks.py:347: RuntimeWarning: divide by zero encountered in log
  result = func(self.values, **kwargs)
/Users/lucawurker/Desktop/Imperial/Master Thesis/QuantFundAgent/venv/lib/python3.13/site-packages/pandas/core/internals/blocks.py:347: RuntimeWarning: divide by zero encountered in log
  result = func(self.values, **kwargs)
/Users/lucawurker/Desktop/Imperial/Master Thesis/QuantFundAgent/venv/lib/python3.13/site-packages/pandas/core/internals/blocks.py:347: RuntimeWarning: divide by zero encountered in log
  result = func(self.values, **kwargs)
/Users/lucawurker/Desktop/Imperial/Master Thesis/QuantFundAgent/venv/lib/python3.13/site-packages/pandas/core/internals/blocks.py:347: RuntimeWarning: divide by zero encountered in log
  result = func(self.values, **kwargs)
/Users/lucawurker/Desktop/Imperial/Master Thesis/QuantFundAgent/venv/lib/python3.13/site-packages/pandas/core/internals/blocks.py:347: RuntimeWarning: divide by zero encountered in log
  result = func(self.values, **kwargs)
/Users/lucawurker/Desktop/Imperial/Master Thesis/QuantFundAgent/venv/lib/python3.13/site-packages/pandas/core/internals/blocks.py:347: RuntimeWarning: divide by zero encountered in log
  result = func(self.values, **kwargs)
/Users/lucawurker/Desktop/Imperial/Master Thesis/QuantFundAgent/venv/lib/python3.13/site-packages/pandas/core/internals/blocks.py:347: RuntimeWarning: divide by zero encountered in log
  result = func(self.values, **kwargs)
/Users/lucawurker/Desktop/Imperial/Master Thesis/QuantFundAgent/venv/lib/python3.13/site-packages/pandas/core/internals/blocks.py:347: RuntimeWarning: divide by zero encountered in log
  result = func(self.values, **kwargs)
/Users/lucawurker/Desktop/Imperial/Master Thesis/QuantFundAgent/venv/lib/python3.13/site-packages/pandas/core/internals/blocks.py:347: RuntimeWarning: divide by zero encountered in log
  result = func(self.values, **kwargs)
/Users/lucawurker/Desktop/Imperial/Master Thesis/QuantFundAgent/venv/lib/python3.13/site-packages/pandas/core/internals/blocks.py:347: RuntimeWarning: divide by zero encountered in log
  result = func(self.values, **kwargs)
/Users/lucawurker/Desktop/Imperial/Master Thesis/QuantFundAgent/venv/lib/python3.13/site-packages/pandas/core/internals/blocks.py:347: RuntimeWarning: divide by zero encountered in log
  result = func(self.values, **kwargs)
/Users/lucawurker/Desktop/Imperial/Master Thesis/QuantFundAgent/venv/lib/python3.13/site-packages/pandas/core/internals/blocks.py:347: RuntimeWarning: divide by zero encountered in log
  result = func(self.values, **kwargs)
/Users/lucawurker/Desktop/Imperial/Master Thesis/QuantFundAgent/venv/lib/python3.13/site-packages/pandas/core/internals/blocks.py:347: RuntimeWarning: divide by zero encountered in log
  result = func(self.values, **kwargs)
/Users/lucawurker/Desktop/Imperial/Master Thesis/QuantFundAgent/venv/lib/python3.13/site-packages/pandas/core/internals/blocks.py:347: RuntimeWarning: divide by zero encountered in log
  result = func(self.values, **kwargs)
/Users/lucawurker/Desktop/Imperial/Master Thesis/QuantFundAgent/venv/lib/python3.13/site-packages/pandas/core/internals/blocks.py:347: RuntimeWarning: divide by zero encountered in log
  result = func(self.values, **kwargs)
/Users/lucawurker/Desktop/Imperial/Master Thesis/QuantFundAgent/venv/lib/python3.13/site-packages/pandas/core/internals/blocks.py:347: RuntimeWarning: divide by zero encountered in log
  result = func(self.values, **kwargs)
14:00:51  INFO     httpx                   HTTP Request: POST https://api.openai.com/v1/chat/completions "HTTP/1.1 200 OK"
14:00:57  INFO     httpx                   HTTP Request: POST https://api.openai.com/v1/chat/completions "HTTP/1.1 200 OK"
<factor:spectral_peer_tension_idio_repair>:80: RuntimeWarning: divide by zero encountered in divide
14:01:04  INFO     httpx                   HTTP Request: POST https://api.openai.com/v1/chat/completions "HTTP/1.1 200 OK"
14:01:04  INFO     evolution.loop          [seed:fundamental_similarity_shock_transport_gap] codegen attempt failed (calc() raised on synthetic data: operands could not be broadcast together with remapped shapes [original->remapped]: (1,200,200)  and requested shape (200,6,6))
14:01:19  INFO     httpx                   HTTP Request: POST https://api.openai.com/v1/chat/completions "HTTP/1.1 200 OK"
14:01:21  INFO     httpx                   HTTP Request: POST https://api.openai.com/v1/chat/completions "HTTP/1.1 200 OK"
14:01:22  INFO     httpx                   HTTP Request: POST https://api.openai.com/v1/chat/completions "HTTP/1.1 200 OK"
14:01:42  INFO     httpx                   HTTP Request: POST https://api.openai.com/v1/chat/completions "HTTP/1.1 200 OK"
14:01:42  INFO     evolution.loop          [seed:fundamental_similarity_shock_transport_gap] codegen attempt failed (calc() raised on synthetic data: axis 1 is out of bounds for array of dimension 1)
14:02:04  INFO     openai._base_client     Retrying request to /chat/completions in 0.454979 seconds
14:03:06  INFO     httpx                   HTTP Request: POST https://api.openai.com/v1/chat/completions "HTTP/1.1 200 OK"
14:03:06  INFO     evolution.loop          seeded 11/12 program(s) from 12 idea(s)
/Users/lucawurker/Desktop/Imperial/Master Thesis/QuantFundAgent/venv/lib/python3.13/site-packages/sklearn/utils/validation.py:2691: UserWarning: X does not have valid feature names, but LGBMRegressor was fitted with feature names
  warnings.warn(
14:03:08  INFO     evolution.loop          [directed_industry_excitation_absorption_gap] evaluation failed: candidate signal failed: "['CA', 'LIFE', 'MICC', 'SHLD', 'SNDK', 'VSNT'] not in index"
14:03:09  WARNING  research.service        [evaluate_fitness] jitter probe critical_anchor_resilience_divergence_jit0 failed (min_periods 10 must be <= window 9) — skipped
/Users/lucawurker/Desktop/Imperial/Master Thesis/QuantFundAgent/venv/lib/python3.13/site-packages/sklearn/utils/validation.py:2691: UserWarning: X does not have valid feature names, but LGBMRegressor was fitted with feature names
  warnings.warn(
<factor:spectral_peer_tension_idio_repair>:80: RuntimeWarning: divide by zero encountered in divide
<factor:spectral_peer_tension_idio_repair_jit0>:47: RuntimeWarning: divide by zero encountered in divide
<factor:spectral_peer_tension_idio_repair_jit1>:47: RuntimeWarning: divide by zero encountered in divide
/Users/lucawurker/Desktop/Imperial/Master Thesis/QuantFundAgent/venv/lib/python3.13/site-packages/sklearn/utils/validation.py:2691: UserWarning: X does not have valid feature names, but LGBMRegressor was fitted with feature names
  warnings.warn(
/Users/lucawurker/Desktop/Imperial/Master Thesis/QuantFundAgent/venv/lib/python3.13/site-packages/sklearn/utils/validation.py:2691: UserWarning: X does not have valid feature names, but LGBMRegressor was fitted with feature names
  warnings.warn(
/Users/lucawurker/Desktop/Imperial/Master Thesis/QuantFundAgent/venv/lib/python3.13/site-packages/sklearn/utils/validation.py:2691: UserWarning: X does not have valid feature names, but LGBMRegressor was fitted with feature names
  warnings.warn(
/Users/lucawurker/Desktop/Imperial/Master Thesis/QuantFundAgent/venv/lib/python3.13/site-packages/pandas/core/internals/blocks.py:347: RuntimeWarning: divide by zero encountered in log
  result = func(self.values, **kwargs)
/Users/lucawurker/Desktop/Imperial/Master Thesis/QuantFundAgent/venv/lib/python3.13/site-packages/pandas/core/internals/blocks.py:347: RuntimeWarning: divide by zero encountered in log
  result = func(self.values, **kwargs)
/Users/lucawurker/Desktop/Imperial/Master Thesis/QuantFundAgent/venv/lib/python3.13/site-packages/pandas/core/internals/blocks.py:347: RuntimeWarning: divide by zero encountered in log
  result = func(self.values, **kwargs)
/Users/lucawurker/Desktop/Imperial/Master Thesis/QuantFundAgent/venv/lib/python3.13/site-packages/pandas/core/internals/blocks.py:347: RuntimeWarning: divide by zero encountered in log
  result = func(self.values, **kwargs)
/Users/lucawurker/Desktop/Imperial/Master Thesis/QuantFundAgent/venv/lib/python3.13/site-packages/pandas/core/internals/blocks.py:347: RuntimeWarning: divide by zero encountered in log
  result = func(self.values, **kwargs)
/Users/lucawurker/Desktop/Imperial/Master Thesis/QuantFundAgent/venv/lib/python3.13/site-packages/pandas/core/internals/blocks.py:347: RuntimeWarning: divide by zero encountered in log
  result = func(self.values, **kwargs)
/Users/lucawurker/Desktop/Imperial/Master Thesis/QuantFundAgent/venv/lib/python3.13/site-packages/pandas/core/internals/blocks.py:347: RuntimeWarning: divide by zero encountered in log
  result = func(self.values, **kwargs)
/Users/lucawurker/Desktop/Imperial/Master Thesis/QuantFundAgent/venv/lib/python3.13/site-packages/pandas/core/internals/blocks.py:347: RuntimeWarning: divide by zero encountered in log
  result = func(self.values, **kwargs)
/Users/lucawurker/Desktop/Imperial/Master Thesis/QuantFundAgent/venv/lib/python3.13/site-packages/pandas/core/internals/blocks.py:347: RuntimeWarning: divide by zero encountered in log
  result = func(self.values, **kwargs)
/Users/lucawurker/Desktop/Imperial/Master Thesis/QuantFundAgent/venv/lib/python3.13/site-packages/pandas/core/internals/blocks.py:347: RuntimeWarning: divide by zero encountered in log
  result = func(self.values, **kwargs)
/Users/lucawurker/Desktop/Imperial/Master Thesis/QuantFundAgent/venv/lib/python3.13/site-packages/pandas/core/internals/blocks.py:347: RuntimeWarning: divide by zero encountered in log
  result = func(self.values, **kwargs)
/Users/lucawurker/Desktop/Imperial/Master Thesis/QuantFundAgent/venv/lib/python3.13/site-packages/pandas/core/internals/blocks.py:347: RuntimeWarning: divide by zero encountered in log
  result = func(self.values, **kwargs)
/Users/lucawurker/Desktop/Imperial/Master Thesis/QuantFundAgent/venv/lib/python3.13/site-packages/pandas/core/internals/blocks.py:347: RuntimeWarning: divide by zero encountered in log
  result = func(self.values, **kwargs)
/Users/lucawurker/Desktop/Imperial/Master Thesis/QuantFundAgent/venv/lib/python3.13/site-packages/pandas/core/internals/blocks.py:347: RuntimeWarning: divide by zero encountered in log
  result = func(self.values, **kwargs)
/Users/lucawurker/Desktop/Imperial/Master Thesis/QuantFundAgent/venv/lib/python3.13/site-packages/pandas/core/internals/blocks.py:347: RuntimeWarning: divide by zero encountered in log
  result = func(self.values, **kwargs)
/Users/lucawurker/Desktop/Imperial/Master Thesis/QuantFundAgent/venv/lib/python3.13/site-packages/pandas/core/internals/blocks.py:347: RuntimeWarning: divide by zero encountered in log
  result = func(self.values, **kwargs)
/Users/lucawurker/Desktop/Imperial/Master Thesis/QuantFundAgent/venv/lib/python3.13/site-packages/pandas/core/internals/blocks.py:347: RuntimeWarning: divide by zero encountered in log
  result = func(self.values, **kwargs)
/Users/lucawurker/Desktop/Imperial/Master Thesis/QuantFundAgent/venv/lib/python3.13/site-packages/pandas/core/internals/blocks.py:347: RuntimeWarning: divide by zero encountered in log
  result = func(self.values, **kwargs)
/Users/lucawurker/Desktop/Imperial/Master Thesis/QuantFundAgent/venv/lib/python3.13/site-packages/pandas/core/internals/blocks.py:347: RuntimeWarning: divide by zero encountered in log
  result = func(self.values, **kwargs)
/Users/lucawurker/Desktop/Imperial/Master Thesis/QuantFundAgent/venv/lib/python3.13/site-packages/pandas/core/internals/blocks.py:347: RuntimeWarning: divide by zero encountered in log
  result = func(self.values, **kwargs)
/Users/lucawurker/Desktop/Imperial/Master Thesis/QuantFundAgent/venv/lib/python3.13/site-packages/pandas/core/internals/blocks.py:347: RuntimeWarning: divide by zero encountered in log
  result = func(self.values, **kwargs)
/Users/lucawurker/Desktop/Imperial/Master Thesis/QuantFundAgent/venv/lib/python3.13/site-packages/pandas/core/internals/blocks.py:347: RuntimeWarning: divide by zero encountered in log
  result = func(self.values, **kwargs)
/Users/lucawurker/Desktop/Imperial/Master Thesis/QuantFundAgent/venv/lib/python3.13/site-packages/pandas/core/internals/blocks.py:347: RuntimeWarning: divide by zero encountered in log
  result = func(self.values, **kwargs)
/Users/lucawurker/Desktop/Imperial/Master Thesis/QuantFundAgent/venv/lib/python3.13/site-packages/pandas/core/internals/blocks.py:347: RuntimeWarning: divide by zero encountered in log
  result = func(self.values, **kwargs)
/Users/lucawurker/Desktop/Imperial/Master Thesis/QuantFundAgent/venv/lib/python3.13/site-packages/pandas/core/internals/blocks.py:347: RuntimeWarning: divide by zero encountered in log
  result = func(self.values, **kwargs)
/Users/lucawurker/Desktop/Imperial/Master Thesis/QuantFundAgent/venv/lib/python3.13/site-packages/pandas/core/internals/blocks.py:347: RuntimeWarning: divide by zero encountered in log
  result = func(self.values, **kwargs)
/Users/lucawurker/Desktop/Imperial/Master Thesis/QuantFundAgent/venv/lib/python3.13/site-packages/pandas/core/internals/blocks.py:347: RuntimeWarning: divide by zero encountered in log
  result = func(self.values, **kwargs)
/Users/lucawurker/Desktop/Imperial/Master Thesis/QuantFundAgent/venv/lib/python3.13/site-packages/pandas/core/internals/blocks.py:347: RuntimeWarning: divide by zero encountered in log
  result = func(self.values, **kwargs)
/Users/lucawurker/Desktop/Imperial/Master Thesis/QuantFundAgent/venv/lib/python3.13/site-packages/pandas/core/internals/blocks.py:347: RuntimeWarning: divide by zero encountered in log
  result = func(self.values, **kwargs)
/Users/lucawurker/Desktop/Imperial/Master Thesis/QuantFundAgent/venv/lib/python3.13/site-packages/pandas/core/internals/blocks.py:347: RuntimeWarning: divide by zero encountered in log
  result = func(self.values, **kwargs)
/Users/lucawurker/Desktop/Imperial/Master Thesis/QuantFundAgent/venv/lib/python3.13/site-packages/pandas/core/internals/blocks.py:347: RuntimeWarning: divide by zero encountered in log
  result = func(self.values, **kwargs)
/Users/lucawurker/Desktop/Imperial/Master Thesis/QuantFundAgent/venv/lib/python3.13/site-packages/pandas/core/internals/blocks.py:347: RuntimeWarning: divide by zero encountered in log
  result = func(self.values, **kwargs)
/Users/lucawurker/Desktop/Imperial/Master Thesis/QuantFundAgent/venv/lib/python3.13/site-packages/pandas/core/internals/blocks.py:347: RuntimeWarning: divide by zero encountered in log
  result = func(self.values, **kwargs)
/Users/lucawurker/Desktop/Imperial/Master Thesis/QuantFundAgent/venv/lib/python3.13/site-packages/pandas/core/internals/blocks.py:347: RuntimeWarning: divide by zero encountered in log
  result = func(self.values, **kwargs)
/Users/lucawurker/Desktop/Imperial/Master Thesis/QuantFundAgent/venv/lib/python3.13/site-packages/pandas/core/internals/blocks.py:347: RuntimeWarning: divide by zero encountered in log
  result = func(self.values, **kwargs)
/Users/lucawurker/Desktop/Imperial/Master Thesis/QuantFundAgent/venv/lib/python3.13/site-packages/pandas/core/internals/blocks.py:347: RuntimeWarning: divide by zero encountered in log
  result = func(self.values, **kwargs)
/Users/lucawurker/Desktop/Imperial/Master Thesis/QuantFundAgent/venv/lib/python3.13/site-packages/pandas/core/internals/blocks.py:347: RuntimeWarning: divide by zero encountered in log
  result = func(self.values, **kwargs)
/Users/lucawurker/Desktop/Imperial/Master Thesis/QuantFundAgent/venv/lib/python3.13/site-packages/pandas/core/internals/blocks.py:347: RuntimeWarning: divide by zero encountered in log
  result = func(self.values, **kwargs)
/Users/lucawurker/Desktop/Imperial/Master Thesis/QuantFundAgent/venv/lib/python3.13/site-packages/pandas/core/internals/blocks.py:347: RuntimeWarning: divide by zero encountered in log
  result = func(self.values, **kwargs)
/Users/lucawurker/Desktop/Imperial/Master Thesis/QuantFundAgent/venv/lib/python3.13/site-packages/pandas/core/internals/blocks.py:347: RuntimeWarning: divide by zero encountered in log
  result = func(self.values, **kwargs)
/Users/lucawurker/Desktop/Imperial/Master Thesis/QuantFundAgent/venv/lib/python3.13/site-packages/pandas/core/internals/blocks.py:347: RuntimeWarning: divide by zero encountered in log
  result = func(self.values, **kwargs)
/Users/lucawurker/Desktop/Imperial/Master Thesis/QuantFundAgent/venv/lib/python3.13/site-packages/pandas/core/internals/blocks.py:347: RuntimeWarning: divide by zero encountered in log
  result = func(self.values, **kwargs)
/Users/lucawurker/Desktop/Imperial/Master Thesis/QuantFundAgent/venv/lib/python3.13/site-packages/pandas/core/internals/blocks.py:347: RuntimeWarning: divide by zero encountered in log
  result = func(self.values, **kwargs)
/Users/lucawurker/Desktop/Imperial/Master Thesis/QuantFundAgent/venv/lib/python3.13/site-packages/pandas/core/internals/blocks.py:347: RuntimeWarning: divide by zero encountered in log
  result = func(self.values, **kwargs)
/Users/lucawurker/Desktop/Imperial/Master Thesis/QuantFundAgent/venv/lib/python3.13/site-packages/pandas/core/internals/blocks.py:347: RuntimeWarning: divide by zero encountered in log
  result = func(self.values, **kwargs)
/Users/lucawurker/Desktop/Imperial/Master Thesis/QuantFundAgent/venv/lib/python3.13/site-packages/pandas/core/internals/blocks.py:347: RuntimeWarning: divide by zero encountered in log
  result = func(self.values, **kwargs)
/Users/lucawurker/Desktop/Imperial/Master Thesis/QuantFundAgent/venv/lib/python3.13/site-packages/pandas/core/internals/blocks.py:347: RuntimeWarning: divide by zero encountered in log
  result = func(self.values, **kwargs)
/Users/lucawurker/Desktop/Imperial/Master Thesis/QuantFundAgent/venv/lib/python3.13/site-packages/pandas/core/internals/blocks.py:347: RuntimeWarning: divide by zero encountered in log
  result = func(self.values, **kwargs)
/Users/lucawurker/Desktop/Imperial/Master Thesis/QuantFundAgent/venv/lib/python3.13/site-packages/pandas/core/internals/blocks.py:347: RuntimeWarning: divide by zero encountered in log
  result = func(self.values, **kwargs)
/Users/lucawurker/Desktop/Imperial/Master Thesis/QuantFundAgent/venv/lib/python3.13/site-packages/pandas/core/internals/blocks.py:347: RuntimeWarning: divide by zero encountered in log
  result = func(self.values, **kwargs)
/Users/lucawurker/Desktop/Imperial/Master Thesis/QuantFundAgent/venv/lib/python3.13/site-packages/pandas/core/internals/blocks.py:347: RuntimeWarning: divide by zero encountered in log
  result = func(self.values, **kwargs)
/Users/lucawurker/Desktop/Imperial/Master Thesis/QuantFundAgent/venv/lib/python3.13/site-packages/pandas/core/internals/blocks.py:347: RuntimeWarning: divide by zero encountered in log
  result = func(self.values, **kwargs)
/Users/lucawurker/Desktop/Imperial/Master Thesis/QuantFundAgent/venv/lib/python3.13/site-packages/pandas/core/internals/blocks.py:347: RuntimeWarning: divide by zero encountered in log
  result = func(self.values, **kwargs)
/Users/lucawurker/Desktop/Imperial/Master Thesis/QuantFundAgent/venv/lib/python3.13/site-packages/pandas/core/internals/blocks.py:347: RuntimeWarning: divide by zero encountered in log
  result = func(self.values, **kwargs)
/Users/lucawurker/Desktop/Imperial/Master Thesis/QuantFundAgent/venv/lib/python3.13/site-packages/pandas/core/internals/blocks.py:347: RuntimeWarning: divide by zero encountered in log
  result = func(self.values, **kwargs)
/Users/lucawurker/Desktop/Imperial/Master Thesis/QuantFundAgent/venv/lib/python3.13/site-packages/pandas/core/internals/blocks.py:347: RuntimeWarning: divide by zero encountered in log
  result = func(self.values, **kwargs)
/Users/lucawurker/Desktop/Imperial/Master Thesis/QuantFundAgent/venv/lib/python3.13/site-packages/pandas/core/internals/blocks.py:347: RuntimeWarning: divide by zero encountered in log
  result = func(self.values, **kwargs)
/Users/lucawurker/Desktop/Imperial/Master Thesis/QuantFundAgent/venv/lib/python3.13/site-packages/pandas/core/internals/blocks.py:347: RuntimeWarning: divide by zero encountered in log
  result = func(self.values, **kwargs)
/Users/lucawurker/Desktop/Imperial/Master Thesis/QuantFundAgent/venv/lib/python3.13/site-packages/pandas/core/internals/blocks.py:347: RuntimeWarning: divide by zero encountered in log
  result = func(self.values, **kwargs)
/Users/lucawurker/Desktop/Imperial/Master Thesis/QuantFundAgent/venv/lib/python3.13/site-packages/pandas/core/internals/blocks.py:347: RuntimeWarning: divide by zero encountered in log
  result = func(self.values, **kwargs)
/Users/lucawurker/Desktop/Imperial/Master Thesis/QuantFundAgent/venv/lib/python3.13/site-packages/pandas/core/internals/blocks.py:347: RuntimeWarning: divide by zero encountered in log
  result = func(self.values, **kwargs)
/Users/lucawurker/Desktop/Imperial/Master Thesis/QuantFundAgent/venv/lib/python3.13/site-packages/pandas/core/internals/blocks.py:347: RuntimeWarning: divide by zero encountered in log
  result = func(self.values, **kwargs)
/Users/lucawurker/Desktop/Imperial/Master Thesis/QuantFundAgent/venv/lib/python3.13/site-packages/pandas/core/internals/blocks.py:347: RuntimeWarning: divide by zero encountered in log
  result = func(self.values, **kwargs)
/Users/lucawurker/Desktop/Imperial/Master Thesis/QuantFundAgent/venv/lib/python3.13/site-packages/pandas/core/internals/blocks.py:347: RuntimeWarning: divide by zero encountered in log
  result = func(self.values, **kwargs)
/Users/lucawurker/Desktop/Imperial/Master Thesis/QuantFundAgent/venv/lib/python3.13/site-packages/pandas/core/internals/blocks.py:347: RuntimeWarning: divide by zero encountered in log
  result = func(self.values, **kwargs)
/Users/lucawurker/Desktop/Imperial/Master Thesis/QuantFundAgent/venv/lib/python3.13/site-packages/pandas/core/internals/blocks.py:347: RuntimeWarning: divide by zero encountered in log
  result = func(self.values, **kwargs)
/Users/lucawurker/Desktop/Imperial/Master Thesis/QuantFundAgent/venv/lib/python3.13/site-packages/pandas/core/internals/blocks.py:347: RuntimeWarning: divide by zero encountered in log
  result = func(self.values, **kwargs)
/Users/lucawurker/Desktop/Imperial/Master Thesis/QuantFundAgent/venv/lib/python3.13/site-packages/pandas/core/internals/blocks.py:347: RuntimeWarning: divide by zero encountered in log
  result = func(self.values, **kwargs)
/Users/lucawurker/Desktop/Imperial/Master Thesis/QuantFundAgent/venv/lib/python3.13/site-packages/pandas/core/internals/blocks.py:347: RuntimeWarning: divide by zero encountered in log
  result = func(self.values, **kwargs)
/Users/lucawurker/Desktop/Imperial/Master Thesis/QuantFundAgent/venv/lib/python3.13/site-packages/pandas/core/internals/blocks.py:347: RuntimeWarning: divide by zero encountered in log
  result = func(self.values, **kwargs)
/Users/lucawurker/Desktop/Imperial/Master Thesis/QuantFundAgent/venv/lib/python3.13/site-packages/pandas/core/internals/blocks.py:347: RuntimeWarning: divide by zero encountered in log
  result = func(self.values, **kwargs)
/Users/lucawurker/Desktop/Imperial/Master Thesis/QuantFundAgent/venv/lib/python3.13/site-packages/pandas/core/internals/blocks.py:347: RuntimeWarning: divide by zero encountered in log
  result = func(self.values, **kwargs)
/Users/lucawurker/Desktop/Imperial/Master Thesis/QuantFundAgent/venv/lib/python3.13/site-packages/pandas/core/internals/blocks.py:347: RuntimeWarning: divide by zero encountered in log
  result = func(self.values, **kwargs)
/Users/lucawurker/Desktop/Imperial/Master Thesis/QuantFundAgent/venv/lib/python3.13/site-packages/pandas/core/internals/blocks.py:347: RuntimeWarning: divide by zero encountered in log
  result = func(self.values, **kwargs)
/Users/lucawurker/Desktop/Imperial/Master Thesis/QuantFundAgent/venv/lib/python3.13/site-packages/pandas/core/internals/blocks.py:347: RuntimeWarning: divide by zero encountered in log
  result = func(self.values, **kwargs)
/Users/lucawurker/Desktop/Imperial/Master Thesis/QuantFundAgent/venv/lib/python3.13/site-packages/pandas/core/internals/blocks.py:347: RuntimeWarning: divide by zero encountered in log
  result = func(self.values, **kwargs)
/Users/lucawurker/Desktop/Imperial/Master Thesis/QuantFundAgent/venv/lib/python3.13/site-packages/pandas/core/internals/blocks.py:347: RuntimeWarning: divide by zero encountered in log
  result = func(self.values, **kwargs)
/Users/lucawurker/Desktop/Imperial/Master Thesis/QuantFundAgent/venv/lib/python3.13/site-packages/pandas/core/internals/blocks.py:347: RuntimeWarning: divide by zero encountered in log
  result = func(self.values, **kwargs)
/Users/lucawurker/Desktop/Imperial/Master Thesis/QuantFundAgent/venv/lib/python3.13/site-packages/pandas/core/internals/blocks.py:347: RuntimeWarning: divide by zero encountered in log
  result = func(self.values, **kwargs)
/Users/lucawurker/Desktop/Imperial/Master Thesis/QuantFundAgent/venv/lib/python3.13/site-packages/pandas/core/internals/blocks.py:347: RuntimeWarning: divide by zero encountered in log
  result = func(self.values, **kwargs)
/Users/lucawurker/Desktop/Imperial/Master Thesis/QuantFundAgent/venv/lib/python3.13/site-packages/pandas/core/internals/blocks.py:347: RuntimeWarning: divide by zero encountered in log
  result = func(self.values, **kwargs)
/Users/lucawurker/Desktop/Imperial/Master Thesis/QuantFundAgent/venv/lib/python3.13/site-packages/sklearn/utils/validation.py:2691: UserWarning: X does not have valid feature names, but LGBMRegressor was fitted with feature names
  warnings.warn(
/Users/lucawurker/Desktop/Imperial/Master Thesis/QuantFundAgent/venv/lib/python3.13/site-packages/sklearn/utils/validation.py:2691: UserWarning: X does not have valid feature names, but LGBMRegressor was fitted with feature names
  warnings.warn(
14:03:23  INFO     evolution.loop          [structured_peer_event_unpaid_receiver] evaluation failed: candidate signal failed: Length mismatch: Expected axis has 181 elements, new values have 180 elements
14:03:26  WARNING  research.service        [evaluate_fitness] jitter probe sector_path_manifold_signed_anomaly_jit0 failed (min_periods 3 must be <= window 2) — skipped
/Users/lucawurker/Desktop/Imperial/Master Thesis/QuantFundAgent/venv/lib/python3.13/site-packages/sklearn/utils/validation.py:2691: UserWarning: X does not have valid feature names, but LGBMRegressor was fitted with feature names
  warnings.warn(
/Users/lucawurker/Desktop/Imperial/Master Thesis/QuantFundAgent/venv/lib/python3.13/site-packages/sklearn/utils/validation.py:2691: UserWarning: X does not have valid feature names, but LGBMRegressor was fitted with feature names
  warnings.warn(
14:03:30  INFO     evolution.loop          [industry_impulse_network_response_debt] evaluation failed: candidate signal failed: "['CA', 'LIFE', 'MICC', 'SHLD', 'SNDK', 'VSNT'] not in index"
/Users/lucawurker/Desktop/Imperial/Master Thesis/QuantFundAgent/venv/lib/python3.13/site-packages/sklearn/utils/validation.py:2691: UserWarning: X does not have valid feature names, but LGBMRegressor was fitted with feature names
  warnings.warn(
14:03:32  INFO     evolution.loop          graphrag group 3 seeding: focus='Community 5: 20 mechanism(s) (arrival rate asymmetry, cross-asset volatility synchronization, flash crash liquidity evap' mechanisms=[]
14:03:33  INFO     knowledge.embed_store   embed cache hit: 1723 papers, 12025 chunks
14:03:34  INFO     httpx                   HTTP Request: POST https://api.openai.com/v1/embeddings "HTTP/1.1 200 OK"
14:03:34  INFO     knowledge.retrieval     retrieved 4 paper(s) [application_of_deep_learning_for_factor_timing_in_asset_mana, statistical_arbitrage_in_multi_pair_trading_strategy_based_o, risk_management_and_return_prediction, hidden_order_in_trades_predicts_the_size_of_price_moves] for cardinality=1toN
14:04:05  INFO     httpx                   HTTP Request: POST https://api.openai.com/v1/chat/completions "HTTP/1.1 200 OK"
14:04:25  INFO     httpx                   HTTP Request: POST https://api.openai.com/v1/chat/completions "HTTP/1.1 200 OK"
14:04:40  INFO     httpx                   HTTP Request: POST https://api.openai.com/v1/chat/completions "HTTP/1.1 200 OK"
14:05:03  INFO     httpx                   HTTP Request: POST https://api.openai.com/v1/chat/completions "HTTP/1.1 200 OK"
14:05:23  INFO     httpx                   HTTP Request: POST https://api.openai.com/v1/chat/completions "HTTP/1.1 200 OK"
14:05:23  INFO     factor_research         [session evo-seed-0-group-3-creative] brainstorm call (own-knowledge, asked 1, 9661 tok): 20.5s
14:05:33  INFO     httpx                   HTTP Request: POST https://api.openai.com/v1/chat/completions "HTTP/1.1 200 OK"
14:05:56  INFO     httpx                   HTTP Request: POST https://api.openai.com/v1/chat/completions "HTTP/1.1 200 OK"
14:05:58  INFO     httpx                   HTTP Request: POST https://api.openai.com/v1/chat/completions "HTTP/1.1 200 OK"
14:06:00  INFO     httpx                   HTTP Request: POST https://api.openai.com/v1/chat/completions "HTTP/1.1 200 OK"
14:06:01  INFO     httpx                   HTTP Request: POST https://api.openai.com/v1/chat/completions "HTTP/1.1 200 OK"
14:06:03  INFO     httpx                   HTTP Request: POST https://api.openai.com/v1/chat/completions "HTTP/1.1 200 OK"
14:06:03  INFO     evolution.loop          [seed:systemic_volatility_decoupling_repair] codegen attempt failed (calc() raised on synthetic data: loop of ufunc does not support argument 0 of type float which has no callable sqrt method)
14:06:07  INFO     httpx                   HTTP Request: POST https://api.openai.com/v1/chat/completions "HTTP/1.1 200 OK"
14:06:08  INFO     httpx                   HTTP Request: POST https://api.openai.com/v1/chat/completions "HTTP/1.1 200 OK"
14:06:15  INFO     httpx                   HTTP Request: POST https://api.openai.com/v1/chat/completions "HTTP/1.1 200 OK"
14:06:32  INFO     httpx                   HTTP Request: POST https://api.openai.com/v1/chat/completions "HTTP/1.1 200 OK"
14:06:34  INFO     httpx                   HTTP Request: POST https://api.openai.com/v1/chat/completions "HTTP/1.1 200 OK"
14:06:38  INFO     httpx                   HTTP Request: POST https://api.openai.com/v1/chat/completions "HTTP/1.1 200 OK"
14:06:44  INFO     httpx                   HTTP Request: POST https://api.openai.com/v1/chat/completions "HTTP/1.1 200 OK"
14:06:45  INFO     evolution.loop          seeded 12/12 program(s) from 12 idea(s)
/Users/lucawurker/Desktop/Imperial/Master Thesis/QuantFundAgent/venv/lib/python3.13/site-packages/sklearn/utils/validation.py:2691: UserWarning: X does not have valid feature names, but LGBMRegressor was fitted with feature names
  warnings.warn(
14:06:46  WARNING  research.service        [evaluate_fitness] jitter probe ordinal_flow_persistence_impact_deficit_jit0 failed (min_periods 6 must be <= window 5) — skipped
/Users/lucawurker/Desktop/Imperial/Master Thesis/QuantFundAgent/venv/lib/python3.13/site-packages/sklearn/utils/validation.py:2691: UserWarning: X does not have valid feature names, but LGBMRegressor was fitted with feature names
  warnings.warn(
/Users/lucawurker/Desktop/Imperial/Master Thesis/QuantFundAgent/venv/lib/python3.13/site-packages/sklearn/utils/validation.py:2691: UserWarning: X does not have valid feature names, but LGBMRegressor was fitted with feature names
  warnings.warn(
/Users/lucawurker/Desktop/Imperial/Master Thesis/QuantFundAgent/venv/lib/python3.13/site-packages/sklearn/utils/validation.py:2691: UserWarning: X does not have valid feature names, but LGBMRegressor was fitted with feature names
  warnings.warn(
/Users/lucawurker/Desktop/Imperial/Master Thesis/QuantFundAgent/venv/lib/python3.13/site-packages/sklearn/utils/validation.py:2691: UserWarning: X does not have valid feature names, but LGBMRegressor was fitted with feature names
  warnings.warn(
/Users/lucawurker/Desktop/Imperial/Master Thesis/QuantFundAgent/venv/lib/python3.13/site-packages/sklearn/utils/validation.py:2691: UserWarning: X does not have valid feature names, but LGBMRegressor was fitted with feature names
  warnings.warn(
/Users/lucawurker/Desktop/Imperial/Master Thesis/QuantFundAgent/venv/lib/python3.13/site-packages/sklearn/utils/validation.py:2691: UserWarning: X does not have valid feature names, but LGBMRegressor was fitted with feature names
  warnings.warn(
14:06:55  INFO     evolution.loop          [systemic_volatility_decoupling_repair] evaluation failed: candidate signal failed: "['CA', 'LIFE', 'MICC', 'SHLD', 'SNDK', 'VSNT'] not in index"
14:06:55  INFO     evolution.loop          [sector_eigenmode_response_latency] evaluation failed: candidate signal failed: 'CELG'
/Users/lucawurker/Desktop/Imperial/Master Thesis/QuantFundAgent/venv/lib/python3.13/site-packages/sklearn/utils/validation.py:2691: UserWarning: X does not have valid feature names, but LGBMRegressor was fitted with feature names
  warnings.warn(
<factor:industry_eigenmode_reaction_deficit>:49: RuntimeWarning: divide by zero encountered in divide
<factor:industry_eigenmode_reaction_deficit>:49: RuntimeWarning: invalid value encountered in divide
/Users/lucawurker/Desktop/Imperial/Master Thesis/QuantFundAgent/venv/lib/python3.13/site-packages/sklearn/utils/validation.py:2691: UserWarning: X does not have valid feature names, but LGBMRegressor was fitted with feature names
  warnings.warn(
14:07:02  WARNING  research.service        [evaluate_fitness] jitter probe bar_sequence_entropy_polarity_residual_jit0 failed (min_periods 20 must be <= window 18) — skipped
/Users/lucawurker/Desktop/Imperial/Master Thesis/QuantFundAgent/venv/lib/python3.13/site-packages/sklearn/utils/validation.py:2691: UserWarning: X does not have valid feature names, but LGBMRegressor was fitted with feature names
  warnings.warn(
/Users/lucawurker/Desktop/Imperial/Master Thesis/QuantFundAgent/venv/lib/python3.13/site-packages/sklearn/utils/validation.py:2691: UserWarning: X does not have valid feature names, but LGBMRegressor was fitted with feature names
  warnings.warn(
/Users/lucawurker/Desktop/Imperial/Master Thesis/QuantFundAgent/venv/lib/python3.13/site-packages/sklearn/utils/validation.py:2691: UserWarning: X does not have valid feature names, but LGBMRegressor was fitted with feature names
  warnings.warn(
14:07:08  INFO     evolution.loop          graphrag group 4 seeding: focus='Community 6: 14 mechanism(s) (LLM forecast overvaluation premium, LLM momentum extrapolation bias, LLM risk miscalibrati' mechanisms=[]
14:07:09  INFO     knowledge.embed_store   embed cache hit: 1723 papers, 12025 chunks
14:07:10  INFO     httpx                   HTTP Request: POST https://api.openai.com/v1/embeddings "HTTP/1.1 200 OK"
14:07:10  INFO     knowledge.retrieval     retrieved 4 paper(s) [application_of_deep_learning_for_factor_timing_in_asset_mana, statistical_arbitrage_in_multi_pair_trading_strategy_based_o, a_multi_factor_market_neutral_investment_strategy_for_new_yo, risk_management_and_return_prediction] for cardinality=1toN
14:07:41  INFO     httpx                   HTTP Request: POST https://api.openai.com/v1/chat/completions "HTTP/1.1 200 OK"
14:08:14  INFO     httpx                   HTTP Request: POST https://api.openai.com/v1/chat/completions "HTTP/1.1 200 OK"
14:08:32  INFO     httpx                   HTTP Request: POST https://api.openai.com/v1/chat/completions "HTTP/1.1 200 OK"
14:09:04  INFO     httpx                   HTTP Request: POST https://api.openai.com/v1/chat/completions "HTTP/1.1 200 OK"
14:09:16  INFO     httpx                   HTTP Request: POST https://api.openai.com/v1/chat/completions "HTTP/1.1 200 OK"
14:09:16  INFO     factor_research         [session evo-seed-0-group-4-creative] brainstorm call (own-knowledge, asked 1, 9773 tok): 11.9s
14:09:40  INFO     httpx                   HTTP Request: POST https://api.openai.com/v1/chat/completions "HTTP/1.1 200 OK"
14:09:41  INFO     httpx                   HTTP Request: POST https://api.openai.com/v1/chat/completions "HTTP/1.1 200 OK"
14:10:02  INFO     httpx                   HTTP Request: POST https://api.openai.com/v1/chat/completions "HTTP/1.1 200 OK"
14:10:04  INFO     httpx                   HTTP Request: POST https://api.openai.com/v1/chat/completions "HTTP/1.1 200 OK"
14:10:06  INFO     httpx                   HTTP Request: POST https://api.openai.com/v1/chat/completions "HTTP/1.1 200 OK"
<factor:sector_phase_coherence_follower_alpha>:95: RuntimeWarning: invalid value encountered in divide
<factor:sector_phase_coherence_follower_alpha>:101: RuntimeWarning: invalid value encountered in divide
14:10:07  INFO     httpx                   HTTP Request: POST https://api.openai.com/v1/chat/completions "HTTP/1.1 200 OK"
14:10:10  INFO     httpx                   HTTP Request: POST https://api.openai.com/v1/chat/completions "HTTP/1.1 200 OK"
14:10:12  INFO     httpx                   HTTP Request: POST https://api.openai.com/v1/chat/completions "HTTP/1.1 200 OK"
14:10:22  INFO     httpx                   HTTP Request: POST https://api.openai.com/v1/chat/completions "HTTP/1.1 200 OK"
14:10:23  INFO     httpx                   HTTP Request: POST https://api.openai.com/v1/chat/completions "HTTP/1.1 200 OK"
14:10:38  INFO     httpx                   HTTP Request: POST https://api.openai.com/v1/chat/completions "HTTP/1.1 200 OK"
14:10:38  INFO     evolution.loop          [seed:fundamental_downside_beta_miscalibration] codegen attempt failed (calc() raised on synthetic data: Series.sub does not support a DataFrame `other`. Use df.sub(ser) instead.)
14:10:42  INFO     httpx                   HTTP Request: POST https://api.openai.com/v1/chat/completions "HTTP/1.1 200 OK"
14:11:12  INFO     httpx                   HTTP Request: POST https://api.openai.com/v1/chat/completions "HTTP/1.1 200 OK"
14:11:12  INFO     evolution.loop          seeded 12/12 program(s) from 12 idea(s)
<factor:sector_phase_coherence_follower_alpha>:95: RuntimeWarning: invalid value encountered in divide
<factor:sector_phase_coherence_follower_alpha>:101: RuntimeWarning: invalid value encountered in divide
<factor:sector_phase_coherence_follower_alpha_jit0>:66: RuntimeWarning: invalid value encountered in divide
<factor:sector_phase_coherence_follower_alpha_jit0>:71: RuntimeWarning: invalid value encountered in divide
14:11:13  WARNING  research.service        [evaluate_fitness] jitter probe sector_phase_coherence_follower_alpha_jit0 failed (min_periods 48 must be <= window 43) — skipped
<factor:sector_phase_coherence_follower_alpha_jit1>:66: RuntimeWarning: invalid value encountered in divide
<factor:sector_phase_coherence_follower_alpha_jit1>:71: RuntimeWarning: invalid value encountered in divide
/Users/lucawurker/Desktop/Imperial/Master Thesis/QuantFundAgent/venv/lib/python3.13/site-packages/sklearn/utils/validation.py:2691: UserWarning: X does not have valid feature names, but LGBMRegressor was fitted with feature names
  warnings.warn(
/Users/lucawurker/Desktop/Imperial/Master Thesis/QuantFundAgent/venv/lib/python3.13/site-packages/sklearn/utils/validation.py:2691: UserWarning: X does not have valid feature names, but LGBMRegressor was fitted with feature names
  warnings.warn(
/Users/lucawurker/Desktop/Imperial/Master Thesis/QuantFundAgent/venv/lib/python3.13/site-packages/sklearn/utils/validation.py:2691: UserWarning: X does not have valid feature names, but LGBMRegressor was fitted with feature names
  warnings.warn(
/Users/lucawurker/Desktop/Imperial/Master Thesis/QuantFundAgent/venv/lib/python3.13/site-packages/sklearn/utils/validation.py:2691: UserWarning: X does not have valid feature names, but LGBMRegressor was fitted with feature names
  warnings.warn(
<factor:persistent_homology_loop_mispricing>:82: RuntimeWarning: Mean of empty slice
14:11:24  INFO     evolution.loop          [persistent_homology_loop_mispricing] evaluation failed: candidate signal failed: index 178 is out of bounds for axis 0 with size 176
/Users/lucawurker/Desktop/Imperial/Master Thesis/QuantFundAgent/venv/lib/python3.13/site-packages/sklearn/utils/validation.py:2691: UserWarning: X does not have valid feature names, but LGBMRegressor was fitted with feature names
  warnings.warn(
/Users/lucawurker/Desktop/Imperial/Master Thesis/QuantFundAgent/venv/lib/python3.13/site-packages/sklearn/utils/validation.py:2691: UserWarning: X does not have valid feature names, but LGBMRegressor was fitted with feature names
  warnings.warn(
/Users/lucawurker/Desktop/Imperial/Master Thesis/QuantFundAgent/venv/lib/python3.13/site-packages/sklearn/utils/validation.py:2691: UserWarning: X does not have valid feature names, but LGBMRegressor was fitted with feature names
  warnings.warn(
/Users/lucawurker/Desktop/Imperial/Master Thesis/QuantFundAgent/venv/lib/python3.13/site-packages/sklearn/utils/validation.py:2691: UserWarning: X does not have valid feature names, but LGBMRegressor was fitted with feature names
  warnings.warn(
/Users/lucawurker/Desktop/Imperial/Master Thesis/QuantFundAgent/venv/lib/python3.13/site-packages/sklearn/utils/validation.py:2691: UserWarning: X does not have valid feature names, but LGBMRegressor was fitted with feature names
  warnings.warn(
14:12:08  INFO     evolution.loop          [sector_beta_entropy_repricing_wedge] evaluation failed: candidate signal failed: "['CA', 'LIFE', 'MICC', 'SHLD', 'SNDK', 'VSNT'] not in index"
14:12:08  INFO     evolution.loop          [fundamental_downside_beta_miscalibration] evaluation failed: candidate signal failed: Length mismatch: Expected axis has 181 elements, new values have 180 elements
/Users/lucawurker/Desktop/Imperial/Master Thesis/QuantFundAgent/venv/lib/python3.13/site-packages/sklearn/utils/validation.py:2691: UserWarning: X does not have valid feature names, but LGBMRegressor was fitted with feature names
  warnings.warn(
14:12:12  INFO     evolution.loop          graphrag group 5 seeding: focus='Community 7: 14 mechanism(s) (asymmetric excitation of downward orders, asymmetric innovation distribution in volatility' mechanisms=[]
14:12:12  INFO     knowledge.embed_store   embed cache hit: 1723 papers, 12025 chunks
14:12:13  INFO     httpx                   HTTP Request: POST https://api.openai.com/v1/embeddings "HTTP/1.1 200 OK"
14:12:13  INFO     knowledge.retrieval     retrieved 4 paper(s) [application_of_deep_learning_for_factor_timing_in_asset_mana, statistical_arbitrage_in_multi_pair_trading_strategy_based_o, hidden_order_in_trades_predicts_the_size_of_price_moves, risk_management_and_return_prediction] for cardinality=1toN
14:12:44  INFO     httpx                   HTTP Request: POST https://api.openai.com/v1/chat/completions "HTTP/1.1 200 OK"
14:13:16  INFO     httpx                   HTTP Request: POST https://api.openai.com/v1/chat/completions "HTTP/1.1 200 OK"
14:13:48  INFO     httpx                   HTTP Request: POST https://api.openai.com/v1/chat/completions "HTTP/1.1 200 OK"
14:14:19  INFO     httpx                   HTTP Request: POST https://api.openai.com/v1/chat/completions "HTTP/1.1 200 OK"
14:14:40  INFO     httpx                   HTTP Request: POST https://api.openai.com/v1/chat/completions "HTTP/1.1 200 OK"
14:14:40  INFO     factor_research         [session evo-seed-0-group-5-creative] brainstorm call (own-knowledge, asked 1, 9877 tok): 20.8s
14:15:07  INFO     httpx                   HTTP Request: POST https://api.openai.com/v1/chat/completions "HTTP/1.1 200 OK"
14:15:07  INFO     httpx                   HTTP Request: POST https://api.openai.com/v1/chat/completions "HTTP/1.1 200 OK"
14:15:10  INFO     httpx                   HTTP Request: POST https://api.openai.com/v1/chat/completions "HTTP/1.1 200 OK"
14:15:11  INFO     httpx                   HTTP Request: POST https://api.openai.com/v1/chat/completions "HTTP/1.1 200 OK"
14:15:11  INFO     httpx                   HTTP Request: POST https://api.openai.com/v1/chat/completions "HTTP/1.1 200 OK"
14:15:12  INFO     httpx                   HTTP Request: POST https://api.openai.com/v1/chat/completions "HTTP/1.1 200 OK"
14:15:16  INFO     httpx                   HTTP Request: POST https://api.openai.com/v1/chat/completions "HTTP/1.1 200 OK"
14:15:19  INFO     httpx                   HTTP Request: POST https://api.openai.com/v1/chat/completions "HTTP/1.1 200 OK"
14:15:35  INFO     httpx                   HTTP Request: POST https://api.openai.com/v1/chat/completions "HTTP/1.1 200 OK"
14:15:38  INFO     httpx                   HTTP Request: POST https://api.openai.com/v1/chat/completions "HTTP/1.1 200 OK"
14:15:40  INFO     httpx                   HTTP Request: POST https://api.openai.com/v1/chat/completions "HTTP/1.1 200 OK"
14:15:49  INFO     httpx                   HTTP Request: POST https://api.openai.com/v1/chat/completions "HTTP/1.1 200 OK"
14:15:49  INFO     evolution.loop          [seed:sector_tail_synchrony_balance_sheet_sort] codegen attempt failed (calc() raised on synthetic data: DataFrame.groupby() got an unexpected keyword argument 'axis')
14:16:31  INFO     httpx                   HTTP Request: POST https://api.openai.com/v1/chat/completions "HTTP/1.1 200 OK"
14:16:31  INFO     evolution.loop          seeded 12/12 program(s) from 12 idea(s)
/Users/lucawurker/Desktop/Imperial/Master Thesis/QuantFundAgent/venv/lib/python3.13/site-packages/sklearn/utils/validation.py:2691: UserWarning: X does not have valid feature names, but LGBMRegressor was fitted with feature names
  warnings.warn(
/Users/lucawurker/Desktop/Imperial/Master Thesis/QuantFundAgent/venv/lib/python3.13/site-packages/sklearn/utils/validation.py:2691: UserWarning: X does not have valid feature names, but LGBMRegressor was fitted with feature names
  warnings.warn(
/Users/lucawurker/Desktop/Imperial/Master Thesis/QuantFundAgent/venv/lib/python3.13/site-packages/sklearn/utils/validation.py:2691: UserWarning: X does not have valid feature names, but LGBMRegressor was fitted with feature names
  warnings.warn(
/Users/lucawurker/Desktop/Imperial/Master Thesis/QuantFundAgent/venv/lib/python3.13/site-packages/sklearn/utils/validation.py:2691: UserWarning: X does not have valid feature names, but LGBMRegressor was fitted with feature names
  warnings.warn(
/Users/lucawurker/Desktop/Imperial/Master Thesis/QuantFundAgent/venv/lib/python3.13/site-packages/sklearn/utils/validation.py:2691: UserWarning: X does not have valid feature names, but LGBMRegressor was fitted with feature names
  warnings.warn(
/Users/lucawurker/Desktop/Imperial/Master Thesis/QuantFundAgent/venv/lib/python3.13/site-packages/sklearn/utils/validation.py:2691: UserWarning: X does not have valid feature names, but LGBMRegressor was fitted with feature names
  warnings.warn(
/Users/lucawurker/Desktop/Imperial/Master Thesis/QuantFundAgent/venv/lib/python3.13/site-packages/sklearn/utils/validation.py:2691: UserWarning: X does not have valid feature names, but LGBMRegressor was fitted with feature names
  warnings.warn(
<factor:dynamic_peer_crash_mode_residual>:109: RuntimeWarning: invalid value encountered in scalar multiply
<factor:dynamic_peer_crash_mode_residual>:53: RuntimeWarning: invalid value encountered in subtract
<factor:industry_eigenmode_reaction_deficit>:49: RuntimeWarning: divide by zero encountered in divide
<factor:industry_eigenmode_reaction_deficit>:49: RuntimeWarning: invalid value encountered in divide
/Users/lucawurker/Desktop/Imperial/Master Thesis/QuantFundAgent/venv/lib/python3.13/site-packages/sklearn/utils/validation.py:2691: UserWarning: X does not have valid feature names, but LGBMRegressor was fitted with feature names
  warnings.warn(
/Users/lucawurker/Desktop/Imperial/Master Thesis/QuantFundAgent/venv/lib/python3.13/site-packages/sklearn/utils/validation.py:2691: UserWarning: X does not have valid feature names, but LGBMRegressor was fitted with feature names
  warnings.warn(
/Users/lucawurker/Desktop/Imperial/Master Thesis/QuantFundAgent/venv/lib/python3.13/site-packages/sklearn/utils/validation.py:2691: UserWarning: X does not have valid feature names, but LGBMRegressor was fitted with feature names
  warnings.warn(
/Users/lucawurker/Desktop/Imperial/Master Thesis/QuantFundAgent/venv/lib/python3.13/site-packages/sklearn/utils/validation.py:2691: UserWarning: X does not have valid feature names, but LGBMRegressor was fitted with feature names
  warnings.warn(
14:17:06  INFO     evolution.loop          [sector_tail_synchrony_balance_sheet_sort] evaluation failed: candidate signal failed: "None of [Index(['CA'], dtype='str')] are in the [columns]"
/Users/lucawurker/Desktop/Imperial/Master Thesis/QuantFundAgent/venv/lib/python3.13/site-packages/sklearn/utils/validation.py:2691: UserWarning: X does not have valid feature names, but LGBMRegressor was fitted with feature names
  warnings.warn(
14:17:09  WARNING  research.service        [evaluate_fitness] jitter probe critical_downside_variance_relaxation_gap_jit0 failed (min_periods 3 must be <= window 2) — skipped
/Users/lucawurker/Desktop/Imperial/Master Thesis/QuantFundAgent/venv/lib/python3.13/site-packages/sklearn/utils/validation.py:2691: UserWarning: X does not have valid feature names, but LGBMRegressor was fitted with feature names
  warnings.warn(
/Users/lucawurker/Desktop/Imperial/Master Thesis/QuantFundAgent/venv/lib/python3.13/site-packages/sklearn/utils/validation.py:2691: UserWarning: X does not have valid feature names, but LGBMRegressor was fitted with feature names
  warnings.warn(
/Users/lucawurker/Desktop/Imperial/Master Thesis/QuantFundAgent/venv/lib/python3.13/site-packages/sklearn/utils/validation.py:2691: UserWarning: X does not have valid feature names, but LGBMRegressor was fitted with feature names
  warnings.warn(
14:17:13  INFO     evolution.loop          graphrag group 6 seeding: focus='Community 9: 13 mechanism(s) (informed trader execution scheduling, limit order arrival and cancellation impact, liquidi' mechanisms=[]
14:17:13  INFO     knowledge.embed_store   embed cache hit: 1723 papers, 12025 chunks
14:17:14  INFO     httpx                   HTTP Request: POST https://api.openai.com/v1/embeddings "HTTP/1.1 200 OK"
14:17:14  INFO     knowledge.retrieval     retrieved 4 paper(s) [statistical_arbitrage_in_multi_pair_trading_strategy_based_o, application_of_deep_learning_for_factor_timing_in_asset_mana, hidden_order_in_trades_predicts_the_size_of_price_moves, a_multi_factor_market_neutral_investment_strategy_for_new_yo] for cardinality=1toN
14:17:39  INFO     httpx                   HTTP Request: POST https://api.openai.com/v1/chat/completions "HTTP/1.1 200 OK"
14:18:11  INFO     httpx                   HTTP Request: POST https://api.openai.com/v1/chat/completions "HTTP/1.1 200 OK"
14:18:36  INFO     httpx                   HTTP Request: POST https://api.openai.com/v1/chat/completions "HTTP/1.1 200 OK"
14:19:01  INFO     httpx                   HTTP Request: POST https://api.openai.com/v1/chat/completions "HTTP/1.1 200 OK"
14:19:16  INFO     httpx                   HTTP Request: POST https://api.openai.com/v1/chat/completions "HTTP/1.1 200 OK"
14:19:16  INFO     factor_research         [session evo-seed-0-group-6-creative] brainstorm call (own-knowledge, asked 1, 9974 tok): 15.2s
14:19:37  INFO     httpx                   HTTP Request: POST https://api.openai.com/v1/chat/completions "HTTP/1.1 200 OK"
14:19:45  INFO     httpx                   HTTP Request: POST https://api.openai.com/v1/chat/completions "HTTP/1.1 200 OK"
14:19:46  INFO     httpx                   HTTP Request: POST https://api.openai.com/v1/chat/completions "HTTP/1.1 200 OK"
14:19:48  INFO     httpx                   HTTP Request: POST https://api.openai.com/v1/chat/completions "HTTP/1.1 200 OK"
14:19:53  INFO     httpx                   HTTP Request: POST https://api.openai.com/v1/chat/completions "HTTP/1.1 200 OK"
14:19:54  INFO     httpx                   HTTP Request: POST https://api.openai.com/v1/chat/completions "HTTP/1.1 200 OK"
14:19:54  INFO     httpx                   HTTP Request: POST https://api.openai.com/v1/chat/completions "HTTP/1.1 200 OK"
14:19:56  INFO     httpx                   HTTP Request: POST https://api.openai.com/v1/chat/completions "HTTP/1.1 200 OK"
14:19:57  INFO     httpx                   HTTP Request: POST https://api.openai.com/v1/chat/completions "HTTP/1.1 200 OK"
14:20:01  INFO     httpx                   HTTP Request: POST https://api.openai.com/v1/chat/completions "HTTP/1.1 200 OK"
14:20:15  INFO     httpx                   HTTP Request: POST https://api.openai.com/v1/chat/completions "HTTP/1.1 200 OK"
14:20:25  INFO     httpx                   HTTP Request: POST https://api.openai.com/v1/chat/completions "HTTP/1.1 200 OK"
14:20:26  INFO     evolution.loop          [seed:causal_volume_impact_phase_lead] codegen attempt failed (calc() raised on synthetic data: 'DataFrame' object has no attribute 'conjugate')
14:20:50  INFO     httpx                   HTTP Request: POST https://api.openai.com/v1/chat/completions "HTTP/1.1 200 OK"
14:20:50  INFO     evolution.loop          seeded 12/12 program(s) from 12 idea(s)
/Users/lucawurker/Desktop/Imperial/Master Thesis/QuantFundAgent/venv/lib/python3.13/site-packages/sklearn/utils/validation.py:2691: UserWarning: X does not have valid feature names, but LGBMRegressor was fitted with feature names
  warnings.warn(
14:20:57  WARNING  research.service        [evaluate_fitness] jitter probe correlation_basket_flow_response_lag_jit0 failed (min_periods 3 must be <= window 2) — skipped
/Users/lucawurker/Desktop/Imperial/Master Thesis/QuantFundAgent/venv/lib/python3.13/site-packages/sklearn/utils/validation.py:2691: UserWarning: X does not have valid feature names, but LGBMRegressor was fitted with feature names
  warnings.warn(
14:21:02  INFO     evolution.loop          [endpoint_liquidity_withdrawal_persistence] evaluation failed: candidate signal failed: boolean index did not match indexed array along axis 0; size of axis is 181 but size of corresponding boolean axis is 176
/Users/lucawurker/Desktop/Imperial/Master Thesis/QuantFundAgent/venv/lib/python3.13/site-packages/sklearn/utils/validation.py:2691: UserWarning: X does not have valid feature names, but LGBMRegressor was fitted with feature names
  warnings.warn(
/Users/lucawurker/Desktop/Imperial/Master Thesis/QuantFundAgent/venv/lib/python3.13/site-packages/sklearn/utils/validation.py:2691: UserWarning: X does not have valid feature names, but LGBMRegressor was fitted with feature names
  warnings.warn(
/Users/lucawurker/Desktop/Imperial/Master Thesis/QuantFundAgent/venv/lib/python3.13/site-packages/sklearn/utils/validation.py:2691: UserWarning: X does not have valid feature names, but LGBMRegressor was fitted with feature names
  warnings.warn(
/Users/lucawurker/Desktop/Imperial/Master Thesis/QuantFundAgent/venv/lib/python3.13/site-packages/sklearn/utils/validation.py:2691: UserWarning: X does not have valid feature names, but LGBMRegressor was fitted with feature names
  warnings.warn(
14:21:08  INFO     evolution.loop          [opening_gap_rejection_inventory_release] evaluation failed: candidate signal failed: operands could not be broadcast together with shapes (2324,164) (2324,162) 
14:21:11  WARNING  research.service        [evaluate_fitness] jitter probe runlength_entropy_execution_polarity_jit0 failed (min_periods 20 must be <= window 18) — skipped
/Users/lucawurker/Desktop/Imperial/Master Thesis/QuantFundAgent/venv/lib/python3.13/site-packages/sklearn/utils/validation.py:2691: UserWarning: X does not have valid feature names, but LGBMRegressor was fitted with feature names
  warnings.warn(
/Users/lucawurker/Desktop/Imperial/Master Thesis/QuantFundAgent/venv/lib/python3.13/site-packages/sklearn/utils/validation.py:2691: UserWarning: X does not have valid feature names, but LGBMRegressor was fitted with feature names
  warnings.warn(
/Users/lucawurker/Desktop/Imperial/Master Thesis/QuantFundAgent/venv/lib/python3.13/site-packages/sklearn/utils/validation.py:2691: UserWarning: X does not have valid feature names, but LGBMRegressor was fitted with feature names
  warnings.warn(
/Users/lucawurker/Desktop/Imperial/Master Thesis/QuantFundAgent/venv/lib/python3.13/site-packages/sklearn/utils/validation.py:2691: UserWarning: X does not have valid feature names, but LGBMRegressor was fitted with feature names
  warnings.warn(
/Users/lucawurker/Desktop/Imperial/Master Thesis/QuantFundAgent/venv/lib/python3.13/site-packages/sklearn/utils/validation.py:2691: UserWarning: X does not have valid feature names, but LGBMRegressor was fitted with feature names
  warnings.warn(
/Users/lucawurker/Desktop/Imperial/Master Thesis/QuantFundAgent/venv/lib/python3.13/site-packages/sklearn/utils/validation.py:2691: UserWarning: X does not have valid feature names, but LGBMRegressor was fitted with feature names
  warnings.warn(
/Users/lucawurker/Desktop/Imperial/Master Thesis/QuantFundAgent/venv/lib/python3.13/site-packages/sklearn/utils/validation.py:2691: UserWarning: X does not have valid feature names, but LGBMRegressor was fitted with feature names
  warnings.warn(
14:21:23  WARNING  research.service        [evaluate_fitness] jitter probe causal_volume_impact_phase_lead_jit0 failed (min_periods 15 must be <= window 14) — skipped
/Users/lucawurker/Desktop/Imperial/Master Thesis/QuantFundAgent/venv/lib/python3.13/site-packages/sklearn/utils/validation.py:2691: UserWarning: X does not have valid feature names, but LGBMRegressor was fitted with feature names
  warnings.warn(
14:21:24  INFO     evolution.loop          graphrag group 7 seeding: focus='Community 10: 11 mechanism(s) (competitive excess trading, information signal exploitation with rapid decay, inventory-a' mechanisms=[]
14:21:25  INFO     knowledge.embed_store   embed cache hit: 1723 papers, 12025 chunks
14:21:26  INFO     httpx                   HTTP Request: POST https://api.openai.com/v1/embeddings "HTTP/1.1 200 OK"
14:21:26  INFO     knowledge.retrieval     retrieved 4 paper(s) [statistical_arbitrage_in_multi_pair_trading_strategy_based_o, application_of_deep_learning_for_factor_timing_in_asset_mana, hidden_order_in_trades_predicts_the_size_of_price_moves, risk_management_and_return_prediction] for cardinality=1toN
14:21:58  INFO     httpx                   HTTP Request: POST https://api.openai.com/v1/chat/completions "HTTP/1.1 200 OK"
14:22:38  INFO     httpx                   HTTP Request: POST https://api.openai.com/v1/chat/completions "HTTP/1.1 200 OK"
14:23:22  INFO     httpx                   HTTP Request: POST https://api.openai.com/v1/chat/completions "HTTP/1.1 200 OK"
14:23:50  INFO     httpx                   HTTP Request: POST https://api.openai.com/v1/chat/completions "HTTP/1.1 200 OK"
14:24:00  INFO     httpx                   HTTP Request: POST https://api.openai.com/v1/chat/completions "HTTP/1.1 200 OK"
14:24:00  INFO     factor_research         [session evo-seed-0-group-7-creative] brainstorm call (own-knowledge, asked 1, 10074 tok): 9.6s
14:24:09  INFO     httpx                   HTTP Request: POST https://api.openai.com/v1/chat/completions "HTTP/1.1 200 OK"
14:24:09  INFO     evolution.loop          [seed:solvency_screened_liquidation_bounce] codegen attempt failed (calc() raised on synthetic data: DataFrame.groupby() got an unexpected keyword argument 'axis')
14:24:18  INFO     httpx                   HTTP Request: POST https://api.openai.com/v1/chat/completions "HTTP/1.1 200 OK"
14:24:29  INFO     httpx                   HTTP Request: POST https://api.openai.com/v1/chat/completions "HTTP/1.1 200 OK"
14:24:30  INFO     httpx                   HTTP Request: POST https://api.openai.com/v1/chat/completions "HTTP/1.1 200 OK"
14:24:33  INFO     httpx                   HTTP Request: POST https://api.openai.com/v1/chat/completions "HTTP/1.1 200 OK"
14:24:43  INFO     httpx                   HTTP Request: POST https://api.openai.com/v1/chat/completions "HTTP/1.1 200 OK"
14:24:44  INFO     httpx                   HTTP Request: POST https://api.openai.com/v1/chat/completions "HTTP/1.1 200 OK"
14:24:44  INFO     httpx                   HTTP Request: POST https://api.openai.com/v1/chat/completions "HTTP/1.1 200 OK"
14:24:45  INFO     httpx                   HTTP Request: POST https://api.openai.com/v1/chat/completions "HTTP/1.1 200 OK"
14:25:04  INFO     httpx                   HTTP Request: POST https://api.openai.com/v1/chat/completions "HTTP/1.1 200 OK"
14:25:06  INFO     httpx                   HTTP Request: POST https://api.openai.com/v1/chat/completions "HTTP/1.1 200 OK"
14:25:08  INFO     httpx                   HTTP Request: POST https://api.openai.com/v1/chat/completions "HTTP/1.1 200 OK"
14:25:12  INFO     httpx                   HTTP Request: POST https://api.openai.com/v1/chat/completions "HTTP/1.1 200 OK"
14:25:12  INFO     evolution.loop          seeded 12/12 program(s) from 12 idea(s)
/Users/lucawurker/Desktop/Imperial/Master Thesis/QuantFundAgent/venv/lib/python3.13/site-packages/sklearn/utils/validation.py:2691: UserWarning: X does not have valid feature names, but LGBMRegressor was fitted with feature names
  warnings.warn(
14:25:38  WARNING  research.service        [evaluate_fitness] jitter probe transient_propagator_inventory_markout_jit0 failed (min_periods 20 must be <= window 18) — skipped
/Users/lucawurker/Desktop/Imperial/Master Thesis/QuantFundAgent/venv/lib/python3.13/site-packages/sklearn/utils/validation.py:2691: UserWarning: X does not have valid feature names, but LGBMRegressor was fitted with feature names
  warnings.warn(
/Users/lucawurker/Desktop/Imperial/Master Thesis/QuantFundAgent/venv/lib/python3.13/site-packages/sklearn/utils/validation.py:2691: UserWarning: X does not have valid feature names, but LGBMRegressor was fitted with feature names
  warnings.warn(
/Users/lucawurker/Desktop/Imperial/Master Thesis/QuantFundAgent/venv/lib/python3.13/site-packages/sklearn/utils/validation.py:2691: UserWarning: X does not have valid feature names, but LGBMRegressor was fitted with feature names
  warnings.warn(
<factor:industry_eigenmode_reaction_deficit>:49: RuntimeWarning: divide by zero encountered in divide
<factor:industry_eigenmode_reaction_deficit>:49: RuntimeWarning: invalid value encountered in divide
/Users/lucawurker/Desktop/Imperial/Master Thesis/QuantFundAgent/venv/lib/python3.13/site-packages/sklearn/utils/validation.py:2691: UserWarning: X does not have valid feature names, but LGBMRegressor was fitted with feature names
  warnings.warn(
/Users/lucawurker/Desktop/Imperial/Master Thesis/QuantFundAgent/venv/lib/python3.13/site-packages/sklearn/utils/validation.py:2691: UserWarning: X does not have valid feature names, but LGBMRegressor was fitted with feature names
  warnings.warn(
/Users/lucawurker/Desktop/Imperial/Master Thesis/QuantFundAgent/venv/lib/python3.13/site-packages/sklearn/utils/validation.py:2691: UserWarning: X does not have valid feature names, but LGBMRegressor was fitted with feature names
  warnings.warn(
/Users/lucawurker/Desktop/Imperial/Master Thesis/QuantFundAgent/venv/lib/python3.13/site-packages/sklearn/utils/validation.py:2691: UserWarning: X does not have valid feature names, but LGBMRegressor was fitted with feature names
  warnings.warn(
14:26:23  WARNING  research.service        [evaluate_fitness] jitter probe decelerating_volume_time_inventory_unwind_jit0 failed (min_periods 10 must be <= window 9) — skipped
/Users/lucawurker/Desktop/Imperial/Master Thesis/QuantFundAgent/venv/lib/python3.13/site-packages/sklearn/utils/validation.py:2691: UserWarning: X does not have valid feature names, but LGBMRegressor was fitted with feature names
  warnings.warn(
/Users/lucawurker/Desktop/Imperial/Master Thesis/QuantFundAgent/venv/lib/python3.13/site-packages/sklearn/utils/validation.py:2691: UserWarning: X does not have valid feature names, but LGBMRegressor was fitted with feature names
  warnings.warn(
/Users/lucawurker/Desktop/Imperial/Master Thesis/QuantFundAgent/venv/lib/python3.13/site-packages/sklearn/utils/validation.py:2691: UserWarning: X does not have valid feature names, but LGBMRegressor was fitted with feature names
  warnings.warn(
14:26:30  INFO     evolution.loop          [sector_weight_entropy_migration] evaluation failed: candidate signal failed: "None of [Index(['CA'], dtype='str')] are in the [columns]"
/Users/lucawurker/Desktop/Imperial/Master Thesis/QuantFundAgent/venv/lib/python3.13/site-packages/sklearn/utils/validation.py:2691: UserWarning: X does not have valid feature names, but LGBMRegressor was fitted with feature names
  warnings.warn(
14:26:32  INFO     evolution.loop          generation 0: population=77, archive=8, n_trials=77
14:27:08  INFO     httpx                   HTTP Request: POST https://api.openai.com/v1/chat/completions "HTTP/1.1 200 OK"
14:27:08  INFO     evolution.loop          child attempt failed (calc() raised on synthetic data: Must specify axis=0 or 1) — retrying with feedback
14:27:11  INFO     httpx                   HTTP Request: POST https://api.openai.com/v1/chat/completions "HTTP/1.1 200 OK"
14:27:12  INFO     httpx                   HTTP Request: POST https://api.openai.com/v1/chat/completions "HTTP/1.1 200 OK"
14:27:13  INFO     httpx                   HTTP Request: POST https://api.openai.com/v1/chat/completions "HTTP/1.1 200 OK"
14:27:13  INFO     evolution.loop          child attempt failed (syntax error: unexpected character after line continuation character (<unknown>, line 1)) — retrying with feedback
14:27:15  INFO     httpx                   HTTP Request: POST https://api.openai.com/v1/chat/completions "HTTP/1.1 200 OK"
14:27:17  INFO     httpx                   HTTP Request: POST https://api.openai.com/v1/chat/completions "HTTP/1.1 200 OK"
14:27:19  INFO     httpx                   HTTP Request: POST https://api.openai.com/v1/chat/completions "HTTP/1.1 200 OK"
14:27:28  INFO     httpx                   HTTP Request: POST https://api.openai.com/v1/chat/completions "HTTP/1.1 200 OK"
14:27:40  INFO     httpx                   HTTP Request: POST https://api.openai.com/v1/chat/completions "HTTP/1.1 200 OK"
14:27:40  INFO     evolution.loop          child failed twice (syntax error: unexpected character after line continuation character (<unknown>, line 1)) — dropped
14:27:40  INFO     httpx                   HTTP Request: POST https://api.openai.com/v1/chat/completions "HTTP/1.1 200 OK"
14:27:40  INFO     evolution.loop          child attempt failed (unexpected character after line continuation character (<unknown>, line 1)) — retrying with feedback
14:27:46  INFO     httpx                   HTTP Request: POST https://api.openai.com/v1/chat/completions "HTTP/1.1 200 OK"
14:27:51  INFO     httpx                   HTTP Request: POST https://api.openai.com/v1/chat/completions "HTTP/1.1 200 OK"
14:27:52  INFO     httpx                   HTTP Request: POST https://api.openai.com/v1/chat/completions "HTTP/1.1 200 OK"
14:27:52  INFO     httpx                   HTTP Request: POST https://api.openai.com/v1/chat/completions "HTTP/1.1 200 OK"
14:27:58  INFO     httpx                   HTTP Request: POST https://api.openai.com/v1/chat/completions "HTTP/1.1 200 OK"
14:28:05  INFO     httpx                   HTTP Request: POST https://api.openai.com/v1/chat/completions "HTTP/1.1 200 OK"
14:28:18  INFO     httpx                   HTTP Request: POST https://api.openai.com/v1/chat/completions "HTTP/1.1 200 OK"
14:28:21  INFO     httpx                   HTTP Request: POST https://api.openai.com/v1/chat/completions "HTTP/1.1 200 OK"
14:28:23  INFO     httpx                   HTTP Request: POST https://api.openai.com/v1/chat/completions "HTTP/1.1 200 OK"
14:28:23  INFO     evolution.loop          child attempt failed (Unterminated string starting at: line 10 column 11 (char 1340)) — retrying with feedback
14:28:26  INFO     httpx                   HTTP Request: POST https://api.openai.com/v1/chat/completions "HTTP/1.1 200 OK"
14:28:29  INFO     httpx                   HTTP Request: POST https://api.openai.com/v1/chat/completions "HTTP/1.1 200 OK"
14:28:29  INFO     evolution.loop          child attempt failed (syntax error: unexpected character after line continuation character (<unknown>, line 1)) — retrying with feedback
14:28:36  INFO     httpx                   HTTP Request: POST https://api.openai.com/v1/chat/completions "HTTP/1.1 200 OK"
14:28:36  INFO     evolution.loop          child attempt failed (syntax error: unexpected character after line continuation character (<unknown>, line 1)) — retrying with feedback
14:28:43  INFO     httpx                   HTTP Request: POST https://api.openai.com/v1/chat/completions "HTTP/1.1 200 OK"
14:28:43  INFO     evolution.loop          child attempt failed (syntax error: unexpected character after line continuation character (<unknown>, line 1)) — retrying with feedback
14:28:44  INFO     httpx                   HTTP Request: POST https://api.openai.com/v1/chat/completions "HTTP/1.1 200 OK"
14:28:54  INFO     httpx                   HTTP Request: POST https://api.openai.com/v1/chat/completions "HTTP/1.1 200 OK"
14:28:56  INFO     httpx                   HTTP Request: POST https://api.openai.com/v1/chat/completions "HTTP/1.1 200 OK"
14:28:56  INFO     evolution.loop          child attempt failed (Unterminated string starting at: line 10 column 11 (char 1341)) — retrying with feedback
14:28:58  INFO     httpx                   HTTP Request: POST https://api.openai.com/v1/chat/completions "HTTP/1.1 200 OK"
14:29:01  INFO     httpx                   HTTP Request: POST https://api.openai.com/v1/chat/completions "HTTP/1.1 200 OK"
14:29:06  INFO     httpx                   HTTP Request: POST https://api.openai.com/v1/chat/completions "HTTP/1.1 200 OK"
14:29:06  INFO     evolution.loop          child failed twice (syntax error: unexpected character after line continuation character (<unknown>, line 1)) — dropped
14:29:09  INFO     httpx                   HTTP Request: POST https://api.openai.com/v1/chat/completions "HTTP/1.1 200 OK"
14:29:24  INFO     httpx                   HTTP Request: POST https://api.openai.com/v1/chat/completions "HTTP/1.1 200 OK"
14:29:26  INFO     httpx                   HTTP Request: POST https://api.openai.com/v1/chat/completions "HTTP/1.1 200 OK"
14:29:26  INFO     evolution.loop          child attempt failed (syntax error: unexpected character after line continuation character (<unknown>, line 1)) — retrying with feedback
14:29:28  INFO     httpx                   HTTP Request: POST https://api.openai.com/v1/chat/completions "HTTP/1.1 200 OK"
14:29:30  INFO     httpx                   HTTP Request: POST https://api.openai.com/v1/chat/completions "HTTP/1.1 200 OK"
14:29:31  INFO     httpx                   HTTP Request: POST https://api.openai.com/v1/chat/completions "HTTP/1.1 200 OK"
14:29:44  INFO     httpx                   HTTP Request: POST https://api.openai.com/v1/chat/completions "HTTP/1.1 200 OK"
14:29:44  INFO     evolution.loop          child attempt failed (calc() raised on synthetic data: Series.sub does not support a DataFrame `other`. Use df.sub(ser) instead.) — retrying with feedback
14:29:45  INFO     httpx                   HTTP Request: POST https://api.openai.com/v1/chat/completions "HTTP/1.1 200 OK"
14:29:47  INFO     httpx                   HTTP Request: POST https://api.openai.com/v1/chat/completions "HTTP/1.1 200 OK"
14:29:51  INFO     httpx                   HTTP Request: POST https://api.openai.com/v1/chat/completions "HTTP/1.1 200 OK"
14:29:55  INFO     httpx                   HTTP Request: POST https://api.openai.com/v1/chat/completions "HTTP/1.1 200 OK"
14:29:58  INFO     httpx                   HTTP Request: POST https://api.openai.com/v1/chat/completions "HTTP/1.1 200 OK"
14:30:07  INFO     httpx                   HTTP Request: POST https://api.openai.com/v1/chat/completions "HTTP/1.1 200 OK"
14:30:13  INFO     httpx                   HTTP Request: POST https://api.openai.com/v1/chat/completions "HTTP/1.1 200 OK"
14:30:13  INFO     evolution.loop          child attempt failed (syntax error: unexpected character after line continuation character (<unknown>, line 1)) — retrying with feedback
14:30:16  INFO     httpx                   HTTP Request: POST https://api.openai.com/v1/chat/completions "HTTP/1.1 200 OK"
14:30:18  INFO     httpx                   HTTP Request: POST https://api.openai.com/v1/chat/completions "HTTP/1.1 200 OK"
14:30:18  INFO     evolution.loop          child attempt failed (syntax error: unexpected character after line continuation character (<unknown>, line 1)) — retrying with feedback
14:30:20  INFO     httpx                   HTTP Request: POST https://api.openai.com/v1/chat/completions "HTTP/1.1 200 OK"
14:30:23  INFO     httpx                   HTTP Request: POST https://api.openai.com/v1/chat/completions "HTTP/1.1 200 OK"
14:30:28  INFO     httpx                   HTTP Request: POST https://api.openai.com/v1/chat/completions "HTTP/1.1 200 OK"
14:30:36  INFO     httpx                   HTTP Request: POST https://api.openai.com/v1/chat/completions "HTTP/1.1 200 OK"
14:30:40  INFO     httpx                   HTTP Request: POST https://api.openai.com/v1/chat/completions "HTTP/1.1 200 OK"
14:30:40  INFO     evolution.loop          child failed twice (syntax error: unexpected character after line continuation character (<unknown>, line 1)) — dropped
14:30:58  INFO     httpx                   HTTP Request: POST https://api.openai.com/v1/chat/completions "HTTP/1.1 200 OK"
14:30:58  INFO     evolution.loop          child failed twice (syntax error: unexpected character after line continuation character (<unknown>, line 1)) — dropped
/Users/lucawurker/Desktop/Imperial/Master Thesis/QuantFundAgent/venv/lib/python3.13/site-packages/sklearn/utils/validation.py:2691: UserWarning: X does not have valid feature names, but LGBMRegressor was fitted with feature names
  warnings.warn(
/Users/lucawurker/Desktop/Imperial/Master Thesis/QuantFundAgent/venv/lib/python3.13/site-packages/sklearn/utils/validation.py:2691: UserWarning: X does not have valid feature names, but LGBMRegressor was fitted with feature names
  warnings.warn(
14:31:08  WARNING  research.service        [evaluate_fitness] jitter probe dual_consensus_coherence_price_lag_jit0 failed (min_periods 3 must be <= window 2) — skipped
/Users/lucawurker/Desktop/Imperial/Master Thesis/QuantFundAgent/venv/lib/python3.13/site-packages/sklearn/utils/validation.py:2691: UserWarning: X does not have valid feature names, but LGBMRegressor was fitted with feature names
  warnings.warn(
/Users/lucawurker/Desktop/Imperial/Master Thesis/QuantFundAgent/venv/lib/python3.13/site-packages/sklearn/utils/validation.py:2691: UserWarning: X does not have valid feature names, but LGBMRegressor was fitted with feature names
  warnings.warn(
/Users/lucawurker/Desktop/Imperial/Master Thesis/QuantFundAgent/venv/lib/python3.13/site-packages/sklearn/utils/validation.py:2691: UserWarning: X does not have valid feature names, but LGBMRegressor was fitted with feature names
  warnings.warn(
/Users/lucawurker/Desktop/Imperial/Master Thesis/QuantFundAgent/venv/lib/python3.13/site-packages/sklearn/utils/validation.py:2691: UserWarning: X does not have valid feature names, but LGBMRegressor was fitted with feature names
  warnings.warn(
14:31:17  WARNING  research.service        [evaluate_fitness] jitter probe mode_masked_revision_release_jit0 failed (min_periods 5 must be <= window 4) — skipped
/Users/lucawurker/Desktop/Imperial/Master Thesis/QuantFundAgent/venv/lib/python3.13/site-packages/sklearn/utils/validation.py:2691: UserWarning: X does not have valid feature names, but LGBMRegressor was fitted with feature names
  warnings.warn(
14:31:20  INFO     evolution.loop          [peer_revenue_shock_fixed_cost_spread] evaluation failed: candidate signal failed: "['BRCM', 'LLTC'] not in index"
/Users/lucawurker/Desktop/Imperial/Master Thesis/QuantFundAgent/venv/lib/python3.13/site-packages/sklearn/utils/validation.py:2691: UserWarning: X does not have valid feature names, but LGBMRegressor was fitted with feature names
  warnings.warn(
<factor:industry_eigenmode_reaction_deficit>:49: RuntimeWarning: divide by zero encountered in divide
<factor:industry_eigenmode_reaction_deficit>:49: RuntimeWarning: invalid value encountered in divide
/Users/lucawurker/Desktop/Imperial/Master Thesis/QuantFundAgent/venv/lib/python3.13/site-packages/sklearn/utils/validation.py:2691: UserWarning: X does not have valid feature names, but LGBMRegressor was fitted with feature names
  warnings.warn(
14:31:34  INFO     evolution.loop          [systemic_correlation_fragility_repricing] evaluation failed: candidate signal failed: pop index out of range
/Users/lucawurker/Desktop/Imperial/Master Thesis/QuantFundAgent/venv/lib/python3.13/site-packages/sklearn/utils/validation.py:2691: UserWarning: X does not have valid feature names, but LGBMRegressor was fitted with feature names
  warnings.warn(
/Users/lucawurker/Desktop/Imperial/Master Thesis/QuantFundAgent/venv/lib/python3.13/site-packages/sklearn/utils/validation.py:2691: UserWarning: X does not have valid feature names, but LGBMRegressor was fitted with feature names
  warnings.warn(
/Users/lucawurker/Desktop/Imperial/Master Thesis/QuantFundAgent/venv/lib/python3.13/site-packages/sklearn/utils/validation.py:2691: UserWarning: X does not have valid feature names, but LGBMRegressor was fitted with feature names
  warnings.warn(
/Users/lucawurker/Desktop/Imperial/Master Thesis/QuantFundAgent/venv/lib/python3.13/site-packages/sklearn/utils/validation.py:2691: UserWarning: X does not have valid feature names, but LGBMRegressor was fitted with feature names
  warnings.warn(
/Users/lucawurker/Desktop/Imperial/Master Thesis/QuantFundAgent/venv/lib/python3.13/site-packages/sklearn/utils/validation.py:2691: UserWarning: X does not have valid feature names, but LGBMRegressor was fitted with feature names
  warnings.warn(
/Users/lucawurker/Desktop/Imperial/Master Thesis/QuantFundAgent/venv/lib/python3.13/site-packages/sklearn/utils/validation.py:2691: UserWarning: X does not have valid feature names, but LGBMRegressor was fitted with feature names
  warnings.warn(
/Users/lucawurker/Desktop/Imperial/Master Thesis/QuantFundAgent/venv/lib/python3.13/site-packages/sklearn/utils/validation.py:2691: UserWarning: X does not have valid feature names, but LGBMRegressor was fitted with feature names
  warnings.warn(
/Users/lucawurker/Desktop/Imperial/Master Thesis/QuantFundAgent/venv/lib/python3.13/site-packages/sklearn/utils/validation.py:2691: UserWarning: X does not have valid feature names, but LGBMRegressor was fitted with feature names
  warnings.warn(
/Users/lucawurker/Desktop/Imperial/Master Thesis/QuantFundAgent/venv/lib/python3.13/site-packages/sklearn/utils/validation.py:2691: UserWarning: X does not have valid feature names, but LGBMRegressor was fitted with feature names
  warnings.warn(
/Users/lucawurker/Desktop/Imperial/Master Thesis/QuantFundAgent/venv/lib/python3.13/site-packages/sklearn/utils/validation.py:2691: UserWarning: X does not have valid feature names, but LGBMRegressor was fitted with feature names
  warnings.warn(
14:31:57  INFO     evolution.loop          [synchrony_crowded_attention_surprise_lag] evaluation failed: candidate signal failed: "['CA', 'LIFE', 'MICC', 'SHLD', 'SNDK', 'VSNT'] not in index"
/Users/lucawurker/Desktop/Imperial/Master Thesis/QuantFundAgent/venv/lib/python3.13/site-packages/sklearn/utils/validation.py:2691: UserWarning: X does not have valid feature names, but LGBMRegressor was fitted with feature names
  warnings.warn(
/Users/lucawurker/Desktop/Imperial/Master Thesis/QuantFundAgent/venv/lib/python3.13/site-packages/sklearn/utils/validation.py:2691: UserWarning: X does not have valid feature names, but LGBMRegressor was fitted with feature names
  warnings.warn(
14:32:03  INFO     evolution.loop          [estimate_staleness_directed_leader_gap] evaluation failed: candidate signal failed: "['CA', 'LIFE', 'MICC', 'SHLD', 'SNDK', 'VSNT'] not in index"
/Users/lucawurker/Desktop/Imperial/Master Thesis/QuantFundAgent/venv/lib/python3.13/site-packages/sklearn/utils/validation.py:2691: UserWarning: X does not have valid feature names, but LGBMRegressor was fitted with feature names
  warnings.warn(
/Users/lucawurker/Desktop/Imperial/Master Thesis/QuantFundAgent/venv/lib/python3.13/site-packages/sklearn/utils/validation.py:2691: UserWarning: X does not have valid feature names, but LGBMRegressor was fitted with feature names
  warnings.warn(
/Users/lucawurker/Desktop/Imperial/Master Thesis/QuantFundAgent/venv/lib/python3.13/site-packages/sklearn/utils/validation.py:2691: UserWarning: X does not have valid feature names, but LGBMRegressor was fitted with feature names
  warnings.warn(
<factor:industry_eigenmode_reaction_deficit>:49: RuntimeWarning: divide by zero encountered in divide
<factor:industry_eigenmode_reaction_deficit>:49: RuntimeWarning: invalid value encountered in divide
14:32:33  WARNING  research.service        [evaluate_fitness] jitter probe sector_coherent_impulse_beta_deficit_jit0 failed (min_periods 3 must be <= window 2) — skipped
/Users/lucawurker/Desktop/Imperial/Master Thesis/QuantFundAgent/venv/lib/python3.13/site-packages/sklearn/utils/validation.py:2691: UserWarning: X does not have valid feature names, but LGBMRegressor was fitted with feature names
  warnings.warn(
14:32:35  WARNING  research.service        [evaluate_fitness] jitter probe post_earnings_funding_fragility_amplifier_jit0 failed (min_periods 5 must be <= window 4) — skipped
/Users/lucawurker/Desktop/Imperial/Master Thesis/QuantFundAgent/venv/lib/python3.13/site-packages/sklearn/utils/validation.py:2691: UserWarning: X does not have valid feature names, but LGBMRegressor was fitted with feature names
  warnings.warn(
/Users/lucawurker/Desktop/Imperial/Master Thesis/QuantFundAgent/venv/lib/python3.13/site-packages/sklearn/utils/validation.py:2691: UserWarning: X does not have valid feature names, but LGBMRegressor was fitted with feature names
  warnings.warn(
/Users/lucawurker/Desktop/Imperial/Master Thesis/QuantFundAgent/venv/lib/python3.13/site-packages/sklearn/utils/validation.py:2691: UserWarning: X does not have valid feature names, but LGBMRegressor was fitted with feature names
  warnings.warn(
/Users/lucawurker/Desktop/Imperial/Master Thesis/QuantFundAgent/venv/lib/python3.13/site-packages/sklearn/utils/validation.py:2691: UserWarning: X does not have valid feature names, but LGBMRegressor was fitted with feature names
  warnings.warn(
/Users/lucawurker/Desktop/Imperial/Master Thesis/QuantFundAgent/venv/lib/python3.13/site-packages/sklearn/utils/validation.py:2691: UserWarning: X does not have valid feature names, but LGBMRegressor was fitted with feature names
  warnings.warn(
/Users/lucawurker/Desktop/Imperial/Master Thesis/QuantFundAgent/venv/lib/python3.13/site-packages/sklearn/utils/validation.py:2691: UserWarning: X does not have valid feature names, but LGBMRegressor was fitted with feature names
  warnings.warn(
/Users/lucawurker/Desktop/Imperial/Master Thesis/QuantFundAgent/venv/lib/python3.13/site-packages/sklearn/utils/validation.py:2691: UserWarning: X does not have valid feature names, but LGBMRegressor was fitted with feature names
  warnings.warn(
/Users/lucawurker/Desktop/Imperial/Master Thesis/QuantFundAgent/venv/lib/python3.13/site-packages/sklearn/utils/validation.py:2691: UserWarning: X does not have valid feature names, but LGBMRegressor was fitted with feature names
  warnings.warn(
14:32:53  WARNING  research.service        [evaluate_fitness] jitter probe participation_cadence_absorption_drift_jit0 failed (min_periods 5 must be <= window 4) — skipped
/Users/lucawurker/Desktop/Imperial/Master Thesis/QuantFundAgent/venv/lib/python3.13/site-packages/sklearn/utils/validation.py:2691: UserWarning: X does not have valid feature names, but LGBMRegressor was fitted with feature names
  warnings.warn(
14:32:55  WARNING  research.service        [evaluate_fitness] jitter probe auction_rejection_scheduled_flow_confirmation_jit0 failed (min_periods 32 must be <= window 29) — skipped
/Users/lucawurker/Desktop/Imperial/Master Thesis/QuantFundAgent/venv/lib/python3.13/site-packages/sklearn/utils/validation.py:2691: UserWarning: X does not have valid feature names, but LGBMRegressor was fitted with feature names
  warnings.warn(
/Users/lucawurker/Desktop/Imperial/Master Thesis/QuantFundAgent/venv/lib/python3.13/site-packages/sklearn/utils/validation.py:2691: UserWarning: X does not have valid feature names, but LGBMRegressor was fitted with feature names
  warnings.warn(
/Users/lucawurker/Desktop/Imperial/Master Thesis/QuantFundAgent/venv/lib/python3.13/site-packages/sklearn/utils/validation.py:2691: UserWarning: X does not have valid feature names, but LGBMRegressor was fitted with feature names
  warnings.warn(
14:34:13  INFO     evolution.loop          [transient_propagator_inventory_markout_j] evaluation failed: candidate signal failed: min_periods 5 must be <= window 4
14:34:13  INFO     evolution.loop          [decelerating_volume_time_inventory_unwind_j] evaluation failed: candidate signal failed: min_periods 10 must be <= window 9
/Users/lucawurker/Desktop/Imperial/Master Thesis/QuantFundAgent/venv/lib/python3.13/site-packages/sklearn/utils/validation.py:2691: UserWarning: X does not have valid feature names, but LGBMRegressor was fitted with feature names
  warnings.warn(
/Users/lucawurker/Desktop/Imperial/Master Thesis/QuantFundAgent/venv/lib/python3.13/site-packages/sklearn/utils/validation.py:2691: UserWarning: X does not have valid feature names, but LGBMRegressor was fitted with feature names
  warnings.warn(
14:34:18  INFO     evolution.loop          generation 1: 37/48 children admitted; archive=8; n_trials=114
14:34:46  INFO     httpx                   HTTP Request: POST https://api.openai.com/v1/chat/completions "HTTP/1.1 200 OK"
14:34:51  INFO     httpx                   HTTP Request: POST https://api.openai.com/v1/chat/completions "HTTP/1.1 200 OK"
14:34:54  INFO     httpx                   HTTP Request: POST https://api.openai.com/v1/chat/completions "HTTP/1.1 200 OK"
14:34:54  INFO     evolution.loop          child attempt failed (syntax error: unexpected character after line continuation character (<unknown>, line 1)) — retrying with feedback
14:34:58  INFO     httpx                   HTTP Request: POST https://api.openai.com/v1/chat/completions "HTTP/1.1 200 OK"
14:34:58  INFO     evolution.loop          child attempt failed (Unterminated string starting at: line 12 column 11 (char 1355)) — retrying with feedback
14:34:59  INFO     httpx                   HTTP Request: POST https://api.openai.com/v1/chat/completions "HTTP/1.1 200 OK"
14:34:59  INFO     evolution.loop          child attempt failed (Unterminated string starting at: line 12 column 11 (char 1463)) — retrying with feedback
14:35:03  INFO     httpx                   HTTP Request: POST https://api.openai.com/v1/chat/completions "HTTP/1.1 200 OK"
14:35:06  INFO     httpx                   HTTP Request: POST https://api.openai.com/v1/chat/completions "HTTP/1.1 200 OK"
14:35:06  INFO     evolution.loop          child attempt failed (syntax error: unexpected character after line continuation character (<unknown>, line 1)) — retrying with feedback
14:35:07  INFO     httpx                   HTTP Request: POST https://api.openai.com/v1/chat/completions "HTTP/1.1 200 OK"
14:35:17  INFO     httpx                   HTTP Request: POST https://api.openai.com/v1/chat/completions "HTTP/1.1 200 OK"
14:35:17  INFO     evolution.loop          child attempt failed (Unterminated string starting at: line 12 column 11 (char 1304)) — retrying with feedback
14:35:25  INFO     httpx                   HTTP Request: POST https://api.openai.com/v1/chat/completions "HTTP/1.1 200 OK"
14:35:27  INFO     httpx                   HTTP Request: POST https://api.openai.com/v1/chat/completions "HTTP/1.1 200 OK"
14:35:28  INFO     httpx                   HTTP Request: POST https://api.openai.com/v1/chat/completions "HTTP/1.1 200 OK"
14:35:36  INFO     httpx                   HTTP Request: POST https://api.openai.com/v1/chat/completions "HTTP/1.1 200 OK"
14:35:38  INFO     httpx                   HTTP Request: POST https://api.openai.com/v1/chat/completions "HTTP/1.1 200 OK"
14:35:43  INFO     httpx                   HTTP Request: POST https://api.openai.com/v1/chat/completions "HTTP/1.1 200 OK"
14:35:45  INFO     httpx                   HTTP Request: POST https://api.openai.com/v1/chat/completions "HTTP/1.1 200 OK"
14:35:50  INFO     httpx                   HTTP Request: POST https://api.openai.com/v1/chat/completions "HTTP/1.1 200 OK"
14:35:50  INFO     evolution.loop          child attempt failed (syntax error: unexpected character after line continuation character (<unknown>, line 1)) — retrying with feedback
14:35:51  INFO     httpx                   HTTP Request: POST https://api.openai.com/v1/chat/completions "HTTP/1.1 200 OK"
14:35:51  INFO     evolution.loop          child attempt failed (Unterminated string starting at: line 12 column 11 (char 1232)) — retrying with feedback
14:35:54  INFO     httpx                   HTTP Request: POST https://api.openai.com/v1/chat/completions "HTTP/1.1 200 OK"
14:35:54  INFO     evolution.loop          child attempt failed (syntax error: unexpected character after line continuation character (<unknown>, line 1)) — retrying with feedback
14:36:02  INFO     httpx                   HTTP Request: POST https://api.openai.com/v1/chat/completions "HTTP/1.1 200 OK"
14:36:12  INFO     httpx                   HTTP Request: POST https://api.openai.com/v1/chat/completions "HTTP/1.1 200 OK"
14:36:13  INFO     httpx                   HTTP Request: POST https://api.openai.com/v1/chat/completions "HTTP/1.1 200 OK"
14:36:13  INFO     evolution.loop          child failed twice (syntax error: unexpected character after line continuation character (<unknown>, line 1)) — dropped
14:36:13  INFO     httpx                   HTTP Request: POST https://api.openai.com/v1/chat/completions "HTTP/1.1 200 OK"
14:36:14  INFO     httpx                   HTTP Request: POST https://api.openai.com/v1/chat/completions "HTTP/1.1 200 OK"
14:36:14  INFO     evolution.loop          child attempt failed (syntax error: unexpected character after line continuation character (<unknown>, line 1)) — retrying with feedback
14:36:19  INFO     httpx                   HTTP Request: POST https://api.openai.com/v1/chat/completions "HTTP/1.1 200 OK"
14:36:21  INFO     httpx                   HTTP Request: POST https://api.openai.com/v1/chat/completions "HTTP/1.1 200 OK"
14:36:30  INFO     httpx                   HTTP Request: POST https://api.openai.com/v1/chat/completions "HTTP/1.1 200 OK"
14:36:35  INFO     httpx                   HTTP Request: POST https://api.openai.com/v1/chat/completions "HTTP/1.1 200 OK"
14:36:41  INFO     httpx                   HTTP Request: POST https://api.openai.com/v1/chat/completions "HTTP/1.1 200 OK"
14:36:48  INFO     httpx                   HTTP Request: POST https://api.openai.com/v1/chat/completions "HTTP/1.1 200 OK"
14:36:49  INFO     httpx                   HTTP Request: POST https://api.openai.com/v1/chat/completions "HTTP/1.1 200 OK"
14:36:52  INFO     httpx                   HTTP Request: POST https://api.openai.com/v1/chat/completions "HTTP/1.1 200 OK"
14:36:53  INFO     httpx                   HTTP Request: POST https://api.openai.com/v1/chat/completions "HTTP/1.1 200 OK"
14:36:57  INFO     httpx                   HTTP Request: POST https://api.openai.com/v1/chat/completions "HTTP/1.1 200 OK"
14:37:03  INFO     httpx                   HTTP Request: POST https://api.openai.com/v1/chat/completions "HTTP/1.1 200 OK"
14:37:10  INFO     httpx                   HTTP Request: POST https://api.openai.com/v1/chat/completions "HTTP/1.1 200 OK"
14:37:11  INFO     httpx                   HTTP Request: POST https://api.openai.com/v1/chat/completions "HTTP/1.1 200 OK"
14:37:11  INFO     evolution.loop          child attempt failed (syntax error: unexpected character after line continuation character (<unknown>, line 1)) — retrying with feedback
14:37:17  INFO     httpx                   HTTP Request: POST https://api.openai.com/v1/chat/completions "HTTP/1.1 200 OK"
14:37:17  INFO     evolution.loop          child attempt failed (Unterminated string starting at: line 12 column 11 (char 1352)) — retrying with feedback
14:37:23  INFO     httpx                   HTTP Request: POST https://api.openai.com/v1/chat/completions "HTTP/1.1 200 OK"
14:37:29  INFO     httpx                   HTTP Request: POST https://api.openai.com/v1/chat/completions "HTTP/1.1 200 OK"
14:37:29  INFO     evolution.loop          child attempt failed (Unterminated string starting at: line 12 column 11 (char 1314)) — retrying with feedback
14:37:33  INFO     httpx                   HTTP Request: POST https://api.openai.com/v1/chat/completions "HTTP/1.1 200 OK"
14:37:35  INFO     httpx                   HTTP Request: POST https://api.openai.com/v1/chat/completions "HTTP/1.1 200 OK"
14:37:40  INFO     httpx                   HTTP Request: POST https://api.openai.com/v1/chat/completions "HTTP/1.1 200 OK"
14:37:40  INFO     evolution.loop          child failed twice (syntax error: unexpected character after line continuation character (<unknown>, line 1)) — dropped
14:37:42  INFO     httpx                   HTTP Request: POST https://api.openai.com/v1/chat/completions "HTTP/1.1 200 OK"
14:37:42  INFO     httpx                   HTTP Request: POST https://api.openai.com/v1/chat/completions "HTTP/1.1 200 OK"
14:37:42  INFO     evolution.loop          child attempt failed (Unterminated string starting at: line 12 column 11 (char 1334)) — retrying with feedback
14:37:45  INFO     httpx                   HTTP Request: POST https://api.openai.com/v1/chat/completions "HTTP/1.1 200 OK"
14:37:57  INFO     httpx                   HTTP Request: POST https://api.openai.com/v1/chat/completions "HTTP/1.1 200 OK"
14:38:06  INFO     httpx                   HTTP Request: POST https://api.openai.com/v1/chat/completions "HTTP/1.1 200 OK"
14:38:09  INFO     httpx                   HTTP Request: POST https://api.openai.com/v1/chat/completions "HTTP/1.1 200 OK"
14:38:11  INFO     httpx                   HTTP Request: POST https://api.openai.com/v1/chat/completions "HTTP/1.1 200 OK"
14:38:15  INFO     httpx                   HTTP Request: POST https://api.openai.com/v1/chat/completions "HTTP/1.1 200 OK"
14:38:15  INFO     evolution.loop          child failed twice (syntax error: unexpected character after line continuation character (<unknown>, line 1)) — dropped
14:38:15  INFO     httpx                   HTTP Request: POST https://api.openai.com/v1/chat/completions "HTTP/1.1 200 OK"
14:38:28  INFO     httpx                   HTTP Request: POST https://api.openai.com/v1/chat/completions "HTTP/1.1 200 OK"
14:38:28  INFO     evolution.loop          child attempt failed (Unterminated string starting at: line 12 column 11 (char 1463)) — retrying with feedback
14:39:12  INFO     httpx                   HTTP Request: POST https://api.openai.com/v1/chat/completions "HTTP/1.1 200 OK"
<factor:industry_eigenmode_reaction_deficit>:49: RuntimeWarning: divide by zero encountered in divide
<factor:industry_eigenmode_reaction_deficit>:49: RuntimeWarning: invalid value encountered in divide
/Users/lucawurker/Desktop/Imperial/Master Thesis/QuantFundAgent/venv/lib/python3.13/site-packages/sklearn/utils/validation.py:2691: UserWarning: X does not have valid feature names, but LGBMRegressor was fitted with feature names
  warnings.warn(
/Users/lucawurker/Desktop/Imperial/Master Thesis/QuantFundAgent/venv/lib/python3.13/site-packages/sklearn/utils/validation.py:2691: UserWarning: X does not have valid feature names, but LGBMRegressor was fitted with feature names
  warnings.warn(
/Users/lucawurker/Desktop/Imperial/Master Thesis/QuantFundAgent/venv/lib/python3.13/site-packages/sklearn/utils/validation.py:2691: UserWarning: X does not have valid feature names, but LGBMRegressor was fitted with feature names
  warnings.warn(
/Users/lucawurker/Desktop/Imperial/Master Thesis/QuantFundAgent/venv/lib/python3.13/site-packages/sklearn/utils/validation.py:2691: UserWarning: X does not have valid feature names, but LGBMRegressor was fitted with feature names
  warnings.warn(
/Users/lucawurker/Desktop/Imperial/Master Thesis/QuantFundAgent/venv/lib/python3.13/site-packages/sklearn/utils/validation.py:2691: UserWarning: X does not have valid feature names, but LGBMRegressor was fitted with feature names
  warnings.warn(
/Users/lucawurker/Desktop/Imperial/Master Thesis/QuantFundAgent/venv/lib/python3.13/site-packages/sklearn/utils/validation.py:2691: UserWarning: X does not have valid feature names, but LGBMRegressor was fitted with feature names
  warnings.warn(
/Users/lucawurker/Desktop/Imperial/Master Thesis/QuantFundAgent/venv/lib/python3.13/site-packages/sklearn/utils/validation.py:2691: UserWarning: X does not have valid feature names, but LGBMRegressor was fitted with feature names
  warnings.warn(
/Users/lucawurker/Desktop/Imperial/Master Thesis/QuantFundAgent/venv/lib/python3.13/site-packages/sklearn/utils/validation.py:2691: UserWarning: X does not have valid feature names, but LGBMRegressor was fitted with feature names
  warnings.warn(
/Users/lucawurker/Desktop/Imperial/Master Thesis/QuantFundAgent/venv/lib/python3.13/site-packages/sklearn/utils/validation.py:2691: UserWarning: X does not have valid feature names, but LGBMRegressor was fitted with feature names
  warnings.warn(
/Users/lucawurker/Desktop/Imperial/Master Thesis/QuantFundAgent/venv/lib/python3.13/site-packages/sklearn/utils/validation.py:2691: UserWarning: X does not have valid feature names, but LGBMRegressor was fitted with feature names
  warnings.warn(
/Users/lucawurker/Desktop/Imperial/Master Thesis/QuantFundAgent/venv/lib/python3.13/site-packages/sklearn/utils/validation.py:2691: UserWarning: X does not have valid feature names, but LGBMRegressor was fitted with feature names
  warnings.warn(
<factor:marked_eigenmode_concordance_latency>:41: RuntimeWarning: divide by zero encountered in divide
<factor:marked_eigenmode_concordance_latency>:41: RuntimeWarning: invalid value encountered in divide
<factor:marked_eigenmode_concordance_latency_jit0>:27: RuntimeWarning: divide by zero encountered in divide
<factor:marked_eigenmode_concordance_latency_jit0>:27: RuntimeWarning: invalid value encountered in divide
<factor:marked_eigenmode_concordance_latency_jit1>:27: RuntimeWarning: divide by zero encountered in divide
<factor:marked_eigenmode_concordance_latency_jit1>:27: RuntimeWarning: invalid value encountered in divide
/Users/lucawurker/Desktop/Imperial/Master Thesis/QuantFundAgent/venv/lib/python3.13/site-packages/sklearn/utils/validation.py:2691: UserWarning: X does not have valid feature names, but LGBMRegressor was fitted with feature names
  warnings.warn(
14:39:53  WARNING  research.service        [evaluate_fitness] jitter probe sector_sparse_liquidity_response_deficit_jit0 failed (min_periods 3 must be <= window 2) — skipped
/Users/lucawurker/Desktop/Imperial/Master Thesis/QuantFundAgent/venv/lib/python3.13/site-packages/sklearn/utils/validation.py:2691: UserWarning: X does not have valid feature names, but LGBMRegressor was fitted with feature names
  warnings.warn(
/Users/lucawurker/Desktop/Imperial/Master Thesis/QuantFundAgent/venv/lib/python3.13/site-packages/sklearn/utils/validation.py:2691: UserWarning: X does not have valid feature names, but LGBMRegressor was fitted with feature names
  warnings.warn(
/Users/lucawurker/Desktop/Imperial/Master Thesis/QuantFundAgent/venv/lib/python3.13/site-packages/sklearn/utils/validation.py:2691: UserWarning: X does not have valid feature names, but LGBMRegressor was fitted with feature names
  warnings.warn(
/Users/lucawurker/Desktop/Imperial/Master Thesis/QuantFundAgent/venv/lib/python3.13/site-packages/sklearn/utils/validation.py:2691: UserWarning: X does not have valid feature names, but LGBMRegressor was fitted with feature names
  warnings.warn(
/Users/lucawurker/Desktop/Imperial/Master Thesis/QuantFundAgent/venv/lib/python3.13/site-packages/pandas/core/internals/blocks.py:347: RuntimeWarning: divide by zero encountered in log
  result = func(self.values, **kwargs)
/Users/lucawurker/Desktop/Imperial/Master Thesis/QuantFundAgent/venv/lib/python3.13/site-packages/pandas/core/internals/blocks.py:347: RuntimeWarning: divide by zero encountered in log
  result = func(self.values, **kwargs)
/Users/lucawurker/Desktop/Imperial/Master Thesis/QuantFundAgent/venv/lib/python3.13/site-packages/pandas/core/internals/blocks.py:347: RuntimeWarning: divide by zero encountered in log
  result = func(self.values, **kwargs)
/Users/lucawurker/Desktop/Imperial/Master Thesis/QuantFundAgent/venv/lib/python3.13/site-packages/sklearn/utils/validation.py:2691: UserWarning: X does not have valid feature names, but LGBMRegressor was fitted with feature names
  warnings.warn(
14:40:09  WARNING  research.service        [evaluate_fitness] jitter probe isolated_path_auction_exhaustion_reversal_jit0 failed (min_periods 3 must be <= window 2) — skipped
/Users/lucawurker/Desktop/Imperial/Master Thesis/QuantFundAgent/venv/lib/python3.13/site-packages/sklearn/utils/validation.py:2691: UserWarning: X does not have valid feature names, but LGBMRegressor was fitted with feature names
  warnings.warn(
14:40:12  INFO     evolution.loop          [critical_anchor_resilience_divergence_j] evaluation failed: candidate signal failed: min_periods 10 must be <= window 9
/Users/lucawurker/Desktop/Imperial/Master Thesis/QuantFundAgent/venv/lib/python3.13/site-packages/sklearn/utils/validation.py:2691: UserWarning: X does not have valid feature names, but LGBMRegressor was fitted with feature names
  warnings.warn(
14:40:14  INFO     evolution.loop          [sector_sync_close_imbalance_diffusion] evaluation failed: candidate signal failed: "['CA', 'LIFE', 'MICC', 'SHLD', 'SNDK', 'VSNT'] not in index"
14:40:14  INFO     evolution.loop          [idiosyncratic_liquidity_shock_diffusion] evaluation failed: candidate signal failed: "['CA', 'LIFE', 'MICC', 'SHLD', 'SNDK', 'VSNT'] not in index"
14:40:14  INFO     evolution.loop          [ordinal_flow_persistence_impact_deficit_j] evaluation failed: candidate signal failed: min_periods 6 must be <= window 5
/Users/lucawurker/Desktop/Imperial/Master Thesis/QuantFundAgent/venv/lib/python3.13/site-packages/sklearn/utils/validation.py:2691: UserWarning: X does not have valid feature names, but LGBMRegressor was fitted with feature names
  warnings.warn(
/Users/lucawurker/Desktop/Imperial/Master Thesis/QuantFundAgent/venv/lib/python3.13/site-packages/sklearn/utils/validation.py:2691: UserWarning: X does not have valid feature names, but LGBMRegressor was fitted with feature names
  warnings.warn(
14:40:28  WARNING  research.service        [evaluate_fitness] jitter probe lagged_sector_relay_endogenous_sell_switch_jit0 failed (min_periods 3 must be <= window 2) — skipped
/Users/lucawurker/Desktop/Imperial/Master Thesis/QuantFundAgent/venv/lib/python3.13/site-packages/sklearn/utils/validation.py:2691: UserWarning: X does not have valid feature names, but LGBMRegressor was fitted with feature names
  warnings.warn(
14:40:31  WARNING  research.service        [evaluate_fitness] jitter probe sector_lag_cashcycle_capacity_relay_jit0 failed (min_periods 3 must be <= window 2) — skipped
/Users/lucawurker/Desktop/Imperial/Master Thesis/QuantFundAgent/venv/lib/python3.13/site-packages/sklearn/utils/validation.py:2691: UserWarning: X does not have valid feature names, but LGBMRegressor was fitted with feature names
  warnings.warn(
/Users/lucawurker/Desktop/Imperial/Master Thesis/QuantFundAgent/venv/lib/python3.13/site-packages/sklearn/utils/validation.py:2691: UserWarning: X does not have valid feature names, but LGBMRegressor was fitted with feature names
  warnings.warn(
/Users/lucawurker/Desktop/Imperial/Master Thesis/QuantFundAgent/venv/lib/python3.13/site-packages/sklearn/utils/validation.py:2691: UserWarning: X does not have valid feature names, but LGBMRegressor was fitted with feature names
  warnings.warn(
14:40:37  WARNING  research.service        [evaluate_fitness] jitter probe resilience_polarized_sector_impact_assimilation_jit0 failed (min_periods 3 must be <= window 2) — skipped
/Users/lucawurker/Desktop/Imperial/Master Thesis/QuantFundAgent/venv/lib/python3.13/site-packages/sklearn/utils/validation.py:2691: UserWarning: X does not have valid feature names, but LGBMRegressor was fitted with feature names
  warnings.warn(
/Users/lucawurker/Desktop/Imperial/Master Thesis/QuantFundAgent/venv/lib/python3.13/site-packages/sklearn/utils/validation.py:2691: UserWarning: X does not have valid feature names, but LGBMRegressor was fitted with feature names
  warnings.warn(
/Users/lucawurker/Desktop/Imperial/Master Thesis/QuantFundAgent/venv/lib/python3.13/site-packages/sklearn/utils/validation.py:2691: UserWarning: X does not have valid feature names, but LGBMRegressor was fitted with feature names
  warnings.warn(
14:41:04  WARNING  research.service        [evaluate_fitness] jitter probe sector_impulse_flow_confirmation_lag_jit0 failed (min_periods 60 must be <= window 54) — skipped
/Users/lucawurker/Desktop/Imperial/Master Thesis/QuantFundAgent/venv/lib/python3.13/site-packages/sklearn/utils/validation.py:2691: UserWarning: X does not have valid feature names, but LGBMRegressor was fitted with feature names
  warnings.warn(
/Users/lucawurker/Desktop/Imperial/Master Thesis/QuantFundAgent/venv/lib/python3.13/site-packages/sklearn/utils/validation.py:2691: UserWarning: X does not have valid feature names, but LGBMRegressor was fitted with feature names
  warnings.warn(
/Users/lucawurker/Desktop/Imperial/Master Thesis/QuantFundAgent/venv/lib/python3.13/site-packages/sklearn/utils/validation.py:2691: UserWarning: X does not have valid feature names, but LGBMRegressor was fitted with feature names
  warnings.warn(
/Users/lucawurker/Desktop/Imperial/Master Thesis/QuantFundAgent/venv/lib/python3.13/site-packages/sklearn/utils/validation.py:2691: UserWarning: X does not have valid feature names, but LGBMRegressor was fitted with feature names
  warnings.warn(
14:41:12  INFO     evolution.loop          [runlength_entropy_execution_polarity_j] evaluation failed: candidate signal failed: min_periods 20 must be <= window 18
/Users/lucawurker/Desktop/Imperial/Master Thesis/QuantFundAgent/venv/lib/python3.13/site-packages/sklearn/utils/validation.py:2691: UserWarning: X does not have valid feature names, but LGBMRegressor was fitted with feature names
  warnings.warn(
/Users/lucawurker/Desktop/Imperial/Master Thesis/QuantFundAgent/venv/lib/python3.13/site-packages/sklearn/utils/validation.py:2691: UserWarning: X does not have valid feature names, but LGBMRegressor was fitted with feature names
  warnings.warn(
/Users/lucawurker/Desktop/Imperial/Master Thesis/QuantFundAgent/venv/lib/python3.13/site-packages/sklearn/utils/validation.py:2691: UserWarning: X does not have valid feature names, but LGBMRegressor was fitted with feature names
  warnings.warn(
14:41:30  WARNING  research.service        [evaluate_fitness] jitter probe auction_schedule_absorption_completion_reversal_jit0 failed (min_periods 38 must be <= window 34) — skipped
/Users/lucawurker/Desktop/Imperial/Master Thesis/QuantFundAgent/venv/lib/python3.13/site-packages/sklearn/utils/validation.py:2691: UserWarning: X does not have valid feature names, but LGBMRegressor was fitted with feature names
  warnings.warn(
/Users/lucawurker/Desktop/Imperial/Master Thesis/QuantFundAgent/venv/lib/python3.13/site-packages/sklearn/utils/validation.py:2691: UserWarning: X does not have valid feature names, but LGBMRegressor was fitted with feature names
  warnings.warn(
/Users/lucawurker/Desktop/Imperial/Master Thesis/QuantFundAgent/venv/lib/python3.13/site-packages/sklearn/utils/validation.py:2691: UserWarning: X does not have valid feature names, but LGBMRegressor was fitted with feature names
  warnings.warn(
14:42:40  INFO     evolution.loop          [transient_propagator_inventory_markout_j] evaluation failed: candidate signal failed: min_periods 20 must be <= window 18
14:42:40  WARNING  research.service        [evaluate_fitness] jitter probe completion_conditioned_propagator_debt_switch_jit0 failed (min_periods 55 must be <= window 50) — skipped
/Users/lucawurker/Desktop/Imperial/Master Thesis/QuantFundAgent/venv/lib/python3.13/site-packages/sklearn/utils/validation.py:2691: UserWarning: X does not have valid feature names, but LGBMRegressor was fitted with feature names
  warnings.warn(
/Users/lucawurker/Desktop/Imperial/Master Thesis/QuantFundAgent/venv/lib/python3.13/site-packages/sklearn/utils/validation.py:2691: UserWarning: X does not have valid feature names, but LGBMRegressor was fitted with feature names
  warnings.warn(
/Users/lucawurker/Desktop/Imperial/Master Thesis/QuantFundAgent/venv/lib/python3.13/site-packages/sklearn/utils/validation.py:2691: UserWarning: X does not have valid feature names, but LGBMRegressor was fitted with feature names
  warnings.warn(
14:42:48  INFO     evolution.loop          generation 2: 39/48 children admitted; archive=8; n_trials=153
14:43:17  INFO     httpx                   HTTP Request: POST https://api.openai.com/v1/chat/completions "HTTP/1.1 200 OK"
14:43:22  INFO     httpx                   HTTP Request: POST https://api.openai.com/v1/chat/completions "HTTP/1.1 200 OK"
14:43:22  INFO     httpx                   HTTP Request: POST https://api.openai.com/v1/chat/completions "HTTP/1.1 200 OK"
14:43:22  INFO     evolution.loop          child attempt failed (syntax error: unexpected character after line continuation character (<unknown>, line 1)) — retrying with feedback
14:43:24  INFO     httpx                   HTTP Request: POST https://api.openai.com/v1/chat/completions "HTTP/1.1 200 OK"
14:43:24  INFO     evolution.loop          child attempt failed (Unterminated string starting at: line 12 column 11 (char 1334)) — retrying with feedback
14:43:29  INFO     httpx                   HTTP Request: POST https://api.openai.com/v1/chat/completions "HTTP/1.1 200 OK"
14:43:33  INFO     httpx                   HTTP Request: POST https://api.openai.com/v1/chat/completions "HTTP/1.1 200 OK"
14:43:34  INFO     httpx                   HTTP Request: POST https://api.openai.com/v1/chat/completions "HTTP/1.1 200 OK"
14:43:34  INFO     evolution.loop          child attempt failed (syntax error: unexpected character after line continuation character (<unknown>, line 1)) — retrying with feedback
14:43:35  INFO     httpx                   HTTP Request: POST https://api.openai.com/v1/chat/completions "HTTP/1.1 200 OK"
14:43:53  INFO     httpx                   HTTP Request: POST https://api.openai.com/v1/chat/completions "HTTP/1.1 200 OK"
14:43:57  INFO     httpx                   HTTP Request: POST https://api.openai.com/v1/chat/completions "HTTP/1.1 200 OK"
14:43:59  INFO     httpx                   HTTP Request: POST https://api.openai.com/v1/chat/completions "HTTP/1.1 200 OK"
14:43:59  INFO     httpx                   HTTP Request: POST https://api.openai.com/v1/chat/completions "HTTP/1.1 200 OK"
14:44:08  INFO     httpx                   HTTP Request: POST https://api.openai.com/v1/chat/completions "HTTP/1.1 200 OK"
14:44:09  INFO     httpx                   HTTP Request: POST https://api.openai.com/v1/chat/completions "HTTP/1.1 200 OK"
14:44:12  INFO     httpx                   HTTP Request: POST https://api.openai.com/v1/chat/completions "HTTP/1.1 200 OK"
14:44:12  INFO     evolution.loop          child attempt failed (syntax error: unexpected character after line continuation character (<unknown>, line 1)) — retrying with feedback
14:44:14  INFO     httpx                   HTTP Request: POST https://api.openai.com/v1/chat/completions "HTTP/1.1 200 OK"
14:44:23  INFO     httpx                   HTTP Request: POST https://api.openai.com/v1/chat/completions "HTTP/1.1 200 OK"
14:44:30  INFO     httpx                   HTTP Request: POST https://api.openai.com/v1/chat/completions "HTTP/1.1 200 OK"
14:44:32  INFO     httpx                   HTTP Request: POST https://api.openai.com/v1/chat/completions "HTTP/1.1 200 OK"
14:44:33  INFO     httpx                   HTTP Request: POST https://api.openai.com/v1/chat/completions "HTTP/1.1 200 OK"
14:44:34  INFO     httpx                   HTTP Request: POST https://api.openai.com/v1/chat/completions "HTTP/1.1 200 OK"
14:44:43  INFO     httpx                   HTTP Request: POST https://api.openai.com/v1/chat/completions "HTTP/1.1 200 OK"
14:44:43  INFO     evolution.loop          child attempt failed (syntax error: unexpected character after line continuation character (<unknown>, line 1)) — retrying with feedback
14:44:45  INFO     httpx                   HTTP Request: POST https://api.openai.com/v1/chat/completions "HTTP/1.1 200 OK"
14:44:45  INFO     evolution.loop          child attempt failed (syntax error: unexpected character after line continuation character (<unknown>, line 1)) — retrying with feedback
14:44:52  INFO     httpx                   HTTP Request: POST https://api.openai.com/v1/chat/completions "HTTP/1.1 200 OK"
14:45:03  INFO     httpx                   HTTP Request: POST https://api.openai.com/v1/chat/completions "HTTP/1.1 200 OK"
14:45:03  INFO     httpx                   HTTP Request: POST https://api.openai.com/v1/chat/completions "HTTP/1.1 200 OK"
14:45:06  INFO     httpx                   HTTP Request: POST https://api.openai.com/v1/chat/completions "HTTP/1.1 200 OK"
14:45:07  INFO     httpx                   HTTP Request: POST https://api.openai.com/v1/chat/completions "HTTP/1.1 200 OK"
14:45:09  INFO     httpx                   HTTP Request: POST https://api.openai.com/v1/chat/completions "HTTP/1.1 200 OK"
14:45:11  INFO     httpx                   HTTP Request: POST https://api.openai.com/v1/chat/completions "HTTP/1.1 200 OK"
14:45:11  INFO     evolution.loop          child attempt failed (calc() raised on synthetic data: Shape of passed values is (200, 1), indices imply (200, 6)) — retrying with feedback
14:45:14  INFO     httpx                   HTTP Request: POST https://api.openai.com/v1/chat/completions "HTTP/1.1 200 OK"
/Users/lucawurker/Desktop/Imperial/Master Thesis/QuantFundAgent/venv/lib/python3.13/site-packages/pandas/core/internals/blocks.py:347: RuntimeWarning: divide by zero encountered in log
  result = func(self.values, **kwargs)
14:45:22  INFO     httpx                   HTTP Request: POST https://api.openai.com/v1/chat/completions "HTTP/1.1 200 OK"
14:45:30  INFO     httpx                   HTTP Request: POST https://api.openai.com/v1/chat/completions "HTTP/1.1 200 OK"
14:45:30  INFO     evolution.loop          child attempt failed (syntax error: unexpected character after line continuation character (<unknown>, line 1)) — retrying with feedback
14:45:36  INFO     httpx                   HTTP Request: POST https://api.openai.com/v1/chat/completions "HTTP/1.1 200 OK"
14:45:36  INFO     httpx                   HTTP Request: POST https://api.openai.com/v1/chat/completions "HTTP/1.1 200 OK"
14:45:40  INFO     httpx                   HTTP Request: POST https://api.openai.com/v1/chat/completions "HTTP/1.1 200 OK"
14:45:40  INFO     evolution.loop          child attempt failed (syntax error: unexpected character after line continuation character (<unknown>, line 1)) — retrying with feedback
14:45:46  INFO     httpx                   HTTP Request: POST https://api.openai.com/v1/chat/completions "HTTP/1.1 200 OK"
14:45:46  INFO     httpx                   HTTP Request: POST https://api.openai.com/v1/chat/completions "HTTP/1.1 200 OK"
14:45:51  INFO     httpx                   HTTP Request: POST https://api.openai.com/v1/chat/completions "HTTP/1.1 200 OK"
14:45:54  INFO     httpx                   HTTP Request: POST https://api.openai.com/v1/chat/completions "HTTP/1.1 200 OK"
14:45:54  INFO     evolution.loop          child attempt failed (syntax error: unexpected character after line continuation character (<unknown>, line 1)) — retrying with feedback
14:45:59  INFO     httpx                   HTTP Request: POST https://api.openai.com/v1/chat/completions "HTTP/1.1 200 OK"
14:46:03  INFO     httpx                   HTTP Request: POST https://api.openai.com/v1/chat/completions "HTTP/1.1 200 OK"
14:46:08  INFO     httpx                   HTTP Request: POST https://api.openai.com/v1/chat/completions "HTTP/1.1 200 OK"
14:46:08  INFO     evolution.loop          child attempt failed (syntax error: unexpected character after line continuation character (<unknown>, line 1)) — retrying with feedback
14:46:08  INFO     httpx                   HTTP Request: POST https://api.openai.com/v1/chat/completions "HTTP/1.1 200 OK"
14:46:09  INFO     evolution.loop          child attempt failed (syntax error: unexpected character after line continuation character (<unknown>, line 1)) — retrying with feedback
14:46:13  INFO     httpx                   HTTP Request: POST https://api.openai.com/v1/chat/completions "HTTP/1.1 200 OK"
14:46:14  INFO     httpx                   HTTP Request: POST https://api.openai.com/v1/chat/completions "HTTP/1.1 200 OK"
14:46:14  INFO     evolution.loop          child attempt failed (syntax error: unexpected character after line continuation character (<unknown>, line 1)) — retrying with feedback
14:46:21  INFO     httpx                   HTTP Request: POST https://api.openai.com/v1/chat/completions "HTTP/1.1 200 OK"
14:46:21  INFO     evolution.loop          child attempt failed (Unterminated string starting at: line 12 column 11 (char 1335)) — retrying with feedback
14:46:23  INFO     httpx                   HTTP Request: POST https://api.openai.com/v1/chat/completions "HTTP/1.1 200 OK"
14:46:28  INFO     httpx                   HTTP Request: POST https://api.openai.com/v1/chat/completions "HTTP/1.1 200 OK"
14:46:34  INFO     httpx                   HTTP Request: POST https://api.openai.com/v1/chat/completions "HTTP/1.1 200 OK"
14:46:34  INFO     httpx                   HTTP Request: POST https://api.openai.com/v1/chat/completions "HTTP/1.1 200 OK"
14:46:34  INFO     evolution.loop          child failed twice (syntax error: unexpected character after line continuation character (<unknown>, line 1)) — dropped
14:46:43  INFO     httpx                   HTTP Request: POST https://api.openai.com/v1/chat/completions "HTTP/1.1 200 OK"
14:46:44  INFO     httpx                   HTTP Request: POST https://api.openai.com/v1/chat/completions "HTTP/1.1 200 OK"
14:46:52  INFO     httpx                   HTTP Request: POST https://api.openai.com/v1/chat/completions "HTTP/1.1 200 OK"
14:46:52  INFO     evolution.loop          child attempt failed (calc() raised on synthetic data: 'DataFrame' object has no attribute 'sign') — retrying with feedback
14:46:53  INFO     httpx                   HTTP Request: POST https://api.openai.com/v1/chat/completions "HTTP/1.1 200 OK"
14:47:03  INFO     httpx                   HTTP Request: POST https://api.openai.com/v1/chat/completions "HTTP/1.1 200 OK"
14:47:08  INFO     httpx                   HTTP Request: POST https://api.openai.com/v1/chat/completions "HTTP/1.1 200 OK"
14:47:08  INFO     evolution.loop          child attempt failed (syntax error: unexpected character after line continuation character (<unknown>, line 1)) — retrying with feedback
14:47:21  INFO     httpx                   HTTP Request: POST https://api.openai.com/v1/chat/completions "HTTP/1.1 200 OK"
14:47:42  INFO     httpx                   HTTP Request: POST https://api.openai.com/v1/chat/completions "HTTP/1.1 200 OK"
/Users/lucawurker/Desktop/Imperial/Master Thesis/QuantFundAgent/venv/lib/python3.13/site-packages/sklearn/utils/validation.py:2691: UserWarning: X does not have valid feature names, but LGBMRegressor was fitted with feature names
  warnings.warn(
/Users/lucawurker/Desktop/Imperial/Master Thesis/QuantFundAgent/venv/lib/python3.13/site-packages/sklearn/utils/validation.py:2691: UserWarning: X does not have valid feature names, but LGBMRegressor was fitted with feature names
  warnings.warn(
/Users/lucawurker/Desktop/Imperial/Master Thesis/QuantFundAgent/venv/lib/python3.13/site-packages/sklearn/utils/validation.py:2691: UserWarning: X does not have valid feature names, but LGBMRegressor was fitted with feature names
  warnings.warn(
/Users/lucawurker/Desktop/Imperial/Master Thesis/QuantFundAgent/venv/lib/python3.13/site-packages/sklearn/utils/validation.py:2691: UserWarning: X does not have valid feature names, but LGBMRegressor was fitted with feature names
  warnings.warn(
/Users/lucawurker/Desktop/Imperial/Master Thesis/QuantFundAgent/venv/lib/python3.13/site-packages/sklearn/utils/validation.py:2691: UserWarning: X does not have valid feature names, but LGBMRegressor was fitted with feature names
  warnings.warn(
/Users/lucawurker/Desktop/Imperial/Master Thesis/QuantFundAgent/venv/lib/python3.13/site-packages/sklearn/utils/validation.py:2691: UserWarning: X does not have valid feature names, but LGBMRegressor was fitted with feature names
  warnings.warn(
14:47:59  WARNING  research.service        [evaluate_fitness] jitter probe commonality_acceleration_residual_receiver_lag_jit0 failed (min_periods 15 must be <= window 14) — skipped
/Users/lucawurker/Desktop/Imperial/Master Thesis/QuantFundAgent/venv/lib/python3.13/site-packages/sklearn/utils/validation.py:2691: UserWarning: X does not have valid feature names, but LGBMRegressor was fitted with feature names
  warnings.warn(
14:48:01  INFO     evolution.loop          [inventory_intensity_peer_shock_latency] evaluation failed: candidate signal failed: index 177 is out of bounds for axis 1 with size 176
/Users/lucawurker/Desktop/Imperial/Master Thesis/QuantFundAgent/venv/lib/python3.13/site-packages/sklearn/utils/validation.py:2691: UserWarning: X does not have valid feature names, but LGBMRegressor was fitted with feature names
  warnings.warn(
14:48:18  WARNING  research.service        [evaluate_fitness] jitter probe sparse_participation_sector_beta_catchup_jit0 failed (min_periods 3 must be <= window 2) — skipped
/Users/lucawurker/Desktop/Imperial/Master Thesis/QuantFundAgent/venv/lib/python3.13/site-packages/sklearn/utils/validation.py:2691: UserWarning: X does not have valid feature names, but LGBMRegressor was fitted with feature names
  warnings.warn(
/Users/lucawurker/Desktop/Imperial/Master Thesis/QuantFundAgent/venv/lib/python3.13/site-packages/sklearn/utils/validation.py:2691: UserWarning: X does not have valid feature names, but LGBMRegressor was fitted with feature names
  warnings.warn(
/Users/lucawurker/Desktop/Imperial/Master Thesis/QuantFundAgent/venv/lib/python3.13/site-packages/sklearn/utils/validation.py:2691: UserWarning: X does not have valid feature names, but LGBMRegressor was fitted with feature names
  warnings.warn(
/Users/lucawurker/Desktop/Imperial/Master Thesis/QuantFundAgent/venv/lib/python3.13/site-packages/sklearn/utils/validation.py:2691: UserWarning: X does not have valid feature names, but LGBMRegressor was fitted with feature names
  warnings.warn(
/Users/lucawurker/Desktop/Imperial/Master Thesis/QuantFundAgent/venv/lib/python3.13/site-packages/sklearn/utils/validation.py:2691: UserWarning: X does not have valid feature names, but LGBMRegressor was fitted with feature names
  warnings.warn(
/Users/lucawurker/Desktop/Imperial/Master Thesis/QuantFundAgent/venv/lib/python3.13/site-packages/sklearn/utils/validation.py:2691: UserWarning: X does not have valid feature names, but LGBMRegressor was fitted with feature names
  warnings.warn(
14:48:37  WARNING  research.service        [evaluate_fitness] jitter probe criticality_gated_peer_impulse_validation_switch_jit0 failed (min_periods 8 must be <= window 7) — skipped
/Users/lucawurker/Desktop/Imperial/Master Thesis/QuantFundAgent/venv/lib/python3.13/site-packages/sklearn/utils/validation.py:2691: UserWarning: X does not have valid feature names, but LGBMRegressor was fitted with feature names
  warnings.warn(
14:48:40  WARNING  research.service        [evaluate_fitness] jitter probe critical_relay_anchor_phase_switch_jit0 failed (min_periods 10 must be <= window 9) — skipped
/Users/lucawurker/Desktop/Imperial/Master Thesis/QuantFundAgent/venv/lib/python3.13/site-packages/sklearn/utils/validation.py:2691: UserWarning: X does not have valid feature names, but LGBMRegressor was fitted with feature names
  warnings.warn(
/Users/lucawurker/Desktop/Imperial/Master Thesis/QuantFundAgent/venv/lib/python3.13/site-packages/sklearn/utils/validation.py:2691: UserWarning: X does not have valid feature names, but LGBMRegressor was fitted with feature names
  warnings.warn(
/Users/lucawurker/Desktop/Imperial/Master Thesis/QuantFundAgent/venv/lib/python3.13/site-packages/pandas/core/internals/blocks.py:347: RuntimeWarning: divide by zero encountered in log
  result = func(self.values, **kwargs)
14:48:44  WARNING  research.service        [evaluate_fitness] jitter probe event_volume_concentration_discovery_drift_jit0 failed (min_periods 5 must be <= window 4) — skipped
/Users/lucawurker/Desktop/Imperial/Master Thesis/QuantFundAgent/venv/lib/python3.13/site-packages/pandas/core/internals/blocks.py:347: RuntimeWarning: divide by zero encountered in log
  result = func(self.values, **kwargs)
/Users/lucawurker/Desktop/Imperial/Master Thesis/QuantFundAgent/venv/lib/python3.13/site-packages/sklearn/utils/validation.py:2691: UserWarning: X does not have valid feature names, but LGBMRegressor was fitted with feature names
  warnings.warn(
/Users/lucawurker/Desktop/Imperial/Master Thesis/QuantFundAgent/venv/lib/python3.13/site-packages/sklearn/utils/validation.py:2691: UserWarning: X does not have valid feature names, but LGBMRegressor was fitted with feature names
  warnings.warn(
/Users/lucawurker/Desktop/Imperial/Master Thesis/QuantFundAgent/venv/lib/python3.13/site-packages/sklearn/utils/validation.py:2691: UserWarning: X does not have valid feature names, but LGBMRegressor was fitted with feature names
  warnings.warn(
/Users/lucawurker/Desktop/Imperial/Master Thesis/QuantFundAgent/venv/lib/python3.13/site-packages/sklearn/utils/validation.py:2691: UserWarning: X does not have valid feature names, but LGBMRegressor was fitted with feature names
  warnings.warn(
/Users/lucawurker/Desktop/Imperial/Master Thesis/QuantFundAgent/venv/lib/python3.13/site-packages/sklearn/utils/validation.py:2691: UserWarning: X does not have valid feature names, but LGBMRegressor was fitted with feature names
  warnings.warn(
/Users/lucawurker/Desktop/Imperial/Master Thesis/QuantFundAgent/venv/lib/python3.13/site-packages/sklearn/utils/validation.py:2691: UserWarning: X does not have valid feature names, but LGBMRegressor was fitted with feature names
  warnings.warn(
/Users/lucawurker/Desktop/Imperial/Master Thesis/QuantFundAgent/venv/lib/python3.13/site-packages/sklearn/utils/validation.py:2691: UserWarning: X does not have valid feature names, but LGBMRegressor was fitted with feature names
  warnings.warn(
/Users/lucawurker/Desktop/Imperial/Master Thesis/QuantFundAgent/venv/lib/python3.13/site-packages/sklearn/utils/validation.py:2691: UserWarning: X does not have valid feature names, but LGBMRegressor was fitted with feature names
  warnings.warn(
/Users/lucawurker/Desktop/Imperial/Master Thesis/QuantFundAgent/venv/lib/python3.13/site-packages/sklearn/utils/validation.py:2691: UserWarning: X does not have valid feature names, but LGBMRegressor was fitted with feature names
  warnings.warn(
14:49:13  INFO     evolution.loop          [concordant_consensus_revision_surprisal] evaluation failed: candidate signal failed: ufunc 'invert' not supported for the input types, and the inputs could not be safely coerced to any supported types according to the casting rule ''safe''
/Users/lucawurker/Desktop/Imperial/Master Thesis/QuantFundAgent/venv/lib/python3.13/site-packages/sklearn/utils/validation.py:2691: UserWarning: X does not have valid feature names, but LGBMRegressor was fitted with feature names
  warnings.warn(
/Users/lucawurker/Desktop/Imperial/Master Thesis/QuantFundAgent/venv/lib/python3.13/site-packages/sklearn/utils/validation.py:2691: UserWarning: X does not have valid feature names, but LGBMRegressor was fitted with feature names
  warnings.warn(
/Users/lucawurker/Desktop/Imperial/Master Thesis/QuantFundAgent/venv/lib/python3.13/site-packages/sklearn/utils/validation.py:2691: UserWarning: X does not have valid feature names, but LGBMRegressor was fitted with feature names
  warnings.warn(
/Users/lucawurker/Desktop/Imperial/Master Thesis/QuantFundAgent/venv/lib/python3.13/site-packages/sklearn/utils/validation.py:2691: UserWarning: X does not have valid feature names, but LGBMRegressor was fitted with feature names
  warnings.warn(
/Users/lucawurker/Desktop/Imperial/Master Thesis/QuantFundAgent/venv/lib/python3.13/site-packages/sklearn/utils/validation.py:2691: UserWarning: X does not have valid feature names, but LGBMRegressor was fitted with feature names
  warnings.warn(
/Users/lucawurker/Desktop/Imperial/Master Thesis/QuantFundAgent/venv/lib/python3.13/site-packages/sklearn/utils/validation.py:2691: UserWarning: X does not have valid feature names, but LGBMRegressor was fitted with feature names
  warnings.warn(
/Users/lucawurker/Desktop/Imperial/Master Thesis/QuantFundAgent/venv/lib/python3.13/site-packages/sklearn/utils/validation.py:2691: UserWarning: X does not have valid feature names, but LGBMRegressor was fitted with feature names
  warnings.warn(
/Users/lucawurker/Desktop/Imperial/Master Thesis/QuantFundAgent/venv/lib/python3.13/site-packages/sklearn/utils/validation.py:2691: UserWarning: X does not have valid feature names, but LGBMRegressor was fitted with feature names
  warnings.warn(
/Users/lucawurker/Desktop/Imperial/Master Thesis/QuantFundAgent/venv/lib/python3.13/site-packages/sklearn/utils/validation.py:2691: UserWarning: X does not have valid feature names, but LGBMRegressor was fitted with feature names
  warnings.warn(
/Users/lucawurker/Desktop/Imperial/Master Thesis/QuantFundAgent/venv/lib/python3.13/site-packages/sklearn/utils/validation.py:2691: UserWarning: X does not have valid feature names, but LGBMRegressor was fitted with feature names
  warnings.warn(
14:49:42  WARNING  research.service        [evaluate_fitness] jitter probe corroborated_basket_schedule_debt_jit0 failed (min_periods 6 must be <= window 5) — skipped
/Users/lucawurker/Desktop/Imperial/Master Thesis/QuantFundAgent/venv/lib/python3.13/site-packages/sklearn/utils/validation.py:2691: UserWarning: X does not have valid feature names, but LGBMRegressor was fitted with feature names
  warnings.warn(
14:49:45  WARNING  research.service        [evaluate_fitness] jitter probe distributed_lag_permanent_impact_state_jit0 failed (min_periods 39 must be <= window 35) — skipped
/Users/lucawurker/Desktop/Imperial/Master Thesis/QuantFundAgent/venv/lib/python3.13/site-packages/sklearn/utils/validation.py:2691: UserWarning: X does not have valid feature names, but LGBMRegressor was fitted with feature names
  warnings.warn(
14:49:56  WARNING  research.service        [evaluate_fitness] jitter probe cadenced_turnover_completion_snapback_jit0 failed (min_periods 7 must be <= window 6) — skipped
/Users/lucawurker/Desktop/Imperial/Master Thesis/QuantFundAgent/venv/lib/python3.13/site-packages/sklearn/utils/validation.py:2691: UserWarning: X does not have valid feature names, but LGBMRegressor was fitted with feature names
  warnings.warn(
14:49:58  WARNING  research.service        [evaluate_fitness] jitter probe absorbed_clv_participation_propagator_drift_jit0 failed (min_periods 3 must be <= window 2) — skipped
/Users/lucawurker/Desktop/Imperial/Master Thesis/QuantFundAgent/venv/lib/python3.13/site-packages/sklearn/utils/validation.py:2691: UserWarning: X does not have valid feature names, but LGBMRegressor was fitted with feature names
  warnings.warn(
/Users/lucawurker/Desktop/Imperial/Master Thesis/QuantFundAgent/venv/lib/python3.13/site-packages/sklearn/utils/validation.py:2691: UserWarning: X does not have valid feature names, but LGBMRegressor was fitted with feature names
  warnings.warn(
14:50:05  INFO     evolution.loop          [transient_propagator_inventory_markout_j] evaluation failed: candidate signal failed: min_periods 12 must be <= window 11
14:50:05  WARNING  research.service        [evaluate_fitness] jitter probe latent_impact_execution_terminal_switch_jit0 failed (min_periods 5 must be <= window 4) — skipped
/Users/lucawurker/Desktop/Imperial/Master Thesis/QuantFundAgent/venv/lib/python3.13/site-packages/sklearn/utils/validation.py:2691: UserWarning: X does not have valid feature names, but LGBMRegressor was fitted with feature names
  warnings.warn(
/Users/lucawurker/Desktop/Imperial/Master Thesis/QuantFundAgent/venv/lib/python3.13/site-packages/sklearn/utils/validation.py:2691: UserWarning: X does not have valid feature names, but LGBMRegressor was fitted with feature names
  warnings.warn(
/Users/lucawurker/Desktop/Imperial/Master Thesis/QuantFundAgent/venv/lib/python3.13/site-packages/sklearn/utils/validation.py:2691: UserWarning: X does not have valid feature names, but LGBMRegressor was fitted with feature names
  warnings.warn(
14:50:26  INFO     evolution.loop          generation 3: migrated 24 elite(s)
14:50:26  INFO     evolution.loop          generation 3: 43/48 children admitted; archive=8; n_trials=196
14:50:53  INFO     httpx                   HTTP Request: POST https://api.openai.com/v1/chat/completions "HTTP/1.1 200 OK"
14:50:57  INFO     httpx                   HTTP Request: POST https://api.openai.com/v1/chat/completions "HTTP/1.1 200 OK"
14:51:01  INFO     httpx                   HTTP Request: POST https://api.openai.com/v1/chat/completions "HTTP/1.1 200 OK"
14:51:01  INFO     httpx                   HTTP Request: POST https://api.openai.com/v1/chat/completions "HTTP/1.1 200 OK"
14:51:03  INFO     httpx                   HTTP Request: POST https://api.openai.com/v1/chat/completions "HTTP/1.1 200 OK"
14:51:05  INFO     httpx                   HTTP Request: POST https://api.openai.com/v1/chat/completions "HTTP/1.1 200 OK"
14:51:05  INFO     evolution.loop          child attempt failed (syntax error: unexpected character after line continuation character (<unknown>, line 1)) — retrying with feedback
14:51:07  INFO     httpx                   HTTP Request: POST https://api.openai.com/v1/chat/completions "HTTP/1.1 200 OK"
14:51:17  INFO     httpx                   HTTP Request: POST https://api.openai.com/v1/chat/completions "HTTP/1.1 200 OK"
14:51:30  INFO     httpx                   HTTP Request: POST https://api.openai.com/v1/chat/completions "HTTP/1.1 200 OK"
14:51:31  INFO     httpx                   HTTP Request: POST https://api.openai.com/v1/chat/completions "HTTP/1.1 200 OK"
14:51:31  INFO     evolution.loop          child attempt failed (syntax error: unexpected character after line continuation character (<unknown>, line 1)) — retrying with feedback
14:51:37  INFO     httpx                   HTTP Request: POST https://api.openai.com/v1/chat/completions "HTTP/1.1 200 OK"
14:51:38  INFO     httpx                   HTTP Request: POST https://api.openai.com/v1/chat/completions "HTTP/1.1 200 OK"
14:51:38  INFO     evolution.loop          child attempt failed (syntax error: unexpected character after line continuation character (<unknown>, line 1)) — retrying with feedback
14:51:41  INFO     httpx                   HTTP Request: POST https://api.openai.com/v1/chat/completions "HTTP/1.1 200 OK"
14:51:44  INFO     httpx                   HTTP Request: POST https://api.openai.com/v1/chat/completions "HTTP/1.1 200 OK"
14:51:48  INFO     httpx                   HTTP Request: POST https://api.openai.com/v1/chat/completions "HTTP/1.1 200 OK"
14:51:48  INFO     evolution.loop          child failed twice (syntax error: unexpected character after line continuation character (<unknown>, line 1)) — dropped
14:51:54  INFO     httpx                   HTTP Request: POST https://api.openai.com/v1/chat/completions "HTTP/1.1 200 OK"
14:51:56  INFO     httpx                   HTTP Request: POST https://api.openai.com/v1/chat/completions "HTTP/1.1 200 OK"
14:51:56  INFO     evolution.loop          child attempt failed (syntax error: unexpected character after line continuation character (<unknown>, line 1)) — retrying with feedback
14:52:12  INFO     httpx                   HTTP Request: POST https://api.openai.com/v1/chat/completions "HTTP/1.1 200 OK"
14:52:16  INFO     httpx                   HTTP Request: POST https://api.openai.com/v1/chat/completions "HTTP/1.1 200 OK"
14:52:17  INFO     httpx                   HTTP Request: POST https://api.openai.com/v1/chat/completions "HTTP/1.1 200 OK"
14:52:18  INFO     httpx                   HTTP Request: POST https://api.openai.com/v1/chat/completions "HTTP/1.1 200 OK"
14:52:19  INFO     httpx                   HTTP Request: POST https://api.openai.com/v1/chat/completions "HTTP/1.1 200 OK"
14:52:22  INFO     httpx                   HTTP Request: POST https://api.openai.com/v1/chat/completions "HTTP/1.1 200 OK"
14:52:22  INFO     evolution.loop          child failed twice (syntax error: unexpected character after line continuation character (<unknown>, line 1)) — dropped
14:52:24  INFO     httpx                   HTTP Request: POST https://api.openai.com/v1/chat/completions "HTTP/1.1 200 OK"
14:52:27  INFO     httpx                   HTTP Request: POST https://api.openai.com/v1/chat/completions "HTTP/1.1 200 OK"
14:52:48  INFO     httpx                   HTTP Request: POST https://api.openai.com/v1/chat/completions "HTTP/1.1 200 OK"
14:52:50  INFO     httpx                   HTTP Request: POST https://api.openai.com/v1/chat/completions "HTTP/1.1 200 OK"
14:52:50  INFO     evolution.loop          child attempt failed (Unterminated string starting at: line 12 column 11 (char 1451)) — retrying with feedback
14:52:51  INFO     httpx                   HTTP Request: POST https://api.openai.com/v1/chat/completions "HTTP/1.1 200 OK"
14:52:52  INFO     httpx                   HTTP Request: POST https://api.openai.com/v1/chat/completions "HTTP/1.1 200 OK"
14:52:53  INFO     httpx                   HTTP Request: POST https://api.openai.com/v1/chat/completions "HTTP/1.1 200 OK"
14:52:53  INFO     evolution.loop          child attempt failed (Unterminated string starting at: line 12 column 11 (char 1460)) — retrying with feedback
14:52:53  INFO     httpx                   HTTP Request: POST https://api.openai.com/v1/chat/completions "HTTP/1.1 200 OK"
14:53:05  INFO     httpx                   HTTP Request: POST https://api.openai.com/v1/chat/completions "HTTP/1.1 200 OK"
14:53:06  INFO     httpx                   HTTP Request: POST https://api.openai.com/v1/chat/completions "HTTP/1.1 200 OK"
14:53:16  INFO     httpx                   HTTP Request: POST https://api.openai.com/v1/chat/completions "HTTP/1.1 200 OK"
14:53:17  INFO     httpx                   HTTP Request: POST https://api.openai.com/v1/chat/completions "HTTP/1.1 200 OK"
14:53:17  INFO     evolution.loop          child attempt failed (Unterminated string starting at: line 12 column 11 (char 1476)) — retrying with feedback
14:53:19  INFO     httpx                   HTTP Request: POST https://api.openai.com/v1/chat/completions "HTTP/1.1 200 OK"
14:53:21  INFO     httpx                   HTTP Request: POST https://api.openai.com/v1/chat/completions "HTTP/1.1 200 OK"
14:53:21  INFO     evolution.loop          child attempt failed (syntax error: unexpected character after line continuation character (<unknown>, line 1)) — retrying with feedback
14:53:25  INFO     httpx                   HTTP Request: POST https://api.openai.com/v1/chat/completions "HTTP/1.1 200 OK"
14:53:27  INFO     httpx                   HTTP Request: POST https://api.openai.com/v1/chat/completions "HTTP/1.1 200 OK"
14:53:27  INFO     evolution.loop          child attempt failed (syntax error: unexpected character after line continuation character (<unknown>, line 1)) — retrying with feedback
14:53:40  INFO     httpx                   HTTP Request: POST https://api.openai.com/v1/chat/completions "HTTP/1.1 200 OK"
14:53:47  INFO     httpx                   HTTP Request: POST https://api.openai.com/v1/chat/completions "HTTP/1.1 200 OK"
14:53:47  INFO     httpx                   HTTP Request: POST https://api.openai.com/v1/chat/completions "HTTP/1.1 200 OK"
14:53:47  INFO     evolution.loop          child attempt failed (syntax error: unexpected character after line continuation character (<unknown>, line 1)) — retrying with feedback
14:53:52  INFO     httpx                   HTTP Request: POST https://api.openai.com/v1/chat/completions "HTTP/1.1 200 OK"
14:53:56  INFO     httpx                   HTTP Request: POST https://api.openai.com/v1/chat/completions "HTTP/1.1 200 OK"
14:53:57  INFO     httpx                   HTTP Request: POST https://api.openai.com/v1/chat/completions "HTTP/1.1 200 OK"
14:53:58  INFO     httpx                   HTTP Request: POST https://api.openai.com/v1/chat/completions "HTTP/1.1 200 OK"
14:53:58  INFO     evolution.loop          child attempt failed (Unterminated string starting at: line 12 column 11 (char 1460)) — retrying with feedback
14:54:05  INFO     httpx                   HTTP Request: POST https://api.openai.com/v1/chat/completions "HTTP/1.1 200 OK"
14:54:12  INFO     httpx                   HTTP Request: POST https://api.openai.com/v1/chat/completions "HTTP/1.1 200 OK"
14:54:15  INFO     httpx                   HTTP Request: POST https://api.openai.com/v1/chat/completions "HTTP/1.1 200 OK"
14:54:15  INFO     evolution.loop          child failed twice (syntax error: unexpected character after line continuation character (<unknown>, line 1)) — dropped
14:54:18  INFO     httpx                   HTTP Request: POST https://api.openai.com/v1/chat/completions "HTTP/1.1 200 OK"
14:54:18  INFO     evolution.loop          child attempt failed (calc() raised on synthetic data: 'DataFrame' object has no attribute 'sign') — retrying with feedback
14:54:21  INFO     httpx                   HTTP Request: POST https://api.openai.com/v1/chat/completions "HTTP/1.1 200 OK"
14:54:21  INFO     evolution.loop          child attempt failed (Unterminated string starting at: line 12 column 11 (char 1281)) — retrying with feedback
14:54:26  INFO     httpx                   HTTP Request: POST https://api.openai.com/v1/chat/completions "HTTP/1.1 200 OK"
14:54:26  INFO     evolution.loop          child failed twice (syntax error: unexpected character after line continuation character (<unknown>, line 1)) — dropped
14:54:32  INFO     httpx                   HTTP Request: POST https://api.openai.com/v1/chat/completions "HTTP/1.1 200 OK"
14:54:32  INFO     evolution.loop          child attempt failed (syntax error: unexpected character after line continuation character (<unknown>, line 1)) — retrying with feedback
14:54:38  INFO     httpx                   HTTP Request: POST https://api.openai.com/v1/chat/completions "HTTP/1.1 200 OK"
14:54:51  INFO     httpx                   HTTP Request: POST https://api.openai.com/v1/chat/completions "HTTP/1.1 200 OK"
14:54:52  INFO     httpx                   HTTP Request: POST https://api.openai.com/v1/chat/completions "HTTP/1.1 200 OK"
14:54:55  INFO     httpx                   HTTP Request: POST https://api.openai.com/v1/chat/completions "HTTP/1.1 200 OK"
/Users/lucawurker/Desktop/Imperial/Master Thesis/QuantFundAgent/venv/lib/python3.13/site-packages/sklearn/utils/validation.py:2691: UserWarning: X does not have valid feature names, but LGBMRegressor was fitted with feature names
  warnings.warn(
/Users/lucawurker/Desktop/Imperial/Master Thesis/QuantFundAgent/venv/lib/python3.13/site-packages/sklearn/utils/validation.py:2691: UserWarning: X does not have valid feature names, but LGBMRegressor was fitted with feature names
  warnings.warn(
/Users/lucawurker/Desktop/Imperial/Master Thesis/QuantFundAgent/venv/lib/python3.13/site-packages/sklearn/utils/validation.py:2691: UserWarning: X does not have valid feature names, but LGBMRegressor was fitted with feature names
  warnings.warn(
/Users/lucawurker/Desktop/Imperial/Master Thesis/QuantFundAgent/venv/lib/python3.13/site-packages/sklearn/utils/validation.py:2691: UserWarning: X does not have valid feature names, but LGBMRegressor was fitted with feature names
  warnings.warn(
/Users/lucawurker/Desktop/Imperial/Master Thesis/QuantFundAgent/venv/lib/python3.13/site-packages/sklearn/utils/validation.py:2691: UserWarning: X does not have valid feature names, but LGBMRegressor was fitted with feature names
  warnings.warn(
14:55:08  INFO     evolution.loop          [common_shock_balance_sheet_fire_sale_spread] evaluation failed: candidate signal failed: Length of values (181) does not match length of index (180)
/Users/lucawurker/Desktop/Imperial/Master Thesis/QuantFundAgent/venv/lib/python3.13/site-packages/sklearn/utils/validation.py:2691: UserWarning: X does not have valid feature names, but LGBMRegressor was fitted with feature names
  warnings.warn(
/Users/lucawurker/Desktop/Imperial/Master Thesis/QuantFundAgent/venv/lib/python3.13/site-packages/sklearn/utils/validation.py:2691: UserWarning: X does not have valid feature names, but LGBMRegressor was fitted with feature names
  warnings.warn(
/Users/lucawurker/Desktop/Imperial/Master Thesis/QuantFundAgent/venv/lib/python3.13/site-packages/sklearn/utils/validation.py:2691: UserWarning: X does not have valid feature names, but LGBMRegressor was fitted with feature names
  warnings.warn(
/Users/lucawurker/Desktop/Imperial/Master Thesis/QuantFundAgent/venv/lib/python3.13/site-packages/sklearn/utils/validation.py:2691: UserWarning: X does not have valid feature names, but LGBMRegressor was fitted with feature names
  warnings.warn(
/Users/lucawurker/Desktop/Imperial/Master Thesis/QuantFundAgent/venv/lib/python3.13/site-packages/sklearn/utils/validation.py:2691: UserWarning: X does not have valid feature names, but LGBMRegressor was fitted with feature names
  warnings.warn(
/Users/lucawurker/Desktop/Imperial/Master Thesis/QuantFundAgent/venv/lib/python3.13/site-packages/sklearn/utils/validation.py:2691: UserWarning: X does not have valid feature names, but LGBMRegressor was fitted with feature names
  warnings.warn(
/Users/lucawurker/Desktop/Imperial/Master Thesis/QuantFundAgent/venv/lib/python3.13/site-packages/sklearn/utils/validation.py:2691: UserWarning: X does not have valid feature names, but LGBMRegressor was fitted with feature names
  warnings.warn(
/Users/lucawurker/Desktop/Imperial/Master Thesis/QuantFundAgent/venv/lib/python3.13/site-packages/sklearn/utils/validation.py:2691: UserWarning: X does not have valid feature names, but LGBMRegressor was fitted with feature names
  warnings.warn(
/Users/lucawurker/Desktop/Imperial/Master Thesis/QuantFundAgent/venv/lib/python3.13/site-packages/sklearn/utils/validation.py:2691: UserWarning: X does not have valid feature names, but LGBMRegressor was fitted with feature names
  warnings.warn(
/Users/lucawurker/Desktop/Imperial/Master Thesis/QuantFundAgent/venv/lib/python3.13/site-packages/sklearn/utils/validation.py:2691: UserWarning: X does not have valid feature names, but LGBMRegressor was fitted with feature names
  warnings.warn(
/Users/lucawurker/Desktop/Imperial/Master Thesis/QuantFundAgent/venv/lib/python3.13/site-packages/sklearn/utils/validation.py:2691: UserWarning: X does not have valid feature names, but LGBMRegressor was fitted with feature names
  warnings.warn(
/Users/lucawurker/Desktop/Imperial/Master Thesis/QuantFundAgent/venv/lib/python3.13/site-packages/pandas/core/internals/blocks.py:347: RuntimeWarning: divide by zero encountered in log
  result = func(self.values, **kwargs)
/Users/lucawurker/Desktop/Imperial/Master Thesis/QuantFundAgent/venv/lib/python3.13/site-packages/pandas/core/internals/blocks.py:347: RuntimeWarning: divide by zero encountered in log
  result = func(self.values, **kwargs)
/Users/lucawurker/Desktop/Imperial/Master Thesis/QuantFundAgent/venv/lib/python3.13/site-packages/pandas/core/internals/blocks.py:347: RuntimeWarning: divide by zero encountered in log
  result = func(self.values, **kwargs)
/Users/lucawurker/Desktop/Imperial/Master Thesis/QuantFundAgent/venv/lib/python3.13/site-packages/sklearn/utils/validation.py:2691: UserWarning: X does not have valid feature names, but LGBMRegressor was fitted with feature names
  warnings.warn(
14:55:42  WARNING  research.service        [evaluate_fitness] jitter probe absorbed_directional_spell_terminal_reversal_jit0 failed (min_periods 6 must be <= window 5) — skipped
/Users/lucawurker/Desktop/Imperial/Master Thesis/QuantFundAgent/venv/lib/python3.13/site-packages/sklearn/utils/validation.py:2691: UserWarning: X does not have valid feature names, but LGBMRegressor was fitted with feature names
  warnings.warn(
/Users/lucawurker/Desktop/Imperial/Master Thesis/QuantFundAgent/venv/lib/python3.13/site-packages/sklearn/utils/validation.py:2691: UserWarning: X does not have valid feature names, but LGBMRegressor was fitted with feature names
  warnings.warn(
14:55:46  INFO     evolution.loop          [sector_isolated_discovery_breadth] evaluation failed: candidate signal failed: "['CA', 'LIFE', 'MICC', 'SHLD', 'SNDK', 'VSNT'] not in index"
/Users/lucawurker/Desktop/Imperial/Master Thesis/QuantFundAgent/venv/lib/python3.13/site-packages/sklearn/utils/validation.py:2691: UserWarning: X does not have valid feature names, but LGBMRegressor was fitted with feature names
  warnings.warn(
14:55:48  WARNING  research.service        [evaluate_fitness] jitter probe stale_consensus_convexity_overreach_jit0 failed (min_periods 5 must be <= window 4) — skipped
/Users/lucawurker/Desktop/Imperial/Master Thesis/QuantFundAgent/venv/lib/python3.13/site-packages/sklearn/utils/validation.py:2691: UserWarning: X does not have valid feature names, but LGBMRegressor was fitted with feature names
  warnings.warn(
<factor:sector_phase_coherence_follower_alpha_j>:66: RuntimeWarning: invalid value encountered in divide
<factor:sector_phase_coherence_follower_alpha_j>:71: RuntimeWarning: invalid value encountered in divide
14:55:50  INFO     evolution.loop          [sector_phase_coherence_follower_alpha_j] evaluation failed: candidate signal failed: min_periods 48 must be <= window 45
/Users/lucawurker/Desktop/Imperial/Master Thesis/QuantFundAgent/venv/lib/python3.13/site-packages/sklearn/utils/validation.py:2691: UserWarning: X does not have valid feature names, but LGBMRegressor was fitted with feature names
  warnings.warn(
/Users/lucawurker/Desktop/Imperial/Master Thesis/QuantFundAgent/venv/lib/python3.13/site-packages/sklearn/utils/validation.py:2691: UserWarning: X does not have valid feature names, but LGBMRegressor was fitted with feature names
  warnings.warn(
14:55:54  INFO     evolution.loop          [sector_coherent_impulse_beta_deficit_j] evaluation failed: candidate signal failed: min_periods 3 must be <= window 2
/Users/lucawurker/Desktop/Imperial/Master Thesis/QuantFundAgent/venv/lib/python3.13/site-packages/sklearn/utils/validation.py:2691: UserWarning: X does not have valid feature names, but LGBMRegressor was fitted with feature names
  warnings.warn(
/Users/lucawurker/Desktop/Imperial/Master Thesis/QuantFundAgent/venv/lib/python3.13/site-packages/sklearn/utils/validation.py:2691: UserWarning: X does not have valid feature names, but LGBMRegressor was fitted with feature names
  warnings.warn(
14:56:34  INFO     evolution.loop          [serial_forecast_error_assimilation_drift] evaluation failed: candidate signal failed: operands could not be broadcast together with shapes (172,) (164,) 
14:56:34  WARNING  research.service        [evaluate_fitness] jitter probe earnings_fragility_persistent_tail_confirmation_jit0 failed (min_periods 5 must be <= window 4) — skipped
/Users/lucawurker/Desktop/Imperial/Master Thesis/QuantFundAgent/venv/lib/python3.13/site-packages/sklearn/utils/validation.py:2691: UserWarning: X does not have valid feature names, but LGBMRegressor was fitted with feature names
  warnings.warn(
/Users/lucawurker/Desktop/Imperial/Master Thesis/QuantFundAgent/venv/lib/python3.13/site-packages/sklearn/utils/validation.py:2691: UserWarning: X does not have valid feature names, but LGBMRegressor was fitted with feature names
  warnings.warn(
14:56:37  INFO     evolution.loop          [broad_stress_absorption_information_veto] evaluation failed: candidate signal failed: Shape of passed values is (2324, 164), indices imply (2324, 180)
/Users/lucawurker/Desktop/Imperial/Master Thesis/QuantFundAgent/venv/lib/python3.13/site-packages/sklearn/utils/validation.py:2691: UserWarning: X does not have valid feature names, but LGBMRegressor was fitted with feature names
  warnings.warn(
14:56:39  WARNING  research.service        [evaluate_fitness] jitter probe cadenced_depth_absorption_inventory_unwind_v2_jit0 failed (min_periods 6 must be <= window 5) — skipped
/Users/lucawurker/Desktop/Imperial/Master Thesis/QuantFundAgent/venv/lib/python3.13/site-packages/sklearn/utils/validation.py:2691: UserWarning: X does not have valid feature names, but LGBMRegressor was fitted with feature names
  warnings.warn(
/Users/lucawurker/Desktop/Imperial/Master Thesis/QuantFundAgent/venv/lib/python3.13/site-packages/sklearn/utils/validation.py:2691: UserWarning: X does not have valid feature names, but LGBMRegressor was fitted with feature names
  warnings.warn(
14:56:44  WARNING  research.service        [evaluate_fitness] jitter probe stable_participation_clv_impact_continuation_jit0 failed (min_periods 3 must be <= window 2) — skipped
/Users/lucawurker/Desktop/Imperial/Master Thesis/QuantFundAgent/venv/lib/python3.13/site-packages/sklearn/utils/validation.py:2691: UserWarning: X does not have valid feature names, but LGBMRegressor was fitted with feature names
  warnings.warn(
/Users/lucawurker/Desktop/Imperial/Master Thesis/QuantFundAgent/venv/lib/python3.13/site-packages/sklearn/utils/validation.py:2691: UserWarning: X does not have valid feature names, but LGBMRegressor was fitted with feature names
  warnings.warn(
14:56:50  WARNING  research.service        [evaluate_fitness] jitter probe stress_tested_sell_absorption_release_jit0 failed (min_periods 3 must be <= window 2) — skipped
/Users/lucawurker/Desktop/Imperial/Master Thesis/QuantFundAgent/venv/lib/python3.13/site-packages/sklearn/utils/validation.py:2691: UserWarning: X does not have valid feature names, but LGBMRegressor was fitted with feature names
  warnings.warn(
<factor:persistent_peer_cooling_anchor_repair>:72: RuntimeWarning: invalid value encountered in divide
<factor:persistent_peer_cooling_anchor_repair_jit0>:60: RuntimeWarning: invalid value encountered in divide
<factor:persistent_peer_cooling_anchor_repair_jit1>:60: RuntimeWarning: invalid value encountered in divide
/Users/lucawurker/Desktop/Imperial/Master Thesis/QuantFundAgent/venv/lib/python3.13/site-packages/sklearn/utils/validation.py:2691: UserWarning: X does not have valid feature names, but LGBMRegressor was fitted with feature names
  warnings.warn(
14:57:37  WARNING  research.service        [evaluate_fitness] jitter probe filing_supply_capacity_inventory_carry_jit0 failed (min_periods 5 must be <= window 4) — skipped
/Users/lucawurker/Desktop/Imperial/Master Thesis/QuantFundAgent/venv/lib/python3.13/site-packages/sklearn/utils/validation.py:2691: UserWarning: X does not have valid feature names, but LGBMRegressor was fitted with feature names
  warnings.warn(
14:57:39  WARNING  research.service        [evaluate_fitness] jitter probe propagator_debt_asymmetric_depth_activation_jit0 failed (min_periods 5 must be <= window 4) — skipped
/Users/lucawurker/Desktop/Imperial/Master Thesis/QuantFundAgent/venv/lib/python3.13/site-packages/sklearn/utils/validation.py:2691: UserWarning: X does not have valid feature names, but LGBMRegressor was fitted with feature names
  warnings.warn(
14:57:42  WARNING  research.service        [evaluate_fitness] jitter probe relay_validated_inventory_debt_terminality_switc_jit0 failed (min_periods 10 must be <= window 9) — skipped
/Users/lucawurker/Desktop/Imperial/Master Thesis/QuantFundAgent/venv/lib/python3.13/site-packages/sklearn/utils/validation.py:2691: UserWarning: X does not have valid feature names, but LGBMRegressor was fitted with feature names
  warnings.warn(
/Users/lucawurker/Desktop/Imperial/Master Thesis/QuantFundAgent/venv/lib/python3.13/site-packages/sklearn/utils/validation.py:2691: UserWarning: X does not have valid feature names, but LGBMRegressor was fitted with feature names
  warnings.warn(
/Users/lucawurker/Desktop/Imperial/Master Thesis/QuantFundAgent/venv/lib/python3.13/site-packages/sklearn/utils/validation.py:2691: UserWarning: X does not have valid feature names, but LGBMRegressor was fitted with feature names
  warnings.warn(
14:57:46  INFO     evolution.loop          generation 4: 37/48 children admitted; archive=8; n_trials=233
14:58:13  INFO     httpx                   HTTP Request: POST https://api.openai.com/v1/chat/completions "HTTP/1.1 200 OK"
14:58:18  INFO     httpx                   HTTP Request: POST https://api.openai.com/v1/chat/completions "HTTP/1.1 200 OK"
14:58:18  INFO     evolution.loop          child attempt failed (syntax error: unexpected character after line continuation character (<unknown>, line 1)) — retrying with feedback
14:58:20  INFO     httpx                   HTTP Request: POST https://api.openai.com/v1/chat/completions "HTTP/1.1 200 OK"
14:58:28  INFO     httpx                   HTTP Request: POST https://api.openai.com/v1/chat/completions "HTTP/1.1 200 OK"
14:58:28  INFO     httpx                   HTTP Request: POST https://api.openai.com/v1/chat/completions "HTTP/1.1 200 OK"
14:58:29  INFO     httpx                   HTTP Request: POST https://api.openai.com/v1/chat/completions "HTTP/1.1 200 OK"
14:58:29  INFO     httpx                   HTTP Request: POST https://api.openai.com/v1/chat/completions "HTTP/1.1 200 OK"
14:58:30  INFO     httpx                   HTTP Request: POST https://api.openai.com/v1/chat/completions "HTTP/1.1 200 OK"
14:58:30  INFO     evolution.loop          child attempt failed (syntax error: unexpected character after line continuation character (<unknown>, line 1)) — retrying with feedback
14:58:44  INFO     httpx                   HTTP Request: POST https://api.openai.com/v1/chat/completions "HTTP/1.1 200 OK"
14:58:51  INFO     httpx                   HTTP Request: POST https://api.openai.com/v1/chat/completions "HTTP/1.1 200 OK"
14:58:51  INFO     httpx                   HTTP Request: POST https://api.openai.com/v1/chat/completions "HTTP/1.1 200 OK"
14:58:52  INFO     httpx                   HTTP Request: POST https://api.openai.com/v1/chat/completions "HTTP/1.1 200 OK"
14:58:52  INFO     evolution.loop          child attempt failed (Unterminated string starting at: line 12 column 11 (char 1381)) — retrying with feedback
14:59:01  INFO     httpx                   HTTP Request: POST https://api.openai.com/v1/chat/completions "HTTP/1.1 200 OK"
14:59:01  INFO     evolution.loop          child failed twice (syntax error: unexpected character after line continuation character (<unknown>, line 1)) — dropped
14:59:01  INFO     httpx                   HTTP Request: POST https://api.openai.com/v1/chat/completions "HTTP/1.1 200 OK"
14:59:03  INFO     httpx                   HTTP Request: POST https://api.openai.com/v1/chat/completions "HTTP/1.1 200 OK"
14:59:03  INFO     evolution.loop          child attempt failed (syntax error: unexpected character after line continuation character (<unknown>, line 1)) — retrying with feedback
14:59:08  INFO     httpx                   HTTP Request: POST https://api.openai.com/v1/chat/completions "HTTP/1.1 200 OK"
14:59:08  INFO     evolution.loop          child attempt failed (syntax error: unexpected character after line continuation character (<unknown>, line 1)) — retrying with feedback
14:59:13  INFO     httpx                   HTTP Request: POST https://api.openai.com/v1/chat/completions "HTTP/1.1 200 OK"
14:59:19  INFO     httpx                   HTTP Request: POST https://api.openai.com/v1/chat/completions "HTTP/1.1 200 OK"
14:59:24  INFO     httpx                   HTTP Request: POST https://api.openai.com/v1/chat/completions "HTTP/1.1 200 OK"
14:59:27  INFO     httpx                   HTTP Request: POST https://api.openai.com/v1/chat/completions "HTTP/1.1 200 OK"
14:59:31  INFO     httpx                   HTTP Request: POST https://api.openai.com/v1/chat/completions "HTTP/1.1 200 OK"
14:59:34  INFO     httpx                   HTTP Request: POST https://api.openai.com/v1/chat/completions "HTTP/1.1 200 OK"
14:59:35  INFO     httpx                   HTTP Request: POST https://api.openai.com/v1/chat/completions "HTTP/1.1 200 OK"
14:59:37  INFO     httpx                   HTTP Request: POST https://api.openai.com/v1/chat/completions "HTTP/1.1 200 OK"
14:59:47  INFO     httpx                   HTTP Request: POST https://api.openai.com/v1/chat/completions "HTTP/1.1 200 OK"
14:59:54  INFO     httpx                   HTTP Request: POST https://api.openai.com/v1/chat/completions "HTTP/1.1 200 OK"
14:59:55  INFO     evolution.loop          child attempt failed (Unterminated string starting at: line 12 column 11 (char 1331)) — retrying with feedback
15:00:01  INFO     httpx                   HTTP Request: POST https://api.openai.com/v1/chat/completions "HTTP/1.1 200 OK"
15:00:03  INFO     httpx                   HTTP Request: POST https://api.openai.com/v1/chat/completions "HTTP/1.1 200 OK"
15:00:03  INFO     evolution.loop          child attempt failed (Unterminated string starting at: line 12 column 11 (char 1361)) — retrying with feedback
15:00:05  INFO     httpx                   HTTP Request: POST https://api.openai.com/v1/chat/completions "HTTP/1.1 200 OK"
15:00:05  INFO     evolution.loop          child attempt failed (syntax error: unexpected character after line continuation character (<unknown>, line 1)) — retrying with feedback
15:00:09  INFO     httpx                   HTTP Request: POST https://api.openai.com/v1/chat/completions "HTTP/1.1 200 OK"
15:00:10  INFO     httpx                   HTTP Request: POST https://api.openai.com/v1/chat/completions "HTTP/1.1 200 OK"
15:00:13  INFO     httpx                   HTTP Request: POST https://api.openai.com/v1/chat/completions "HTTP/1.1 200 OK"
15:00:13  INFO     evolution.loop          child attempt failed (syntax error: unexpected character after line continuation character (<unknown>, line 1)) — retrying with feedback
15:00:21  INFO     httpx                   HTTP Request: POST https://api.openai.com/v1/chat/completions "HTTP/1.1 200 OK"
15:00:21  INFO     evolution.loop          child attempt failed (Unterminated string starting at: line 12 column 11 (char 1322)) — retrying with feedback
15:00:26  INFO     httpx                   HTTP Request: POST https://api.openai.com/v1/chat/completions "HTTP/1.1 200 OK"
15:00:29  INFO     httpx                   HTTP Request: POST https://api.openai.com/v1/chat/completions "HTTP/1.1 200 OK"
15:00:30  INFO     httpx                   HTTP Request: POST https://api.openai.com/v1/chat/completions "HTTP/1.1 200 OK"
15:00:30  INFO     httpx                   HTTP Request: POST https://api.openai.com/v1/chat/completions "HTTP/1.1 200 OK"
15:00:33  INFO     httpx                   HTTP Request: POST https://api.openai.com/v1/chat/completions "HTTP/1.1 200 OK"
15:00:33  INFO     evolution.loop          child failed twice (calc() raised on synthetic data: Series.sub does not support a DataFrame `other`. Use df.sub(ser) instead.) — dropped
15:00:44  INFO     httpx                   HTTP Request: POST https://api.openai.com/v1/chat/completions "HTTP/1.1 200 OK"
15:00:46  INFO     httpx                   HTTP Request: POST https://api.openai.com/v1/chat/completions "HTTP/1.1 200 OK"
15:00:47  INFO     httpx                   HTTP Request: POST https://api.openai.com/v1/chat/completions "HTTP/1.1 200 OK"
15:00:59  INFO     httpx                   HTTP Request: POST https://api.openai.com/v1/chat/completions "HTTP/1.1 200 OK"
15:01:02  INFO     httpx                   HTTP Request: POST https://api.openai.com/v1/chat/completions "HTTP/1.1 200 OK"
15:01:02  INFO     evolution.loop          child attempt failed (syntax error: unexpected character after line continuation character (<unknown>, line 1)) — retrying with feedback
15:01:06  INFO     httpx                   HTTP Request: POST https://api.openai.com/v1/chat/completions "HTTP/1.1 200 OK"
15:01:06  INFO     evolution.loop          child attempt failed (syntax error: unexpected character after line continuation character (<unknown>, line 1)) — retrying with feedback
15:01:11  INFO     httpx                   HTTP Request: POST https://api.openai.com/v1/chat/completions "HTTP/1.1 200 OK"
15:01:13  INFO     httpx                   HTTP Request: POST https://api.openai.com/v1/chat/completions "HTTP/1.1 200 OK"
15:01:13  INFO     evolution.loop          child attempt failed (syntax error: unexpected character after line continuation character (<unknown>, line 1)) — retrying with feedback
15:01:18  INFO     httpx                   HTTP Request: POST https://api.openai.com/v1/chat/completions "HTTP/1.1 200 OK"
15:01:26  INFO     httpx                   HTTP Request: POST https://api.openai.com/v1/chat/completions "HTTP/1.1 200 OK"
15:01:32  INFO     httpx                   HTTP Request: POST https://api.openai.com/v1/chat/completions "HTTP/1.1 200 OK"
15:01:32  INFO     httpx                   HTTP Request: POST https://api.openai.com/v1/chat/completions "HTTP/1.1 200 OK"
15:01:35  INFO     httpx                   HTTP Request: POST https://api.openai.com/v1/chat/completions "HTTP/1.1 200 OK"
15:01:39  INFO     httpx                   HTTP Request: POST https://api.openai.com/v1/chat/completions "HTTP/1.1 200 OK"
15:01:42  INFO     httpx                   HTTP Request: POST https://api.openai.com/v1/chat/completions "HTTP/1.1 200 OK"
15:01:45  INFO     httpx                   HTTP Request: POST https://api.openai.com/v1/chat/completions "HTTP/1.1 200 OK"
/Users/lucawurker/Desktop/Imperial/Master Thesis/QuantFundAgent/venv/lib/python3.13/site-packages/sklearn/utils/validation.py:2691: UserWarning: X does not have valid feature names, but LGBMRegressor was fitted with feature names
  warnings.warn(
/Users/lucawurker/Desktop/Imperial/Master Thesis/QuantFundAgent/venv/lib/python3.13/site-packages/sklearn/utils/validation.py:2691: UserWarning: X does not have valid feature names, but LGBMRegressor was fitted with feature names
  warnings.warn(
15:01:49  INFO     evolution.loop          [revenue_eps_operating_leverage_translation_gap] evaluation failed: candidate signal failed: Can only compare identically-labeled (both index and columns) DataFrame objects
/Users/lucawurker/Desktop/Imperial/Master Thesis/QuantFundAgent/venv/lib/python3.13/site-packages/sklearn/utils/validation.py:2691: UserWarning: X does not have valid feature names, but LGBMRegressor was fitted with feature names
  warnings.warn(
/Users/lucawurker/Desktop/Imperial/Master Thesis/QuantFundAgent/venv/lib/python3.13/site-packages/sklearn/utils/validation.py:2691: UserWarning: X does not have valid feature names, but LGBMRegressor was fitted with feature names
  warnings.warn(
/Users/lucawurker/Desktop/Imperial/Master Thesis/QuantFundAgent/venv/lib/python3.13/site-packages/sklearn/utils/validation.py:2691: UserWarning: X does not have valid feature names, but LGBMRegressor was fitted with feature names
  warnings.warn(
15:02:18  WARNING  research.service        [evaluate_fitness] jitter probe industry_coherence_rigidity_receiver_lag_jit0 failed (min_periods 3 must be <= window 2) — skipped
/Users/lucawurker/Desktop/Imperial/Master Thesis/QuantFundAgent/venv/lib/python3.13/site-packages/sklearn/utils/validation.py:2691: UserWarning: X does not have valid feature names, but LGBMRegressor was fitted with feature names
  warnings.warn(
/Users/lucawurker/Desktop/Imperial/Master Thesis/QuantFundAgent/venv/lib/python3.13/site-packages/sklearn/utils/validation.py:2691: UserWarning: X does not have valid feature names, but LGBMRegressor was fitted with feature names
  warnings.warn(
15:02:29  WARNING  research.service        [evaluate_fitness] jitter probe cadence_gated_sector_deficit_completion_jit0 failed (min_periods 3 must be <= window 2) — skipped
/Users/lucawurker/Desktop/Imperial/Master Thesis/QuantFundAgent/venv/lib/python3.13/site-packages/sklearn/utils/validation.py:2691: UserWarning: X does not have valid feature names, but LGBMRegressor was fitted with feature names
  warnings.warn(
/Users/lucawurker/Desktop/Imperial/Master Thesis/QuantFundAgent/venv/lib/python3.13/site-packages/sklearn/utils/validation.py:2691: UserWarning: X does not have valid feature names, but LGBMRegressor was fitted with feature names
  warnings.warn(
/Users/lucawurker/Desktop/Imperial/Master Thesis/QuantFundAgent/venv/lib/python3.13/site-packages/sklearn/utils/validation.py:2691: UserWarning: X does not have valid feature names, but LGBMRegressor was fitted with feature names
  warnings.warn(
/Users/lucawurker/Desktop/Imperial/Master Thesis/QuantFundAgent/venv/lib/python3.13/site-packages/sklearn/utils/validation.py:2691: UserWarning: X does not have valid feature names, but LGBMRegressor was fitted with feature names
  warnings.warn(
/Users/lucawurker/Desktop/Imperial/Master Thesis/QuantFundAgent/venv/lib/python3.13/site-packages/sklearn/utils/validation.py:2691: UserWarning: X does not have valid feature names, but LGBMRegressor was fitted with feature names
  warnings.warn(
/Users/lucawurker/Desktop/Imperial/Master Thesis/QuantFundAgent/venv/lib/python3.13/site-packages/sklearn/utils/validation.py:2691: UserWarning: X does not have valid feature names, but LGBMRegressor was fitted with feature names
  warnings.warn(
/Users/lucawurker/Desktop/Imperial/Master Thesis/QuantFundAgent/venv/lib/python3.13/site-packages/pandas/core/internals/blocks.py:347: RuntimeWarning: divide by zero encountered in log
  result = func(self.values, **kwargs)
15:02:47  WARNING  research.service        [evaluate_fitness] jitter probe cascade_saturation_anchor_reflexivity_switch_jit0 failed (min_periods 10 must be <= window 9) — skipped
/Users/lucawurker/Desktop/Imperial/Master Thesis/QuantFundAgent/venv/lib/python3.13/site-packages/pandas/core/internals/blocks.py:347: RuntimeWarning: divide by zero encountered in log
  result = func(self.values, **kwargs)
/Users/lucawurker/Desktop/Imperial/Master Thesis/QuantFundAgent/venv/lib/python3.13/site-packages/sklearn/utils/validation.py:2691: UserWarning: X does not have valid feature names, but LGBMRegressor was fitted with feature names
  warnings.warn(
15:02:49  INFO     evolution.loop          [sector_volatility_synchrony_residual_repair_v2] evaluation failed: candidate signal failed: 'CELG'
/Users/lucawurker/Desktop/Imperial/Master Thesis/QuantFundAgent/venv/lib/python3.13/site-packages/sklearn/utils/validation.py:2691: UserWarning: X does not have valid feature names, but LGBMRegressor was fitted with feature names
  warnings.warn(
15:02:52  WARNING  research.service        [evaluate_fitness] jitter probe desynchronized_terminal_flow_debt_reversal_jit0 failed (min_periods 7 must be <= window 6) — skipped
/Users/lucawurker/Desktop/Imperial/Master Thesis/QuantFundAgent/venv/lib/python3.13/site-packages/sklearn/utils/validation.py:2691: UserWarning: X does not have valid feature names, but LGBMRegressor was fitted with feature names
  warnings.warn(
15:02:54  WARNING  research.service        [evaluate_fitness] jitter probe desynchronized_absorption_inventory_release_jit0 failed (min_periods 8 must be <= window 7) — skipped
/Users/lucawurker/Desktop/Imperial/Master Thesis/QuantFundAgent/venv/lib/python3.13/site-packages/sklearn/utils/validation.py:2691: UserWarning: X does not have valid feature names, but LGBMRegressor was fitted with feature names
  warnings.warn(
/Users/lucawurker/Desktop/Imperial/Master Thesis/QuantFundAgent/venv/lib/python3.13/site-packages/sklearn/utils/validation.py:2691: UserWarning: X does not have valid feature names, but LGBMRegressor was fitted with feature names
  warnings.warn(
/Users/lucawurker/Desktop/Imperial/Master Thesis/QuantFundAgent/venv/lib/python3.13/site-packages/sklearn/utils/validation.py:2691: UserWarning: X does not have valid feature names, but LGBMRegressor was fitted with feature names
  warnings.warn(
/Users/lucawurker/Desktop/Imperial/Master Thesis/QuantFundAgent/venv/lib/python3.13/site-packages/sklearn/utils/validation.py:2691: UserWarning: X does not have valid feature names, but LGBMRegressor was fitted with feature names
  warnings.warn(
15:03:10  INFO     evolution.loop          [credibility_conditioned_leader_diffusion_switch] evaluation failed: candidate signal failed: "['CA', 'LIFE', 'MICC', 'SHLD', 'SNDK', 'VSNT'] not in index"
/Users/lucawurker/Desktop/Imperial/Master Thesis/QuantFundAgent/venv/lib/python3.13/site-packages/sklearn/utils/validation.py:2691: UserWarning: X does not have valid feature names, but LGBMRegressor was fitted with feature names
  warnings.warn(
15:03:19  WARNING  research.service        [evaluate_fitness] jitter probe authenticated_sector_relay_narrative_veto_jit0 failed (min_periods 60 must be <= window 54) — skipped
/Users/lucawurker/Desktop/Imperial/Master Thesis/QuantFundAgent/venv/lib/python3.13/site-packages/sklearn/utils/validation.py:2691: UserWarning: X does not have valid feature names, but LGBMRegressor was fitted with feature names
  warnings.warn(
/Users/lucawurker/Desktop/Imperial/Master Thesis/QuantFundAgent/venv/lib/python3.13/site-packages/sklearn/utils/validation.py:2691: UserWarning: X does not have valid feature names, but LGBMRegressor was fitted with feature names
  warnings.warn(
/Users/lucawurker/Desktop/Imperial/Master Thesis/QuantFundAgent/venv/lib/python3.13/site-packages/sklearn/utils/validation.py:2691: UserWarning: X does not have valid feature names, but LGBMRegressor was fitted with feature names
  warnings.warn(
15:03:31  WARNING  research.service        [evaluate_fitness] jitter probe fragile_earnings_volatility_relief_failure_jit0 failed (min_periods 5 must be <= window 4) — skipped
/Users/lucawurker/Desktop/Imperial/Master Thesis/QuantFundAgent/venv/lib/python3.13/site-packages/sklearn/utils/validation.py:2691: UserWarning: X does not have valid feature names, but LGBMRegressor was fitted with feature names
  warnings.warn(
15:03:33  WARNING  research.service        [evaluate_fitness] jitter probe downside_revision_stress_peer_assimilation_jit0 failed (min_periods 3 must be <= window 2) — skipped
/Users/lucawurker/Desktop/Imperial/Master Thesis/QuantFundAgent/venv/lib/python3.13/site-packages/sklearn/utils/validation.py:2691: UserWarning: X does not have valid feature names, but LGBMRegressor was fitted with feature names
  warnings.warn(
/Users/lucawurker/Desktop/Imperial/Master Thesis/QuantFundAgent/venv/lib/python3.13/site-packages/sklearn/utils/validation.py:2691: UserWarning: X does not have valid feature names, but LGBMRegressor was fitted with feature names
  warnings.warn(
/Users/lucawurker/Desktop/Imperial/Master Thesis/QuantFundAgent/venv/lib/python3.13/site-packages/sklearn/utils/validation.py:2691: UserWarning: X does not have valid feature names, but LGBMRegressor was fitted with feature names
  warnings.warn(
15:03:38  WARNING  research.service        [evaluate_fitness] jitter probe lag_kernel_periodic_absorption_fade_jit0 failed (min_periods 6 must be <= window 5) — skipped
/Users/lucawurker/Desktop/Imperial/Master Thesis/QuantFundAgent/venv/lib/python3.13/site-packages/sklearn/utils/validation.py:2691: UserWarning: X does not have valid feature names, but LGBMRegressor was fitted with feature names
  warnings.warn(
15:03:41  WARNING  research.service        [evaluate_fitness] jitter probe causal_volume_impact_phase_lead_j_jit0 failed (min_periods 15 must be <= window 14) — skipped
/Users/lucawurker/Desktop/Imperial/Master Thesis/QuantFundAgent/venv/lib/python3.13/site-packages/sklearn/utils/validation.py:2691: UserWarning: X does not have valid feature names, but LGBMRegressor was fitted with feature names
  warnings.warn(
/Users/lucawurker/Desktop/Imperial/Master Thesis/QuantFundAgent/venv/lib/python3.13/site-packages/sklearn/utils/validation.py:2691: UserWarning: X does not have valid feature names, but LGBMRegressor was fitted with feature names
  warnings.warn(
15:03:44  WARNING  research.service        [evaluate_fitness] jitter probe signed_volume_impact_deficit_replenishment_drift_jit0 failed (min_periods 5 must be <= window 4) — skipped
/Users/lucawurker/Desktop/Imperial/Master Thesis/QuantFundAgent/venv/lib/python3.13/site-packages/sklearn/utils/validation.py:2691: UserWarning: X does not have valid feature names, but LGBMRegressor was fitted with feature names
  warnings.warn(
15:03:55  WARNING  research.service        [evaluate_fitness] jitter probe renewal_clock_absorbed_gap_continuation_jit0 failed (min_periods 32 must be <= window 29) — skipped
/Users/lucawurker/Desktop/Imperial/Master Thesis/QuantFundAgent/venv/lib/python3.13/site-packages/sklearn/utils/validation.py:2691: UserWarning: X does not have valid feature names, but LGBMRegressor was fitted with feature names
  warnings.warn(
/Users/lucawurker/Desktop/Imperial/Master Thesis/QuantFundAgent/venv/lib/python3.13/site-packages/sklearn/utils/validation.py:2691: UserWarning: X does not have valid feature names, but LGBMRegressor was fitted with feature names
  warnings.warn(
/Users/lucawurker/Desktop/Imperial/Master Thesis/QuantFundAgent/venv/lib/python3.13/site-packages/sklearn/utils/validation.py:2691: UserWarning: X does not have valid feature names, but LGBMRegressor was fitted with feature names
  warnings.warn(
/Users/lucawurker/Desktop/Imperial/Master Thesis/QuantFundAgent/venv/lib/python3.13/site-packages/sklearn/utils/validation.py:2691: UserWarning: X does not have valid feature names, but LGBMRegressor was fitted with feature names
  warnings.warn(
/Users/lucawurker/Desktop/Imperial/Master Thesis/QuantFundAgent/venv/lib/python3.13/site-packages/sklearn/utils/validation.py:2691: UserWarning: X does not have valid feature names, but LGBMRegressor was fitted with feature names
  warnings.warn(
/Users/lucawurker/Desktop/Imperial/Master Thesis/QuantFundAgent/venv/lib/python3.13/site-packages/sklearn/utils/validation.py:2691: UserWarning: X does not have valid feature names, but LGBMRegressor was fitted with feature names
  warnings.warn(
15:04:08  WARNING  research.service        [evaluate_fitness] jitter probe stable_peer_gated_flow_extinction_reversal_jit0 failed (min_periods 3 must be <= window 2) — skipped
/Users/lucawurker/Desktop/Imperial/Master Thesis/QuantFundAgent/venv/lib/python3.13/site-packages/sklearn/utils/validation.py:2691: UserWarning: X does not have valid feature names, but LGBMRegressor was fitted with feature names
  warnings.warn(
/Users/lucawurker/Desktop/Imperial/Master Thesis/QuantFundAgent/venv/lib/python3.13/site-packages/sklearn/utils/validation.py:2691: UserWarning: X does not have valid feature names, but LGBMRegressor was fitted with feature names
  warnings.warn(
/Users/lucawurker/Desktop/Imperial/Master Thesis/QuantFundAgent/venv/lib/python3.13/site-packages/sklearn/utils/validation.py:2691: UserWarning: X does not have valid feature names, but LGBMRegressor was fitted with feature names
  warnings.warn(
15:04:13  INFO     evolution.loop          generation 5: 40/48 children admitted; archive=8; n_trials=273
15:04:44  INFO     httpx                   HTTP Request: POST https://api.openai.com/v1/chat/completions "HTTP/1.1 200 OK"
15:04:44  INFO     evolution.loop          child attempt failed (syntax error: unexpected character after line continuation character (<unknown>, line 1)) — retrying with feedback
15:04:48  INFO     httpx                   HTTP Request: POST https://api.openai.com/v1/chat/completions "HTTP/1.1 200 OK"
15:04:49  INFO     httpx                   HTTP Request: POST https://api.openai.com/v1/chat/completions "HTTP/1.1 200 OK"
15:04:50  INFO     httpx                   HTTP Request: POST https://api.openai.com/v1/chat/completions "HTTP/1.1 200 OK"
15:04:50  INFO     httpx                   HTTP Request: POST https://api.openai.com/v1/chat/completions "HTTP/1.1 200 OK"
15:04:54  INFO     httpx                   HTTP Request: POST https://api.openai.com/v1/chat/completions "HTTP/1.1 200 OK"
15:04:56  INFO     httpx                   HTTP Request: POST https://api.openai.com/v1/chat/completions "HTTP/1.1 200 OK"
15:04:56  INFO     evolution.loop          child attempt failed (syntax error: unexpected character after line continuation character (<unknown>, line 1)) — retrying with feedback
15:04:58  INFO     httpx                   HTTP Request: POST https://api.openai.com/v1/chat/completions "HTTP/1.1 200 OK"
15:04:58  INFO     evolution.loop          child attempt failed (syntax error: unexpected character after line continuation character (<unknown>, line 1)) — retrying with feedback
15:05:09  INFO     httpx                   HTTP Request: POST https://api.openai.com/v1/chat/completions "HTTP/1.1 200 OK"
15:05:09  INFO     evolution.loop          child attempt failed (syntax error: unexpected character after line continuation character (<unknown>, line 1)) — retrying with feedback
15:05:20  INFO     httpx                   HTTP Request: POST https://api.openai.com/v1/chat/completions "HTTP/1.1 200 OK"
15:05:20  INFO     evolution.loop          child failed twice (syntax error: unexpected character after line continuation character (<unknown>, line 1)) — dropped
15:05:22  INFO     httpx                   HTTP Request: POST https://api.openai.com/v1/chat/completions "HTTP/1.1 200 OK"
15:05:26  INFO     httpx                   HTTP Request: POST https://api.openai.com/v1/chat/completions "HTTP/1.1 200 OK"
15:05:29  INFO     httpx                   HTTP Request: POST https://api.openai.com/v1/chat/completions "HTTP/1.1 200 OK"
15:05:29  INFO     evolution.loop          child attempt failed (syntax error: unexpected character after line continuation character (<unknown>, line 1)) — retrying with feedback
15:05:31  INFO     httpx                   HTTP Request: POST https://api.openai.com/v1/chat/completions "HTTP/1.1 200 OK"
15:05:35  INFO     httpx                   HTTP Request: POST https://api.openai.com/v1/chat/completions "HTTP/1.1 200 OK"
15:05:35  INFO     evolution.loop          child failed twice (calc() raised on synthetic data: Series.mul does not support a DataFrame `other`. Use df.mul(ser) instead.) — dropped
15:05:36  INFO     httpx                   HTTP Request: POST https://api.openai.com/v1/chat/completions "HTTP/1.1 200 OK"
15:05:41  INFO     httpx                   HTTP Request: POST https://api.openai.com/v1/chat/completions "HTTP/1.1 200 OK"
15:05:41  INFO     evolution.loop          child failed twice (syntax error: unexpected character after line continuation character (<unknown>, line 1)) — dropped
15:05:49  INFO     httpx                   HTTP Request: POST https://api.openai.com/v1/chat/completions "HTTP/1.1 200 OK"
15:05:57  INFO     httpx                   HTTP Request: POST https://api.openai.com/v1/chat/completions "HTTP/1.1 200 OK"
15:06:01  INFO     httpx                   HTTP Request: POST https://api.openai.com/v1/chat/completions "HTTP/1.1 200 OK"
15:06:01  INFO     evolution.loop          child attempt failed (syntax error: unexpected character after line continuation character (<unknown>, line 1)) — retrying with feedback
15:06:02  INFO     httpx                   HTTP Request: POST https://api.openai.com/v1/chat/completions "HTTP/1.1 200 OK"
15:06:02  INFO     evolution.loop          child attempt failed (Unterminated string starting at: line 12 column 11 (char 1313)) — retrying with feedback
15:06:08  INFO     httpx                   HTTP Request: POST https://api.openai.com/v1/chat/completions "HTTP/1.1 200 OK"
15:06:08  INFO     evolution.loop          child attempt failed (Unterminated string starting at: line 12 column 11 (char 1403)) — retrying with feedback
15:06:12  INFO     httpx                   HTTP Request: POST https://api.openai.com/v1/chat/completions "HTTP/1.1 200 OK"
15:06:12  INFO     evolution.loop          child attempt failed (syntax error: unexpected character after line continuation character (<unknown>, line 1)) — retrying with feedback
15:06:14  INFO     httpx                   HTTP Request: POST https://api.openai.com/v1/chat/completions "HTTP/1.1 200 OK"
15:06:15  INFO     httpx                   HTTP Request: POST https://api.openai.com/v1/chat/completions "HTTP/1.1 200 OK"
15:06:18  INFO     httpx                   HTTP Request: POST https://api.openai.com/v1/chat/completions "HTTP/1.1 200 OK"
15:06:30  INFO     httpx                   HTTP Request: POST https://api.openai.com/v1/chat/completions "HTTP/1.1 200 OK"
15:06:31  INFO     httpx                   HTTP Request: POST https://api.openai.com/v1/chat/completions "HTTP/1.1 200 OK"
15:06:31  INFO     evolution.loop          child failed twice (syntax error: unexpected character after line continuation character (<unknown>, line 1)) — dropped
15:06:31  INFO     httpx                   HTTP Request: POST https://api.openai.com/v1/chat/completions "HTTP/1.1 200 OK"
15:06:31  INFO     evolution.loop          child attempt failed (Unterminated string starting at: line 12 column 11 (char 1420)) — retrying with feedback
15:06:34  INFO     httpx                   HTTP Request: POST https://api.openai.com/v1/chat/completions "HTTP/1.1 200 OK"
15:06:34  INFO     evolution.loop          child failed twice (syntax error: unexpected character after line continuation character (<unknown>, line 1)) — dropped
15:06:41  INFO     httpx                   HTTP Request: POST https://api.openai.com/v1/chat/completions "HTTP/1.1 200 OK"
/Users/lucawurker/Desktop/Imperial/Master Thesis/QuantFundAgent/venv/lib/python3.13/site-packages/pandas/core/internals/blocks.py:347: RuntimeWarning: divide by zero encountered in log
  result = func(self.values, **kwargs)
15:06:53  INFO     httpx                   HTTP Request: POST https://api.openai.com/v1/chat/completions "HTTP/1.1 200 OK"
15:06:54  INFO     httpx                   HTTP Request: POST https://api.openai.com/v1/chat/completions "HTTP/1.1 200 OK"
15:06:56  INFO     httpx                   HTTP Request: POST https://api.openai.com/v1/chat/completions "HTTP/1.1 200 OK"
15:06:56  INFO     httpx                   HTTP Request: POST https://api.openai.com/v1/chat/completions "HTTP/1.1 200 OK"
15:06:58  INFO     httpx                   HTTP Request: POST https://api.openai.com/v1/chat/completions "HTTP/1.1 200 OK"
15:06:58  INFO     evolution.loop          child attempt failed (syntax error: unexpected character after line continuation character (<unknown>, line 1)) — retrying with feedback
15:06:59  INFO     httpx                   HTTP Request: POST https://api.openai.com/v1/chat/completions "HTTP/1.1 200 OK"
15:07:11  INFO     httpx                   HTTP Request: POST https://api.openai.com/v1/chat/completions "HTTP/1.1 200 OK"
15:07:16  INFO     httpx                   HTTP Request: POST https://api.openai.com/v1/chat/completions "HTTP/1.1 200 OK"
15:07:17  INFO     httpx                   HTTP Request: POST https://api.openai.com/v1/chat/completions "HTTP/1.1 200 OK"
15:07:23  INFO     httpx                   HTTP Request: POST https://api.openai.com/v1/chat/completions "HTTP/1.1 200 OK"
15:07:25  INFO     httpx                   HTTP Request: POST https://api.openai.com/v1/chat/completions "HTTP/1.1 200 OK"
15:07:37  INFO     httpx                   HTTP Request: POST https://api.openai.com/v1/chat/completions "HTTP/1.1 200 OK"
15:07:40  INFO     httpx                   HTTP Request: POST https://api.openai.com/v1/chat/completions "HTTP/1.1 200 OK"
15:07:40  INFO     httpx                   HTTP Request: POST https://api.openai.com/v1/chat/completions "HTTP/1.1 200 OK"
15:07:47  INFO     httpx                   HTTP Request: POST https://api.openai.com/v1/chat/completions "HTTP/1.1 200 OK"
15:07:52  INFO     httpx                   HTTP Request: POST https://api.openai.com/v1/chat/completions "HTTP/1.1 200 OK"
15:07:53  INFO     httpx                   HTTP Request: POST https://api.openai.com/v1/chat/completions "HTTP/1.1 200 OK"
15:07:53  INFO     evolution.loop          child attempt failed (syntax error: unexpected character after line continuation character (<unknown>, line 1)) — retrying with feedback
15:07:53  INFO     httpx                   HTTP Request: POST https://api.openai.com/v1/chat/completions "HTTP/1.1 200 OK"
15:07:53  INFO     httpx                   HTTP Request: POST https://api.openai.com/v1/chat/completions "HTTP/1.1 200 OK"
15:08:08  INFO     httpx                   HTTP Request: POST https://api.openai.com/v1/chat/completions "HTTP/1.1 200 OK"
15:08:08  INFO     evolution.loop          child attempt failed (syntax error: unexpected character after line continuation character (<unknown>, line 1)) — retrying with feedback
15:08:13  INFO     httpx                   HTTP Request: POST https://api.openai.com/v1/chat/completions "HTTP/1.1 200 OK"
15:08:13  INFO     evolution.loop          child attempt failed (syntax error: unexpected character after line continuation character (<unknown>, line 1)) — retrying with feedback
15:08:14  INFO     httpx                   HTTP Request: POST https://api.openai.com/v1/chat/completions "HTTP/1.1 200 OK"
15:08:19  INFO     httpx                   HTTP Request: POST https://api.openai.com/v1/chat/completions "HTTP/1.1 200 OK"
15:08:19  INFO     evolution.loop          child failed twice (syntax error: unexpected character after line continuation character (<unknown>, line 1)) — dropped
15:08:23  INFO     httpx                   HTTP Request: POST https://api.openai.com/v1/chat/completions "HTTP/1.1 200 OK"
15:08:29  INFO     httpx                   HTTP Request: POST https://api.openai.com/v1/chat/completions "HTTP/1.1 200 OK"
15:08:29  INFO     httpx                   HTTP Request: POST https://api.openai.com/v1/chat/completions "HTTP/1.1 200 OK"
15:08:34  INFO     httpx                   HTTP Request: POST https://api.openai.com/v1/chat/completions "HTTP/1.1 200 OK"
15:08:34  INFO     httpx                   HTTP Request: POST https://api.openai.com/v1/chat/completions "HTTP/1.1 200 OK"
15:08:34  INFO     evolution.loop          child failed twice (syntax error: unexpected character after line continuation character (<unknown>, line 1)) — dropped
15:08:50  INFO     httpx                   HTTP Request: POST https://api.openai.com/v1/chat/completions "HTTP/1.1 200 OK"
15:08:50  INFO     evolution.loop          child failed twice (syntax error: unexpected character after line continuation character (<unknown>, line 1)) — dropped
/Users/lucawurker/Desktop/Imperial/Master Thesis/QuantFundAgent/venv/lib/python3.13/site-packages/sklearn/utils/validation.py:2691: UserWarning: X does not have valid feature names, but LGBMRegressor was fitted with feature names
  warnings.warn(
/Users/lucawurker/Desktop/Imperial/Master Thesis/QuantFundAgent/venv/lib/python3.13/site-packages/sklearn/utils/validation.py:2691: UserWarning: X does not have valid feature names, but LGBMRegressor was fitted with feature names
  warnings.warn(
/Users/lucawurker/Desktop/Imperial/Master Thesis/QuantFundAgent/venv/lib/python3.13/site-packages/sklearn/utils/validation.py:2691: UserWarning: X does not have valid feature names, but LGBMRegressor was fitted with feature names
  warnings.warn(
/Users/lucawurker/Desktop/Imperial/Master Thesis/QuantFundAgent/venv/lib/python3.13/site-packages/sklearn/utils/validation.py:2691: UserWarning: X does not have valid feature names, but LGBMRegressor was fitted with feature names
  warnings.warn(
/Users/lucawurker/Desktop/Imperial/Master Thesis/QuantFundAgent/venv/lib/python3.13/site-packages/sklearn/utils/validation.py:2691: UserWarning: X does not have valid feature names, but LGBMRegressor was fitted with feature names
  warnings.warn(
/Users/lucawurker/Desktop/Imperial/Master Thesis/QuantFundAgent/venv/lib/python3.13/site-packages/sklearn/utils/validation.py:2691: UserWarning: X does not have valid feature names, but LGBMRegressor was fitted with feature names
  warnings.warn(
/Users/lucawurker/Desktop/Imperial/Master Thesis/QuantFundAgent/venv/lib/python3.13/site-packages/sklearn/utils/validation.py:2691: UserWarning: X does not have valid feature names, but LGBMRegressor was fitted with feature names
  warnings.warn(
/Users/lucawurker/Desktop/Imperial/Master Thesis/QuantFundAgent/venv/lib/python3.13/site-packages/sklearn/utils/validation.py:2691: UserWarning: X does not have valid feature names, but LGBMRegressor was fitted with feature names
  warnings.warn(
15:09:42  WARNING  research.service        [evaluate_fitness] jitter probe sector_spectral_transfer_delay_deficit_jit0 failed (min_periods 3 must be <= window 2) — skipped
/Users/lucawurker/Desktop/Imperial/Master Thesis/QuantFundAgent/venv/lib/python3.13/site-packages/sklearn/utils/validation.py:2691: UserWarning: X does not have valid feature names, but LGBMRegressor was fitted with feature names
  warnings.warn(
/Users/lucawurker/Desktop/Imperial/Master Thesis/QuantFundAgent/venv/lib/python3.13/site-packages/sklearn/utils/validation.py:2691: UserWarning: X does not have valid feature names, but LGBMRegressor was fitted with feature names
  warnings.warn(
/Users/lucawurker/Desktop/Imperial/Master Thesis/QuantFundAgent/venv/lib/python3.13/site-packages/sklearn/utils/validation.py:2691: UserWarning: X does not have valid feature names, but LGBMRegressor was fitted with feature names
  warnings.warn(
/Users/lucawurker/Desktop/Imperial/Master Thesis/QuantFundAgent/venv/lib/python3.13/site-packages/sklearn/utils/validation.py:2691: UserWarning: X does not have valid feature names, but LGBMRegressor was fitted with feature names
  warnings.warn(
/Users/lucawurker/Desktop/Imperial/Master Thesis/QuantFundAgent/venv/lib/python3.13/site-packages/sklearn/utils/validation.py:2691: UserWarning: X does not have valid feature names, but LGBMRegressor was fitted with feature names
  warnings.warn(
15:09:56  INFO     evolution.loop          [peer_earnings_cascade_response_gap] evaluation failed: candidate signal failed: operands could not be broadcast together with shapes (164,) (180,) 
15:09:56  INFO     evolution.loop          [filing_information_richness_unpriced_drift_x9] evaluation failed: candidate signal failed: boolean index did not match indexed array along axis 1; size of axis is 180 but size of corresponding boolean axis is 164
/Users/lucawurker/Desktop/Imperial/Master Thesis/QuantFundAgent/venv/lib/python3.13/site-packages/sklearn/utils/validation.py:2691: UserWarning: X does not have valid feature names, but LGBMRegressor was fitted with feature names
  warnings.warn(
/Users/lucawurker/Desktop/Imperial/Master Thesis/QuantFundAgent/venv/lib/python3.13/site-packages/pandas/core/internals/blocks.py:347: RuntimeWarning: divide by zero encountered in log
  result = func(self.values, **kwargs)
/Users/lucawurker/Desktop/Imperial/Master Thesis/QuantFundAgent/venv/lib/python3.13/site-packages/pandas/core/internals/blocks.py:347: RuntimeWarning: divide by zero encountered in log
  result = func(self.values, **kwargs)
/Users/lucawurker/Desktop/Imperial/Master Thesis/QuantFundAgent/venv/lib/python3.13/site-packages/pandas/core/internals/blocks.py:347: RuntimeWarning: divide by zero encountered in log
  result = func(self.values, **kwargs)
/Users/lucawurker/Desktop/Imperial/Master Thesis/QuantFundAgent/venv/lib/python3.13/site-packages/sklearn/utils/validation.py:2691: UserWarning: X does not have valid feature names, but LGBMRegressor was fitted with feature names
  warnings.warn(
15:10:01  WARNING  research.service        [evaluate_fitness] jitter probe cross_asset_volatility_synchronization_jump_pres_jit0 failed (min_periods 3 must be <= window 2) — skipped
/Users/lucawurker/Desktop/Imperial/Master Thesis/QuantFundAgent/venv/lib/python3.13/site-packages/sklearn/utils/validation.py:2691: UserWarning: X does not have valid feature names, but LGBMRegressor was fitted with feature names
  warnings.warn(
/Users/lucawurker/Desktop/Imperial/Master Thesis/QuantFundAgent/venv/lib/python3.13/site-packages/sklearn/utils/validation.py:2691: UserWarning: X does not have valid feature names, but LGBMRegressor was fitted with feature names
  warnings.warn(
/Users/lucawurker/Desktop/Imperial/Master Thesis/QuantFundAgent/venv/lib/python3.13/site-packages/sklearn/utils/validation.py:2691: UserWarning: X does not have valid feature names, but LGBMRegressor was fitted with feature names
  warnings.warn(
15:10:05  INFO     evolution.loop          [consensus_cash_realization_bayes_decay] evaluation failed: candidate signal failed: ufunc 'invert' not supported for the input types, and the inputs could not be safely coerced to any supported types according to the casting rule ''safe''
/Users/lucawurker/Desktop/Imperial/Master Thesis/QuantFundAgent/venv/lib/python3.13/site-packages/sklearn/utils/validation.py:2691: UserWarning: X does not have valid feature names, but LGBMRegressor was fitted with feature names
  warnings.warn(
15:10:07  WARNING  research.service        [evaluate_fitness] jitter probe cash_conversion_funding_surprise_trap_jit0 failed (min_periods 5 must be <= window 4) — skipped
/Users/lucawurker/Desktop/Imperial/Master Thesis/QuantFundAgent/venv/lib/python3.13/site-packages/sklearn/utils/validation.py:2691: UserWarning: X does not have valid feature names, but LGBMRegressor was fitted with feature names
  warnings.warn(
/Users/lucawurker/Desktop/Imperial/Master Thesis/QuantFundAgent/venv/lib/python3.13/site-packages/sklearn/utils/validation.py:2691: UserWarning: X does not have valid feature names, but LGBMRegressor was fitted with feature names
  warnings.warn(
/Users/lucawurker/Desktop/Imperial/Master Thesis/QuantFundAgent/venv/lib/python3.13/site-packages/sklearn/utils/validation.py:2691: UserWarning: X does not have valid feature names, but LGBMRegressor was fitted with feature names
  warnings.warn(
15:10:11  WARNING  research.service        [evaluate_fitness] jitter probe stale_consensus_growth_extrapolation_fragility_jit0 failed (min_periods 10 must be <= window 9) — skipped
/Users/lucawurker/Desktop/Imperial/Master Thesis/QuantFundAgent/venv/lib/python3.13/site-packages/sklearn/utils/validation.py:2691: UserWarning: X does not have valid feature names, but LGBMRegressor was fitted with feature names
  warnings.warn(
/Users/lucawurker/Desktop/Imperial/Master Thesis/QuantFundAgent/venv/lib/python3.13/site-packages/sklearn/utils/validation.py:2691: UserWarning: X does not have valid feature names, but LGBMRegressor was fitted with feature names
  warnings.warn(
/Users/lucawurker/Desktop/Imperial/Master Thesis/QuantFundAgent/venv/lib/python3.13/site-packages/sklearn/utils/validation.py:2691: UserWarning: X does not have valid feature names, but LGBMRegressor was fitted with feature names
  warnings.warn(
/Users/lucawurker/Desktop/Imperial/Master Thesis/QuantFundAgent/venv/lib/python3.13/site-packages/sklearn/utils/validation.py:2691: UserWarning: X does not have valid feature names, but LGBMRegressor was fitted with feature names
  warnings.warn(
15:10:19  INFO     evolution.loop          [sector_residual_volume_elasticity_repair] evaluation failed: candidate signal failed: "['CA', 'LIFE', 'MICC', 'SHLD', 'SNDK', 'VSNT'] not in index"
/Users/lucawurker/Desktop/Imperial/Master Thesis/QuantFundAgent/venv/lib/python3.13/site-packages/sklearn/utils/validation.py:2691: UserWarning: X does not have valid feature names, but LGBMRegressor was fitted with feature names
  warnings.warn(
/Users/lucawurker/Desktop/Imperial/Master Thesis/QuantFundAgent/venv/lib/python3.13/site-packages/sklearn/utils/validation.py:2691: UserWarning: X does not have valid feature names, but LGBMRegressor was fitted with feature names
  warnings.warn(
/Users/lucawurker/Desktop/Imperial/Master Thesis/QuantFundAgent/venv/lib/python3.13/site-packages/sklearn/utils/validation.py:2691: UserWarning: X does not have valid feature names, but LGBMRegressor was fitted with feature names
  warnings.warn(
/Users/lucawurker/Desktop/Imperial/Master Thesis/QuantFundAgent/venv/lib/python3.13/site-packages/sklearn/utils/validation.py:2691: UserWarning: X does not have valid feature names, but LGBMRegressor was fitted with feature names
  warnings.warn(
15:10:27  WARNING  research.service        [evaluate_fitness] jitter probe industry_relay_schedule_permeability_jit0 failed (min_periods 3 must be <= window 2) — skipped
/Users/lucawurker/Desktop/Imperial/Master Thesis/QuantFundAgent/venv/lib/python3.13/site-packages/sklearn/utils/validation.py:2691: UserWarning: X does not have valid feature names, but LGBMRegressor was fitted with feature names
  warnings.warn(
/Users/lucawurker/Desktop/Imperial/Master Thesis/QuantFundAgent/venv/lib/python3.13/site-packages/sklearn/utils/validation.py:2691: UserWarning: X does not have valid feature names, but LGBMRegressor was fitted with feature names
  warnings.warn(
/Users/lucawurker/Desktop/Imperial/Master Thesis/QuantFundAgent/venv/lib/python3.13/site-packages/sklearn/utils/validation.py:2691: UserWarning: X does not have valid feature names, but LGBMRegressor was fitted with feature names
  warnings.warn(
15:11:13  WARNING  research.service        [evaluate_fitness] jitter probe persistent_signed_graph_terminal_flow_repair_jit0 failed (min_periods 9 must be <= window 8) — skipped
/Users/lucawurker/Desktop/Imperial/Master Thesis/QuantFundAgent/venv/lib/python3.13/site-packages/sklearn/utils/validation.py:2691: UserWarning: X does not have valid feature names, but LGBMRegressor was fitted with feature names
  warnings.warn(
/Users/lucawurker/Desktop/Imperial/Master Thesis/QuantFundAgent/venv/lib/python3.13/site-packages/sklearn/utils/validation.py:2691: UserWarning: X does not have valid feature names, but LGBMRegressor was fitted with feature names
  warnings.warn(
/Users/lucawurker/Desktop/Imperial/Master Thesis/QuantFundAgent/venv/lib/python3.13/site-packages/pandas/core/internals/blocks.py:347: RuntimeWarning: divide by zero encountered in log
  result = func(self.values, **kwargs)
15:12:43  WARNING  research.service        [evaluate_fitness] jitter probe solvency_screened_nonbranching_sellshock_reversa_jit0 failed (min_periods 3 must be <= window 2) — skipped
/Users/lucawurker/Desktop/Imperial/Master Thesis/QuantFundAgent/venv/lib/python3.13/site-packages/sklearn/utils/validation.py:2691: UserWarning: X does not have valid feature names, but LGBMRegressor was fitted with feature names
  warnings.warn(
/Users/lucawurker/Desktop/Imperial/Master Thesis/QuantFundAgent/venv/lib/python3.13/site-packages/sklearn/utils/validation.py:2691: UserWarning: X does not have valid feature names, but LGBMRegressor was fitted with feature names
  warnings.warn(
15:12:48  INFO     evolution.loop          generation 6: migrated 12 elite(s)
15:12:48  INFO     evolution.loop          generation 6: 36/48 children admitted; archive=8; n_trials=309
15:13:20  INFO     httpx                   HTTP Request: POST https://api.openai.com/v1/chat/completions "HTTP/1.1 200 OK"
15:13:20  INFO     evolution.loop          child attempt failed (syntax error: unexpected character after line continuation character (<unknown>, line 1)) — retrying with feedback
15:13:22  INFO     httpx                   HTTP Request: POST https://api.openai.com/v1/chat/completions "HTTP/1.1 200 OK"
15:13:27  INFO     httpx                   HTTP Request: POST https://api.openai.com/v1/chat/completions "HTTP/1.1 200 OK"
15:13:30  INFO     httpx                   HTTP Request: POST https://api.openai.com/v1/chat/completions "HTTP/1.1 200 OK"
15:13:31  INFO     httpx                   HTTP Request: POST https://api.openai.com/v1/chat/completions "HTTP/1.1 200 OK"
15:13:32  INFO     httpx                   HTTP Request: POST https://api.openai.com/v1/chat/completions "HTTP/1.1 200 OK"
15:13:32  INFO     evolution.loop          child attempt failed (syntax error: unexpected character after line continuation character (<unknown>, line 1)) — retrying with feedback
15:13:33  INFO     httpx                   HTTP Request: POST https://api.openai.com/v1/chat/completions "HTTP/1.1 200 OK"
15:13:33  INFO     evolution.loop          child attempt failed (syntax error: unexpected character after line continuation character (<unknown>, line 1)) — retrying with feedback
15:13:46  INFO     httpx                   HTTP Request: POST https://api.openai.com/v1/chat/completions "HTTP/1.1 200 OK"
15:13:47  INFO     httpx                   HTTP Request: POST https://api.openai.com/v1/chat/completions "HTTP/1.1 200 OK"
15:13:53  INFO     httpx                   HTTP Request: POST https://api.openai.com/v1/chat/completions "HTTP/1.1 200 OK"
15:13:53  INFO     httpx                   HTTP Request: POST https://api.openai.com/v1/chat/completions "HTTP/1.1 200 OK"
15:14:01  INFO     httpx                   HTTP Request: POST https://api.openai.com/v1/chat/completions "HTTP/1.1 200 OK"
15:14:01  INFO     evolution.loop          child failed twice (syntax error: unexpected character after line continuation character (<unknown>, line 1)) — dropped
15:14:02  INFO     httpx                   HTTP Request: POST https://api.openai.com/v1/chat/completions "HTTP/1.1 200 OK"
15:14:04  INFO     httpx                   HTTP Request: POST https://api.openai.com/v1/chat/completions "HTTP/1.1 200 OK"
15:14:12  INFO     httpx                   HTTP Request: POST https://api.openai.com/v1/chat/completions "HTTP/1.1 200 OK"
15:14:13  INFO     httpx                   HTTP Request: POST https://api.openai.com/v1/chat/completions "HTTP/1.1 200 OK"
15:14:27  INFO     httpx                   HTTP Request: POST https://api.openai.com/v1/chat/completions "HTTP/1.1 200 OK"
15:14:33  INFO     httpx                   HTTP Request: POST https://api.openai.com/v1/chat/completions "HTTP/1.1 200 OK"
15:14:39  INFO     httpx                   HTTP Request: POST https://api.openai.com/v1/chat/completions "HTTP/1.1 200 OK"
15:14:39  INFO     evolution.loop          child attempt failed (Unterminated string starting at: line 10 column 11 (char 1337)) — retrying with feedback
15:14:41  INFO     httpx                   HTTP Request: POST https://api.openai.com/v1/chat/completions "HTTP/1.1 200 OK"
15:14:44  INFO     httpx                   HTTP Request: POST https://api.openai.com/v1/chat/completions "HTTP/1.1 200 OK"
15:14:53  INFO     httpx                   HTTP Request: POST https://api.openai.com/v1/chat/completions "HTTP/1.1 200 OK"
15:14:53  INFO     httpx                   HTTP Request: POST https://api.openai.com/v1/chat/completions "HTTP/1.1 200 OK"
15:14:55  INFO     httpx                   HTTP Request: POST https://api.openai.com/v1/chat/completions "HTTP/1.1 200 OK"
15:15:00  INFO     httpx                   HTTP Request: POST https://api.openai.com/v1/chat/completions "HTTP/1.1 200 OK"
15:15:00  INFO     evolution.loop          child attempt failed (Unterminated string starting at: line 10 column 11 (char 1410)) — retrying with feedback
15:15:11  INFO     httpx                   HTTP Request: POST https://api.openai.com/v1/chat/completions "HTTP/1.1 200 OK"
15:15:13  INFO     httpx                   HTTP Request: POST https://api.openai.com/v1/chat/completions "HTTP/1.1 200 OK"
15:15:14  INFO     httpx                   HTTP Request: POST https://api.openai.com/v1/chat/completions "HTTP/1.1 200 OK"
15:15:25  INFO     httpx                   HTTP Request: POST https://api.openai.com/v1/chat/completions "HTTP/1.1 200 OK"
15:15:34  INFO     httpx                   HTTP Request: POST https://api.openai.com/v1/chat/completions "HTTP/1.1 200 OK"
15:15:42  INFO     httpx                   HTTP Request: POST https://api.openai.com/v1/chat/completions "HTTP/1.1 200 OK"
15:15:42  INFO     httpx                   HTTP Request: POST https://api.openai.com/v1/chat/completions "HTTP/1.1 200 OK"
15:15:43  INFO     httpx                   HTTP Request: POST https://api.openai.com/v1/chat/completions "HTTP/1.1 200 OK"
15:15:45  INFO     httpx                   HTTP Request: POST https://api.openai.com/v1/chat/completions "HTTP/1.1 200 OK"
15:15:45  INFO     evolution.loop          child attempt failed (syntax error: unexpected character after line continuation character (<unknown>, line 1)) — retrying with feedback
15:15:48  INFO     httpx                   HTTP Request: POST https://api.openai.com/v1/chat/completions "HTTP/1.1 200 OK"
15:15:49  INFO     evolution.loop          child attempt failed (syntax error: unexpected character after line continuation character (<unknown>, line 1)) — retrying with feedback
15:16:01  INFO     httpx                   HTTP Request: POST https://api.openai.com/v1/chat/completions "HTTP/1.1 200 OK"
15:16:02  INFO     httpx                   HTTP Request: POST https://api.openai.com/v1/chat/completions "HTTP/1.1 200 OK"
15:16:12  INFO     httpx                   HTTP Request: POST https://api.openai.com/v1/chat/completions "HTTP/1.1 200 OK"
15:16:12  INFO     evolution.loop          child failed twice (syntax error: unexpected character after line continuation character (<unknown>, line 1)) — dropped
15:16:16  INFO     httpx                   HTTP Request: POST https://api.openai.com/v1/chat/completions "HTTP/1.1 200 OK"
15:16:16  INFO     evolution.loop          child attempt failed (Unterminated string starting at: line 12 column 11 (char 1571)) — retrying with feedback
15:16:17  INFO     httpx                   HTTP Request: POST https://api.openai.com/v1/chat/completions "HTTP/1.1 200 OK"
15:16:19  INFO     httpx                   HTTP Request: POST https://api.openai.com/v1/chat/completions "HTTP/1.1 200 OK"
15:16:22  INFO     httpx                   HTTP Request: POST https://api.openai.com/v1/chat/completions "HTTP/1.1 200 OK"
15:16:24  INFO     httpx                   HTTP Request: POST https://api.openai.com/v1/chat/completions "HTTP/1.1 200 OK"
15:16:35  INFO     httpx                   HTTP Request: POST https://api.openai.com/v1/chat/completions "HTTP/1.1 200 OK"
15:16:36  INFO     httpx                   HTTP Request: POST https://api.openai.com/v1/chat/completions "HTTP/1.1 200 OK"
15:16:44  INFO     httpx                   HTTP Request: POST https://api.openai.com/v1/chat/completions "HTTP/1.1 200 OK"
15:16:51  INFO     httpx                   HTTP Request: POST https://api.openai.com/v1/chat/completions "HTTP/1.1 200 OK"
15:16:51  INFO     httpx                   HTTP Request: POST https://api.openai.com/v1/chat/completions "HTTP/1.1 200 OK"
15:16:51  INFO     evolution.loop          child attempt failed (syntax error: unexpected character after line continuation character (<unknown>, line 1)) — retrying with feedback
15:17:00  INFO     httpx                   HTTP Request: POST https://api.openai.com/v1/chat/completions "HTTP/1.1 200 OK"
15:17:03  INFO     httpx                   HTTP Request: POST https://api.openai.com/v1/chat/completions "HTTP/1.1 200 OK"
15:17:03  INFO     evolution.loop          child attempt failed (syntax error: unexpected character after line continuation character (<unknown>, line 1)) — retrying with feedback
15:17:07  INFO     httpx                   HTTP Request: POST https://api.openai.com/v1/chat/completions "HTTP/1.1 200 OK"
15:17:16  INFO     httpx                   HTTP Request: POST https://api.openai.com/v1/chat/completions "HTTP/1.1 200 OK"
15:17:20  INFO     httpx                   HTTP Request: POST https://api.openai.com/v1/chat/completions "HTTP/1.1 200 OK"
15:17:20  INFO     evolution.loop          child attempt failed (calc() raised on synthetic data: 'DataFrame' object has no attribute 'sign') — retrying with feedback
15:17:21  INFO     httpx                   HTTP Request: POST https://api.openai.com/v1/chat/completions "HTTP/1.1 200 OK"
15:17:22  INFO     httpx                   HTTP Request: POST https://api.openai.com/v1/chat/completions "HTTP/1.1 200 OK"
15:17:27  INFO     httpx                   HTTP Request: POST https://api.openai.com/v1/chat/completions "HTTP/1.1 200 OK"
15:17:35  INFO     httpx                   HTTP Request: POST https://api.openai.com/v1/chat/completions "HTTP/1.1 200 OK"
15:17:35  INFO     evolution.loop          child failed twice (syntax error: unexpected character after line continuation character (<unknown>, line 1)) — dropped
15:17:35  INFO     httpx                   HTTP Request: POST https://api.openai.com/v1/chat/completions "HTTP/1.1 200 OK"
15:17:50  INFO     httpx                   HTTP Request: POST https://api.openai.com/v1/chat/completions "HTTP/1.1 200 OK"
/Users/lucawurker/Desktop/Imperial/Master Thesis/QuantFundAgent/venv/lib/python3.13/site-packages/sklearn/utils/validation.py:2691: UserWarning: X does not have valid feature names, but LGBMRegressor was fitted with feature names
  warnings.warn(
/Users/lucawurker/Desktop/Imperial/Master Thesis/QuantFundAgent/venv/lib/python3.13/site-packages/sklearn/utils/validation.py:2691: UserWarning: X does not have valid feature names, but LGBMRegressor was fitted with feature names
  warnings.warn(
/Users/lucawurker/Desktop/Imperial/Master Thesis/QuantFundAgent/venv/lib/python3.13/site-packages/sklearn/utils/validation.py:2691: UserWarning: X does not have valid feature names, but LGBMRegressor was fitted with feature names
  warnings.warn(
/Users/lucawurker/Desktop/Imperial/Master Thesis/QuantFundAgent/venv/lib/python3.13/site-packages/sklearn/utils/validation.py:2691: UserWarning: X does not have valid feature names, but LGBMRegressor was fitted with feature names
  warnings.warn(
/Users/lucawurker/Desktop/Imperial/Master Thesis/QuantFundAgent/venv/lib/python3.13/site-packages/sklearn/utils/validation.py:2691: UserWarning: X does not have valid feature names, but LGBMRegressor was fitted with feature names
  warnings.warn(
/Users/lucawurker/Desktop/Imperial/Master Thesis/QuantFundAgent/venv/lib/python3.13/site-packages/sklearn/utils/validation.py:2691: UserWarning: X does not have valid feature names, but LGBMRegressor was fitted with feature names
  warnings.warn(
15:18:00  WARNING  research.service        [evaluate_fitness] jitter probe systematic_correlation_acceleration_allocation_d_jit0 failed (min_periods 3 must be <= window 2) — skipped
/Users/lucawurker/Desktop/Imperial/Master Thesis/QuantFundAgent/venv/lib/python3.13/site-packages/sklearn/utils/validation.py:2691: UserWarning: X does not have valid feature names, but LGBMRegressor was fitted with feature names
  warnings.warn(
15:18:02  WARNING  research.service        [evaluate_fitness] jitter probe event_authenticated_commonality_industry_receive_jit0 failed (min_periods 15 must be <= window 14) — skipped
/Users/lucawurker/Desktop/Imperial/Master Thesis/QuantFundAgent/venv/lib/python3.13/site-packages/sklearn/utils/validation.py:2691: UserWarning: X does not have valid feature names, but LGBMRegressor was fitted with feature names
  warnings.warn(
15:18:04  INFO     evolution.loop          [authenticated_peer_impulse_inventory_bridge] evaluation failed: candidate signal failed: Length of values (181) does not match length of index (180)
15:18:04  WARNING  research.service        [evaluate_fitness] jitter probe event_validated_peer_relative_impact_repair_jit0 failed (min_periods 3 must be <= window 2) — skipped
/Users/lucawurker/Desktop/Imperial/Master Thesis/QuantFundAgent/venv/lib/python3.13/site-packages/sklearn/utils/validation.py:2691: UserWarning: X does not have valid feature names, but LGBMRegressor was fitted with feature names
  warnings.warn(
15:18:05  INFO     evolution.loop          [fisher_industry_correlation_overshoot] evaluation failed: candidate signal failed: index 178 is out of bounds for axis 1 with size 176
/Users/lucawurker/Desktop/Imperial/Master Thesis/QuantFundAgent/venv/lib/python3.13/site-packages/sklearn/utils/validation.py:2691: UserWarning: X does not have valid feature names, but LGBMRegressor was fitted with feature names
  warnings.warn(
/Users/lucawurker/Desktop/Imperial/Master Thesis/QuantFundAgent/venv/lib/python3.13/site-packages/sklearn/utils/validation.py:2691: UserWarning: X does not have valid feature names, but LGBMRegressor was fitted with feature names
  warnings.warn(
/Users/lucawurker/Desktop/Imperial/Master Thesis/QuantFundAgent/venv/lib/python3.13/site-packages/sklearn/utils/validation.py:2691: UserWarning: X does not have valid feature names, but LGBMRegressor was fitted with feature names
  warnings.warn(
/Users/lucawurker/Desktop/Imperial/Master Thesis/QuantFundAgent/venv/lib/python3.13/site-packages/sklearn/utils/validation.py:2691: UserWarning: X does not have valid feature names, but LGBMRegressor was fitted with feature names
  warnings.warn(
/Users/lucawurker/Desktop/Imperial/Master Thesis/QuantFundAgent/venv/lib/python3.13/site-packages/sklearn/utils/validation.py:2691: UserWarning: X does not have valid feature names, but LGBMRegressor was fitted with feature names
  warnings.warn(
15:18:22  INFO     evolution.loop          [capital_structure_event_concordance_drift] evaluation failed: candidate signal failed: Can only compare identically-labeled (both index and columns) DataFrame objects
/Users/lucawurker/Desktop/Imperial/Master Thesis/QuantFundAgent/venv/lib/python3.13/site-packages/sklearn/utils/validation.py:2691: UserWarning: X does not have valid feature names, but LGBMRegressor was fitted with feature names
  warnings.warn(
15:18:24  WARNING  research.service        [evaluate_fitness] jitter probe synchronized_downside_cojump_recovery_jit0 failed (min_periods 12 must be <= window 11) — skipped
/Users/lucawurker/Desktop/Imperial/Master Thesis/QuantFundAgent/venv/lib/python3.13/site-packages/sklearn/utils/validation.py:2691: UserWarning: X does not have valid feature names, but LGBMRegressor was fitted with feature names
  warnings.warn(
15:18:25  WARNING  research.service        [evaluate_fitness] jitter probe systemic_volatility_sync_beta_lag_jit0 failed (min_periods 3 must be <= window 2) — skipped
/Users/lucawurker/Desktop/Imperial/Master Thesis/QuantFundAgent/venv/lib/python3.13/site-packages/sklearn/utils/validation.py:2691: UserWarning: X does not have valid feature names, but LGBMRegressor was fitted with feature names
  warnings.warn(
/Users/lucawurker/Desktop/Imperial/Master Thesis/QuantFundAgent/venv/lib/python3.13/site-packages/sklearn/utils/validation.py:2691: UserWarning: X does not have valid feature names, but LGBMRegressor was fitted with feature names
  warnings.warn(
15:18:29  WARNING  research.service        [evaluate_fitness] jitter probe idiosyncratic_impulse_terminal_inventory_reversa_jit0 failed (min_periods 6 must be <= window 5) — skipped
/Users/lucawurker/Desktop/Imperial/Master Thesis/QuantFundAgent/venv/lib/python3.13/site-packages/sklearn/utils/validation.py:2691: UserWarning: X does not have valid feature names, but LGBMRegressor was fitted with feature names
  warnings.warn(
/Users/lucawurker/Desktop/Imperial/Master Thesis/QuantFundAgent/venv/lib/python3.13/site-packages/sklearn/utils/validation.py:2691: UserWarning: X does not have valid feature names, but LGBMRegressor was fitted with feature names
  warnings.warn(
/Users/lucawurker/Desktop/Imperial/Master Thesis/QuantFundAgent/venv/lib/python3.13/site-packages/sklearn/utils/validation.py:2691: UserWarning: X does not have valid feature names, but LGBMRegressor was fitted with feature names
  warnings.warn(
15:18:35  INFO     evolution.loop          [validated_relay_narrative_concordance] evaluation failed: candidate signal failed: "['BRCM', 'LLTC'] not in index"
15:18:37  WARNING  research.service        [evaluate_fitness] jitter probe relay_conditioned_stale_narrative_exhaustion_jit0 failed (min_periods 3 must be <= window 2) — skipped
/Users/lucawurker/Desktop/Imperial/Master Thesis/QuantFundAgent/venv/lib/python3.13/site-packages/sklearn/utils/validation.py:2691: UserWarning: X does not have valid feature names, but LGBMRegressor was fitted with feature names
  warnings.warn(
15:18:39  INFO     evolution.loop          [simultaneous_filing_capacity_postearnings_drift] evaluation failed: candidate signal failed: "['CA', 'GENZ', 'GMCR', 'LIFE', 'MICC', 'SHLD', 'SHPG', 'SNDK', 'VSNT', 'WFM'] not in index"
/Users/lucawurker/Desktop/Imperial/Master Thesis/QuantFundAgent/venv/lib/python3.13/site-packages/sklearn/utils/validation.py:2691: UserWarning: X does not have valid feature names, but LGBMRegressor was fitted with feature names
  warnings.warn(
/Users/lucawurker/Desktop/Imperial/Master Thesis/QuantFundAgent/venv/lib/python3.13/site-packages/sklearn/utils/validation.py:2691: UserWarning: X does not have valid feature names, but LGBMRegressor was fitted with feature names
  warnings.warn(
/Users/lucawurker/Desktop/Imperial/Master Thesis/QuantFundAgent/venv/lib/python3.13/site-packages/sklearn/utils/validation.py:2691: UserWarning: X does not have valid feature names, but LGBMRegressor was fitted with feature names
  warnings.warn(
/Users/lucawurker/Desktop/Imperial/Master Thesis/QuantFundAgent/venv/lib/python3.13/site-packages/sklearn/utils/validation.py:2691: UserWarning: X does not have valid feature names, but LGBMRegressor was fitted with feature names
  warnings.warn(
/Users/lucawurker/Desktop/Imperial/Master Thesis/QuantFundAgent/venv/lib/python3.13/site-packages/sklearn/utils/validation.py:2691: UserWarning: X does not have valid feature names, but LGBMRegressor was fitted with feature names
  warnings.warn(
/Users/lucawurker/Desktop/Imperial/Master Thesis/QuantFundAgent/venv/lib/python3.13/site-packages/sklearn/utils/validation.py:2691: UserWarning: X does not have valid feature names, but LGBMRegressor was fitted with feature names
  warnings.warn(
/Users/lucawurker/Desktop/Imperial/Master Thesis/QuantFundAgent/venv/lib/python3.13/site-packages/sklearn/utils/validation.py:2691: UserWarning: X does not have valid feature names, but LGBMRegressor was fitted with feature names
  warnings.warn(
15:18:54  WARNING  research.service        [evaluate_fitness] jitter probe levered_downside_innovation_continuation_jit0 failed (min_periods 6 must be <= window 5) — skipped
/Users/lucawurker/Desktop/Imperial/Master Thesis/QuantFundAgent/venv/lib/python3.13/site-packages/sklearn/utils/validation.py:2691: UserWarning: X does not have valid feature names, but LGBMRegressor was fitted with feature names
  warnings.warn(
15:18:56  WARNING  research.service        [evaluate_fitness] jitter probe auction_schedule_lead_exhaustion_reversal_x_jit0 failed (min_periods 15 must be <= window 14) — skipped
/Users/lucawurker/Desktop/Imperial/Master Thesis/QuantFundAgent/venv/lib/python3.13/site-packages/sklearn/utils/validation.py:2691: UserWarning: X does not have valid feature names, but LGBMRegressor was fitted with feature names
  warnings.warn(
15:18:58  WARNING  research.service        [evaluate_fitness] jitter probe auction_continuous_flow_mismatch_repair_jit0 failed (min_periods 3 must be <= window 2) — skipped
/Users/lucawurker/Desktop/Imperial/Master Thesis/QuantFundAgent/venv/lib/python3.13/site-packages/sklearn/utils/validation.py:2691: UserWarning: X does not have valid feature names, but LGBMRegressor was fitted with feature names
  warnings.warn(
/Users/lucawurker/Desktop/Imperial/Master Thesis/QuantFundAgent/venv/lib/python3.13/site-packages/sklearn/utils/validation.py:2691: UserWarning: X does not have valid feature names, but LGBMRegressor was fitted with feature names
  warnings.warn(
/Users/lucawurker/Desktop/Imperial/Master Thesis/QuantFundAgent/venv/lib/python3.13/site-packages/sklearn/utils/validation.py:2691: UserWarning: X does not have valid feature names, but LGBMRegressor was fitted with feature names
  warnings.warn(
/Users/lucawurker/Desktop/Imperial/Master Thesis/QuantFundAgent/venv/lib/python3.13/site-packages/sklearn/utils/validation.py:2691: UserWarning: X does not have valid feature names, but LGBMRegressor was fitted with feature names
  warnings.warn(
/Users/lucawurker/Desktop/Imperial/Master Thesis/QuantFundAgent/venv/lib/python3.13/site-packages/sklearn/utils/validation.py:2691: UserWarning: X does not have valid feature names, but LGBMRegressor was fitted with feature names
  warnings.warn(
/Users/lucawurker/Desktop/Imperial/Master Thesis/QuantFundAgent/venv/lib/python3.13/site-packages/sklearn/utils/validation.py:2691: UserWarning: X does not have valid feature names, but LGBMRegressor was fitted with feature names
  warnings.warn(
15:19:08  INFO     evolution.loop          [industry_isolated_absorption_inventory_fade] evaluation failed: candidate signal failed: "['CA', 'LIFE', 'MICC', 'SHLD', 'SNDK', 'VSNT'] not in index"
/Users/lucawurker/Desktop/Imperial/Master Thesis/QuantFundAgent/venv/lib/python3.13/site-packages/sklearn/utils/validation.py:2691: UserWarning: X does not have valid feature names, but LGBMRegressor was fitted with feature names
  warnings.warn(
/Users/lucawurker/Desktop/Imperial/Master Thesis/QuantFundAgent/venv/lib/python3.13/site-packages/sklearn/utils/validation.py:2691: UserWarning: X does not have valid feature names, but LGBMRegressor was fitted with feature names
  warnings.warn(
/Users/lucawurker/Desktop/Imperial/Master Thesis/QuantFundAgent/venv/lib/python3.13/site-packages/sklearn/utils/validation.py:2691: UserWarning: X does not have valid feature names, but LGBMRegressor was fitted with feature names
  warnings.warn(
15:19:14  WARNING  research.service        [evaluate_fitness] jitter probe disclosed_supply_passive_demand_release_jit0 failed (min_periods 6 must be <= window 5) — skipped
/Users/lucawurker/Desktop/Imperial/Master Thesis/QuantFundAgent/venv/lib/python3.13/site-packages/sklearn/utils/validation.py:2691: UserWarning: X does not have valid feature names, but LGBMRegressor was fitted with feature names
  warnings.warn(
15:19:15  INFO     evolution.loop          generation 7: 39/48 children admitted; archive=8; n_trials=348
15:19:45  INFO     httpx                   HTTP Request: POST https://api.openai.com/v1/chat/completions "HTTP/1.1 200 OK"
15:19:56  INFO     httpx                   HTTP Request: POST https://api.openai.com/v1/chat/completions "HTTP/1.1 200 OK"
15:19:57  INFO     httpx                   HTTP Request: POST https://api.openai.com/v1/chat/completions "HTTP/1.1 200 OK"
15:20:00  INFO     httpx                   HTTP Request: POST https://api.openai.com/v1/chat/completions "HTTP/1.1 200 OK"
15:20:00  INFO     evolution.loop          child attempt failed (syntax error: unexpected character after line continuation character (<unknown>, line 1)) — retrying with feedback
15:20:03  INFO     httpx                   HTTP Request: POST https://api.openai.com/v1/chat/completions "HTTP/1.1 200 OK"
15:20:05  INFO     httpx                   HTTP Request: POST https://api.openai.com/v1/chat/completions "HTTP/1.1 200 OK"
15:20:11  INFO     httpx                   HTTP Request: POST https://api.openai.com/v1/chat/completions "HTTP/1.1 200 OK"
15:20:12  INFO     evolution.loop          child attempt failed (syntax error: unexpected character after line continuation character (<unknown>, line 1)) — retrying with feedback
15:20:22  INFO     httpx                   HTTP Request: POST https://api.openai.com/v1/chat/completions "HTTP/1.1 200 OK"
15:20:22  INFO     evolution.loop          child failed twice (syntax error: unexpected character after line continuation character (<unknown>, line 1)) — dropped
15:20:30  INFO     httpx                   HTTP Request: POST https://api.openai.com/v1/chat/completions "HTTP/1.1 200 OK"
15:20:40  INFO     httpx                   HTTP Request: POST https://api.openai.com/v1/chat/completions "HTTP/1.1 200 OK"
15:20:43  INFO     httpx                   HTTP Request: POST https://api.openai.com/v1/chat/completions "HTTP/1.1 200 OK"
15:20:47  INFO     httpx                   HTTP Request: POST https://api.openai.com/v1/chat/completions "HTTP/1.1 200 OK"
15:20:47  INFO     evolution.loop          child attempt failed (calc() raised on synthetic data: '_NoDefault' object is not subscriptable) — retrying with feedback
15:20:50  INFO     httpx                   HTTP Request: POST https://api.openai.com/v1/chat/completions "HTTP/1.1 200 OK"
15:20:51  INFO     httpx                   HTTP Request: POST https://api.openai.com/v1/chat/completions "HTTP/1.1 200 OK"
15:20:52  INFO     httpx                   HTTP Request: POST https://api.openai.com/v1/chat/completions "HTTP/1.1 200 OK"
15:21:14  INFO     httpx                   HTTP Request: POST https://api.openai.com/v1/chat/completions "HTTP/1.1 200 OK"
15:21:14  INFO     evolution.loop          child attempt failed (syntax error: unexpected character after line continuation character (<unknown>, line 1)) — retrying with feedback
15:21:17  INFO     httpx                   HTTP Request: POST https://api.openai.com/v1/chat/completions "HTTP/1.1 200 OK"
15:21:17  INFO     evolution.loop          child attempt failed (syntax error: unexpected character after line continuation character (<unknown>, line 1)) — retrying with feedback
15:21:19  INFO     httpx                   HTTP Request: POST https://api.openai.com/v1/chat/completions "HTTP/1.1 200 OK"
15:21:25  INFO     httpx                   HTTP Request: POST https://api.openai.com/v1/chat/completions "HTTP/1.1 200 OK"
15:21:25  INFO     evolution.loop          child attempt failed (syntax error: unexpected character after line continuation character (<unknown>, line 1)) — retrying with feedback
15:21:26  INFO     httpx                   HTTP Request: POST https://api.openai.com/v1/chat/completions "HTTP/1.1 200 OK"
15:21:26  INFO     evolution.loop          child attempt failed (syntax error: unexpected character after line continuation character (<unknown>, line 1)) — retrying with feedback
15:21:27  INFO     httpx                   HTTP Request: POST https://api.openai.com/v1/chat/completions "HTTP/1.1 200 OK"
15:21:29  INFO     httpx                   HTTP Request: POST https://api.openai.com/v1/chat/completions "HTTP/1.1 200 OK"
15:21:29  INFO     evolution.loop          child attempt failed (syntax error: unexpected character after line continuation character (<unknown>, line 1)) — retrying with feedback
15:21:33  INFO     httpx                   HTTP Request: POST https://api.openai.com/v1/chat/completions "HTTP/1.1 200 OK"
15:21:34  INFO     httpx                   HTTP Request: POST https://api.openai.com/v1/chat/completions "HTTP/1.1 200 OK"
15:21:49  INFO     httpx                   HTTP Request: POST https://api.openai.com/v1/chat/completions "HTTP/1.1 200 OK"
15:21:52  INFO     httpx                   HTTP Request: POST https://api.openai.com/v1/chat/completions "HTTP/1.1 200 OK"
15:21:55  INFO     httpx                   HTTP Request: POST https://api.openai.com/v1/chat/completions "HTTP/1.1 200 OK"
15:22:02  INFO     httpx                   HTTP Request: POST https://api.openai.com/v1/chat/completions "HTTP/1.1 200 OK"
15:22:05  INFO     httpx                   HTTP Request: POST https://api.openai.com/v1/chat/completions "HTTP/1.1 200 OK"
15:22:11  INFO     httpx                   HTTP Request: POST https://api.openai.com/v1/chat/completions "HTTP/1.1 200 OK"
15:22:12  INFO     httpx                   HTTP Request: POST https://api.openai.com/v1/chat/completions "HTTP/1.1 200 OK"
15:22:12  INFO     evolution.loop          child failed twice (syntax error: unexpected character after line continuation character (<unknown>, line 1)) — dropped
15:22:14  INFO     httpx                   HTTP Request: POST https://api.openai.com/v1/chat/completions "HTTP/1.1 200 OK"
15:22:26  INFO     httpx                   HTTP Request: POST https://api.openai.com/v1/chat/completions "HTTP/1.1 200 OK"
15:22:35  INFO     httpx                   HTTP Request: POST https://api.openai.com/v1/chat/completions "HTTP/1.1 200 OK"
15:22:35  INFO     evolution.loop          child attempt failed (unexpected character after line continuation character (<unknown>, line 1)) — retrying with feedback
15:22:39  INFO     httpx                   HTTP Request: POST https://api.openai.com/v1/chat/completions "HTTP/1.1 200 OK"
15:22:39  INFO     evolution.loop          child attempt failed (calc() raised on synthetic data: Series.sub does not support a DataFrame `other`. Use df.sub(ser) instead.) — retrying with feedback
15:22:39  INFO     httpx                   HTTP Request: POST https://api.openai.com/v1/chat/completions "HTTP/1.1 200 OK"
15:22:39  INFO     evolution.loop          child attempt failed (Unterminated string starting at: line 12 column 11 (char 1388)) — retrying with feedback
15:22:43  INFO     httpx                   HTTP Request: POST https://api.openai.com/v1/chat/completions "HTTP/1.1 200 OK"
15:22:53  INFO     httpx                   HTTP Request: POST https://api.openai.com/v1/chat/completions "HTTP/1.1 200 OK"
15:22:54  INFO     httpx                   HTTP Request: POST https://api.openai.com/v1/chat/completions "HTTP/1.1 200 OK"
15:22:54  INFO     evolution.loop          child attempt failed (syntax error: unexpected character after line continuation character (<unknown>, line 1)) — retrying with feedback
15:22:55  INFO     httpx                   HTTP Request: POST https://api.openai.com/v1/chat/completions "HTTP/1.1 200 OK"
15:22:58  INFO     httpx                   HTTP Request: POST https://api.openai.com/v1/chat/completions "HTTP/1.1 200 OK"
15:22:58  INFO     evolution.loop          child attempt failed (Unterminated string starting at: line 12 column 11 (char 1629)) — retrying with feedback
15:23:03  INFO     httpx                   HTTP Request: POST https://api.openai.com/v1/chat/completions "HTTP/1.1 200 OK"
15:23:14  INFO     httpx                   HTTP Request: POST https://api.openai.com/v1/chat/completions "HTTP/1.1 200 OK"
15:23:18  INFO     httpx                   HTTP Request: POST https://api.openai.com/v1/chat/completions "HTTP/1.1 200 OK"
15:23:19  INFO     httpx                   HTTP Request: POST https://api.openai.com/v1/chat/completions "HTTP/1.1 200 OK"
15:23:20  INFO     httpx                   HTTP Request: POST https://api.openai.com/v1/chat/completions "HTTP/1.1 200 OK"
15:23:20  INFO     evolution.loop          child attempt failed (syntax error: unexpected character after line continuation character (<unknown>, line 1)) — retrying with feedback
15:23:24  INFO     httpx                   HTTP Request: POST https://api.openai.com/v1/chat/completions "HTTP/1.1 200 OK"
15:23:24  INFO     evolution.loop          child failed twice (syntax error: unexpected character after line continuation character (<unknown>, line 1)) — dropped
15:23:30  INFO     httpx                   HTTP Request: POST https://api.openai.com/v1/chat/completions "HTTP/1.1 200 OK"
15:23:34  INFO     httpx                   HTTP Request: POST https://api.openai.com/v1/chat/completions "HTTP/1.1 200 OK"
15:23:34  INFO     evolution.loop          child failed twice (calc() raised on synthetic data: Series.sub does not support a DataFrame `other`. Use df.sub(ser) instead.) — dropped
15:23:43  INFO     httpx                   HTTP Request: POST https://api.openai.com/v1/chat/completions "HTTP/1.1 200 OK"
15:23:43  INFO     evolution.loop          child failed twice (syntax error: unexpected character after line continuation character (<unknown>, line 1)) — dropped
15:23:47  INFO     httpx                   HTTP Request: POST https://api.openai.com/v1/chat/completions "HTTP/1.1 200 OK"
15:23:51  INFO     httpx                   HTTP Request: POST https://api.openai.com/v1/chat/completions "HTTP/1.1 200 OK"
15:23:53  INFO     httpx                   HTTP Request: POST https://api.openai.com/v1/chat/completions "HTTP/1.1 200 OK"
15:23:53  INFO     httpx                   HTTP Request: POST https://api.openai.com/v1/chat/completions "HTTP/1.1 200 OK"
15:23:53  INFO     evolution.loop          child attempt failed (syntax error: unexpected character after line continuation character (<unknown>, line 1)) — retrying with feedback
15:23:54  INFO     httpx                   HTTP Request: POST https://api.openai.com/v1/chat/completions "HTTP/1.1 200 OK"
15:23:54  INFO     evolution.loop          child attempt failed (syntax error: unexpected character after line continuation character (<unknown>, line 1)) — retrying with feedback
15:24:07  INFO     httpx                   HTTP Request: POST https://api.openai.com/v1/chat/completions "HTTP/1.1 200 OK"
15:24:07  INFO     evolution.loop          child attempt failed (Unterminated string starting at: line 12 column 11 (char 1538)) — retrying with feedback
15:24:19  INFO     httpx                   HTTP Request: POST https://api.openai.com/v1/chat/completions "HTTP/1.1 200 OK"
15:24:20  INFO     httpx                   HTTP Request: POST https://api.openai.com/v1/chat/completions "HTTP/1.1 200 OK"
15:24:22  INFO     httpx                   HTTP Request: POST https://api.openai.com/v1/chat/completions "HTTP/1.1 200 OK"
15:24:22  INFO     evolution.loop          child attempt failed (syntax error: unexpected character after line continuation character (<unknown>, line 1)) — retrying with feedback
15:24:24  INFO     httpx                   HTTP Request: POST https://api.openai.com/v1/chat/completions "HTTP/1.1 200 OK"
15:24:25  INFO     httpx                   HTTP Request: POST https://api.openai.com/v1/chat/completions "HTTP/1.1 200 OK"
15:24:25  INFO     evolution.loop          child attempt failed (syntax error: unexpected character after line continuation character (<unknown>, line 1)) — retrying with feedback
15:24:26  INFO     httpx                   HTTP Request: POST https://api.openai.com/v1/chat/completions "HTTP/1.1 200 OK"
15:24:32  INFO     httpx                   HTTP Request: POST https://api.openai.com/v1/chat/completions "HTTP/1.1 200 OK"
15:24:40  INFO     httpx                   HTTP Request: POST https://api.openai.com/v1/chat/completions "HTTP/1.1 200 OK"
15:24:56  INFO     httpx                   HTTP Request: POST https://api.openai.com/v1/chat/completions "HTTP/1.1 200 OK"
15:25:00  INFO     httpx                   HTTP Request: POST https://api.openai.com/v1/chat/completions "HTTP/1.1 200 OK"
/Users/lucawurker/Desktop/Imperial/Master Thesis/QuantFundAgent/venv/lib/python3.13/site-packages/sklearn/utils/validation.py:2691: UserWarning: X does not have valid feature names, but LGBMRegressor was fitted with feature names
  warnings.warn(
/Users/lucawurker/Desktop/Imperial/Master Thesis/QuantFundAgent/venv/lib/python3.13/site-packages/sklearn/utils/validation.py:2691: UserWarning: X does not have valid feature names, but LGBMRegressor was fitted with feature names
  warnings.warn(
/Users/lucawurker/Desktop/Imperial/Master Thesis/QuantFundAgent/venv/lib/python3.13/site-packages/sklearn/utils/validation.py:2691: UserWarning: X does not have valid feature names, but LGBMRegressor was fitted with feature names
  warnings.warn(
15:25:06  INFO     evolution.loop          [consensus_curvature_absorption_gap] evaluation failed: candidate signal failed: Can only compare identically-labeled (both index and columns) DataFrame objects
/Users/lucawurker/Desktop/Imperial/Master Thesis/QuantFundAgent/venv/lib/python3.13/site-packages/sklearn/utils/validation.py:2691: UserWarning: X does not have valid feature names, but LGBMRegressor was fitted with feature names
  warnings.warn(
/Users/lucawurker/Desktop/Imperial/Master Thesis/QuantFundAgent/venv/lib/python3.13/site-packages/sklearn/utils/validation.py:2691: UserWarning: X does not have valid feature names, but LGBMRegressor was fitted with feature names
  warnings.warn(
/Users/lucawurker/Desktop/Imperial/Master Thesis/QuantFundAgent/venv/lib/python3.13/site-packages/sklearn/utils/validation.py:2691: UserWarning: X does not have valid feature names, but LGBMRegressor was fitted with feature names
  warnings.warn(
/Users/lucawurker/Desktop/Imperial/Master Thesis/QuantFundAgent/venv/lib/python3.13/site-packages/sklearn/utils/validation.py:2691: UserWarning: X does not have valid feature names, but LGBMRegressor was fitted with feature names
  warnings.warn(
15:25:14  WARNING  research.service        [evaluate_fitness] jitter probe peer_shock_turnover_drought_receiver_jit0 failed (min_periods 3 must be <= window 2) — skipped
/Users/lucawurker/Desktop/Imperial/Master Thesis/QuantFundAgent/venv/lib/python3.13/site-packages/sklearn/utils/validation.py:2691: UserWarning: X does not have valid feature names, but LGBMRegressor was fitted with feature names
  warnings.warn(
15:25:25  WARNING  research.service        [evaluate_fitness] jitter probe inventory_buffer_tail_shock_loading_jit0 failed (min_periods 3 must be <= window 2) — skipped
/Users/lucawurker/Desktop/Imperial/Master Thesis/QuantFundAgent/venv/lib/python3.13/site-packages/sklearn/utils/validation.py:2691: UserWarning: X does not have valid feature names, but LGBMRegressor was fitted with feature names
  warnings.warn(
/Users/lucawurker/Desktop/Imperial/Master Thesis/QuantFundAgent/venv/lib/python3.13/site-packages/sklearn/utils/validation.py:2691: UserWarning: X does not have valid feature names, but LGBMRegressor was fitted with feature names
  warnings.warn(
/Users/lucawurker/Desktop/Imperial/Master Thesis/QuantFundAgent/venv/lib/python3.13/site-packages/sklearn/utils/validation.py:2691: UserWarning: X does not have valid feature names, but LGBMRegressor was fitted with feature names
  warnings.warn(
/Users/lucawurker/Desktop/Imperial/Master Thesis/QuantFundAgent/venv/lib/python3.13/site-packages/sklearn/utils/validation.py:2691: UserWarning: X does not have valid feature names, but LGBMRegressor was fitted with feature names
  warnings.warn(
/Users/lucawurker/Desktop/Imperial/Master Thesis/QuantFundAgent/venv/lib/python3.13/site-packages/sklearn/utils/validation.py:2691: UserWarning: X does not have valid feature names, but LGBMRegressor was fitted with feature names
  warnings.warn(
/Users/lucawurker/Desktop/Imperial/Master Thesis/QuantFundAgent/venv/lib/python3.13/site-packages/sklearn/utils/validation.py:2691: UserWarning: X does not have valid feature names, but LGBMRegressor was fitted with feature names
  warnings.warn(
/Users/lucawurker/Desktop/Imperial/Master Thesis/QuantFundAgent/venv/lib/python3.13/site-packages/sklearn/utils/validation.py:2691: UserWarning: X does not have valid feature names, but LGBMRegressor was fitted with feature names
  warnings.warn(
/Users/lucawurker/Desktop/Imperial/Master Thesis/QuantFundAgent/venv/lib/python3.13/site-packages/sklearn/utils/validation.py:2691: UserWarning: X does not have valid feature names, but LGBMRegressor was fitted with feature names
  warnings.warn(
/Users/lucawurker/Desktop/Imperial/Master Thesis/QuantFundAgent/venv/lib/python3.13/site-packages/sklearn/utils/validation.py:2691: UserWarning: X does not have valid feature names, but LGBMRegressor was fitted with feature names
  warnings.warn(
/Users/lucawurker/Desktop/Imperial/Master Thesis/QuantFundAgent/venv/lib/python3.13/site-packages/sklearn/utils/validation.py:2691: UserWarning: X does not have valid feature names, but LGBMRegressor was fitted with feature names
  warnings.warn(
15:26:04  INFO     evolution.loop          [dual_surprise_compressed_discovery_drift] evaluation failed: candidate signal failed: Can only compare identically-labeled (both index and columns) DataFrame objects
15:26:05  WARNING  research.service        [evaluate_fitness] jitter probe sector_covariance_update_capacity_drag_jit0 failed (min_periods 3 must be <= window 2) — skipped
/Users/lucawurker/Desktop/Imperial/Master Thesis/QuantFundAgent/venv/lib/python3.13/site-packages/sklearn/utils/validation.py:2691: UserWarning: X does not have valid feature names, but LGBMRegressor was fitted with feature names
  warnings.warn(
/Users/lucawurker/Desktop/Imperial/Master Thesis/QuantFundAgent/venv/lib/python3.13/site-packages/sklearn/utils/validation.py:2691: UserWarning: X does not have valid feature names, but LGBMRegressor was fitted with feature names
  warnings.warn(
/Users/lucawurker/Desktop/Imperial/Master Thesis/QuantFundAgent/venv/lib/python3.13/site-packages/sklearn/utils/validation.py:2691: UserWarning: X does not have valid feature names, but LGBMRegressor was fitted with feature names
  warnings.warn(
15:26:11  INFO     evolution.loop          [sector_rank_concordance_momentum] evaluation failed: candidate signal failed: "['CA', 'LIFE', 'MICC', 'SHLD', 'SNDK', 'VSNT'] not in index"
/Users/lucawurker/Desktop/Imperial/Master Thesis/QuantFundAgent/venv/lib/python3.13/site-packages/sklearn/utils/validation.py:2691: UserWarning: X does not have valid feature names, but LGBMRegressor was fitted with feature names
  warnings.warn(
/Users/lucawurker/Desktop/Imperial/Master Thesis/QuantFundAgent/venv/lib/python3.13/site-packages/sklearn/utils/validation.py:2691: UserWarning: X does not have valid feature names, but LGBMRegressor was fitted with feature names
  warnings.warn(
/Users/lucawurker/Desktop/Imperial/Master Thesis/QuantFundAgent/venv/lib/python3.13/site-packages/sklearn/utils/validation.py:2691: UserWarning: X does not have valid feature names, but LGBMRegressor was fitted with feature names
  warnings.warn(
/Users/lucawurker/Desktop/Imperial/Master Thesis/QuantFundAgent/venv/lib/python3.13/site-packages/sklearn/utils/validation.py:2691: UserWarning: X does not have valid feature names, but LGBMRegressor was fitted with feature names
  warnings.warn(
/Users/lucawurker/Desktop/Imperial/Master Thesis/QuantFundAgent/venv/lib/python3.13/site-packages/sklearn/utils/validation.py:2691: UserWarning: X does not have valid feature names, but LGBMRegressor was fitted with feature names
  warnings.warn(
/Users/lucawurker/Desktop/Imperial/Master Thesis/QuantFundAgent/venv/lib/python3.13/site-packages/sklearn/utils/validation.py:2691: UserWarning: X does not have valid feature names, but LGBMRegressor was fitted with feature names
  warnings.warn(
15:26:27  WARNING  research.service        [evaluate_fitness] jitter probe systemic_gated_idiosyncratic_tail_overshoot_jit0 failed (min_periods 6 must be <= window 5) — skipped
/Users/lucawurker/Desktop/Imperial/Master Thesis/QuantFundAgent/venv/lib/python3.13/site-packages/sklearn/utils/validation.py:2691: UserWarning: X does not have valid feature names, but LGBMRegressor was fitted with feature names
  warnings.warn(
/Users/lucawurker/Desktop/Imperial/Master Thesis/QuantFundAgent/venv/lib/python3.13/site-packages/sklearn/utils/validation.py:2691: UserWarning: X does not have valid feature names, but LGBMRegressor was fitted with feature names
  warnings.warn(
/Users/lucawurker/Desktop/Imperial/Master Thesis/QuantFundAgent/venv/lib/python3.13/site-packages/sklearn/utils/validation.py:2691: UserWarning: X does not have valid feature names, but LGBMRegressor was fitted with feature names
  warnings.warn(
/Users/lucawurker/Desktop/Imperial/Master Thesis/QuantFundAgent/venv/lib/python3.13/site-packages/sklearn/utils/validation.py:2691: UserWarning: X does not have valid feature names, but LGBMRegressor was fitted with feature names
  warnings.warn(
15:26:34  WARNING  research.service        [evaluate_fitness] jitter probe issuance_marked_buyflow_impact_debt_unwind_jit0 failed (min_periods 5 must be <= window 4) — skipped
/Users/lucawurker/Desktop/Imperial/Master Thesis/QuantFundAgent/venv/lib/python3.13/site-packages/sklearn/utils/validation.py:2691: UserWarning: X does not have valid feature names, but LGBMRegressor was fitted with feature names
  warnings.warn(
/Users/lucawurker/Desktop/Imperial/Master Thesis/QuantFundAgent/venv/lib/python3.13/site-packages/sklearn/utils/validation.py:2691: UserWarning: X does not have valid feature names, but LGBMRegressor was fitted with feature names
  warnings.warn(
/Users/lucawurker/Desktop/Imperial/Master Thesis/QuantFundAgent/venv/lib/python3.13/site-packages/sklearn/utils/validation.py:2691: UserWarning: X does not have valid feature names, but LGBMRegressor was fitted with feature names
  warnings.warn(
/Users/lucawurker/Desktop/Imperial/Master Thesis/QuantFundAgent/venv/lib/python3.13/site-packages/sklearn/utils/validation.py:2691: UserWarning: X does not have valid feature names, but LGBMRegressor was fitted with feature names
  warnings.warn(
/Users/lucawurker/Desktop/Imperial/Master Thesis/QuantFundAgent/venv/lib/python3.13/site-packages/sklearn/utils/validation.py:2691: UserWarning: X does not have valid feature names, but LGBMRegressor was fitted with feature names
  warnings.warn(
/Users/lucawurker/Desktop/Imperial/Master Thesis/QuantFundAgent/venv/lib/python3.13/site-packages/sklearn/utils/validation.py:2691: UserWarning: X does not have valid feature names, but LGBMRegressor was fitted with feature names
  warnings.warn(
/Users/lucawurker/Desktop/Imperial/Master Thesis/QuantFundAgent/venv/lib/python3.13/site-packages/sklearn/utils/validation.py:2691: UserWarning: X does not have valid feature names, but LGBMRegressor was fitted with feature names
  warnings.warn(
/Users/lucawurker/Desktop/Imperial/Master Thesis/QuantFundAgent/venv/lib/python3.13/site-packages/sklearn/utils/validation.py:2691: UserWarning: X does not have valid feature names, but LGBMRegressor was fitted with feature names
  warnings.warn(
15:26:53  WARNING  research.service        [evaluate_fitness] jitter probe spectral_sell_clock_release_jit0 failed (min_periods 4 must be <= window 3) — skipped
/Users/lucawurker/Desktop/Imperial/Master Thesis/QuantFundAgent/venv/lib/python3.13/site-packages/sklearn/utils/validation.py:2691: UserWarning: X does not have valid feature names, but LGBMRegressor was fitted with feature names
  warnings.warn(
15:26:57  INFO     evolution.loop          generation 8: 40/48 children admitted; archive=8; n_trials=388
15:27:17  INFO     httpx                   HTTP Request: POST https://api.openai.com/v1/chat/completions "HTTP/1.1 200 OK"
15:27:28  INFO     httpx                   HTTP Request: POST https://api.openai.com/v1/chat/completions "HTTP/1.1 200 OK"
15:27:28  INFO     evolution.loop          child attempt failed (syntax error: unexpected character after line continuation character (<unknown>, line 1)) — retrying with feedback
15:27:30  INFO     httpx                   HTTP Request: POST https://api.openai.com/v1/chat/completions "HTTP/1.1 200 OK"
15:27:30  INFO     httpx                   HTTP Request: POST https://api.openai.com/v1/chat/completions "HTTP/1.1 200 OK"
15:27:32  INFO     httpx                   HTTP Request: POST https://api.openai.com/v1/chat/completions "HTTP/1.1 200 OK"
15:27:37  INFO     httpx                   HTTP Request: POST https://api.openai.com/v1/chat/completions "HTTP/1.1 200 OK"
15:27:41  INFO     httpx                   HTTP Request: POST https://api.openai.com/v1/chat/completions "HTTP/1.1 200 OK"
15:27:48  INFO     httpx                   HTTP Request: POST https://api.openai.com/v1/chat/completions "HTTP/1.1 200 OK"
15:27:48  INFO     evolution.loop          child attempt failed (syntax error: unexpected character after line continuation character (<unknown>, line 1)) — retrying with feedback
15:27:54  INFO     httpx                   HTTP Request: POST https://api.openai.com/v1/chat/completions "HTTP/1.1 200 OK"
15:27:55  INFO     httpx                   HTTP Request: POST https://api.openai.com/v1/chat/completions "HTTP/1.1 200 OK"
15:27:55  INFO     evolution.loop          child attempt failed (Unterminated string starting at: line 12 column 11 (char 1435)) — retrying with feedback
15:28:04  INFO     httpx                   HTTP Request: POST https://api.openai.com/v1/chat/completions "HTTP/1.1 200 OK"
15:28:04  INFO     evolution.loop          child attempt failed (syntax error: unexpected character after line continuation character (<unknown>, line 1)) — retrying with feedback
15:28:07  INFO     httpx                   HTTP Request: POST https://api.openai.com/v1/chat/completions "HTTP/1.1 200 OK"
15:28:12  INFO     httpx                   HTTP Request: POST https://api.openai.com/v1/chat/completions "HTTP/1.1 200 OK"
15:28:17  INFO     httpx                   HTTP Request: POST https://api.openai.com/v1/chat/completions "HTTP/1.1 200 OK"
15:28:27  INFO     httpx                   HTTP Request: POST https://api.openai.com/v1/chat/completions "HTTP/1.1 200 OK"
15:28:28  INFO     httpx                   HTTP Request: POST https://api.openai.com/v1/chat/completions "HTTP/1.1 200 OK"
15:28:30  INFO     httpx                   HTTP Request: POST https://api.openai.com/v1/chat/completions "HTTP/1.1 200 OK"
15:28:30  INFO     evolution.loop          child attempt failed (syntax error: unexpected character after line continuation character (<unknown>, line 1)) — retrying with feedback
15:28:31  INFO     httpx                   HTTP Request: POST https://api.openai.com/v1/chat/completions "HTTP/1.1 200 OK"
15:28:31  INFO     evolution.loop          child failed twice (syntax error: unexpected character after line continuation character (<unknown>, line 1)) — dropped
15:28:32  INFO     httpx                   HTTP Request: POST https://api.openai.com/v1/chat/completions "HTTP/1.1 200 OK"
15:28:32  INFO     evolution.loop          child attempt failed (syntax error: unexpected character after line continuation character (<unknown>, line 1)) — retrying with feedback
15:28:38  INFO     httpx                   HTTP Request: POST https://api.openai.com/v1/chat/completions "HTTP/1.1 200 OK"
15:28:51  INFO     httpx                   HTTP Request: POST https://api.openai.com/v1/chat/completions "HTTP/1.1 200 OK"
15:28:53  INFO     httpx                   HTTP Request: POST https://api.openai.com/v1/chat/completions "HTTP/1.1 200 OK"
15:28:56  INFO     httpx                   HTTP Request: POST https://api.openai.com/v1/chat/completions "HTTP/1.1 200 OK"
15:29:01  INFO     httpx                   HTTP Request: POST https://api.openai.com/v1/chat/completions "HTTP/1.1 200 OK"
15:29:02  INFO     httpx                   HTTP Request: POST https://api.openai.com/v1/chat/completions "HTTP/1.1 200 OK"
15:29:04  INFO     httpx                   HTTP Request: POST https://api.openai.com/v1/chat/completions "HTTP/1.1 200 OK"
15:29:06  INFO     httpx                   HTTP Request: POST https://api.openai.com/v1/chat/completions "HTTP/1.1 200 OK"
15:29:06  INFO     evolution.loop          child failed twice (calc() raised on synthetic data: Shape of passed values is (200, 1), indices imply (200, 6)) — dropped
15:29:19  INFO     httpx                   HTTP Request: POST https://api.openai.com/v1/chat/completions "HTTP/1.1 200 OK"
15:29:28  INFO     httpx                   HTTP Request: POST https://api.openai.com/v1/chat/completions "HTTP/1.1 200 OK"
15:29:29  INFO     httpx                   HTTP Request: POST https://api.openai.com/v1/chat/completions "HTTP/1.1 200 OK"
15:29:29  INFO     evolution.loop          child attempt failed (syntax error: unexpected character after line continuation character (<unknown>, line 1)) — retrying with feedback
15:29:32  INFO     httpx                   HTTP Request: POST https://api.openai.com/v1/chat/completions "HTTP/1.1 200 OK"
15:29:35  INFO     httpx                   HTTP Request: POST https://api.openai.com/v1/chat/completions "HTTP/1.1 200 OK"
15:29:35  INFO     evolution.loop          child attempt failed (syntax error: unexpected character after line continuation character (<unknown>, line 1)) — retrying with feedback
15:29:45  INFO     httpx                   HTTP Request: POST https://api.openai.com/v1/chat/completions "HTTP/1.1 200 OK"
15:29:45  INFO     evolution.loop          child attempt failed (Unterminated string starting at: line 12 column 11 (char 1351)) — retrying with feedback
15:29:52  INFO     httpx                   HTTP Request: POST https://api.openai.com/v1/chat/completions "HTTP/1.1 200 OK"
15:29:52  INFO     evolution.loop          child attempt failed (syntax error: unexpected character after line continuation character (<unknown>, line 1)) — retrying with feedback
15:29:53  INFO     httpx                   HTTP Request: POST https://api.openai.com/v1/chat/completions "HTTP/1.1 200 OK"
15:29:54  INFO     httpx                   HTTP Request: POST https://api.openai.com/v1/chat/completions "HTTP/1.1 200 OK"
15:29:56  INFO     httpx                   HTTP Request: POST https://api.openai.com/v1/chat/completions "HTTP/1.1 200 OK"
15:29:56  INFO     evolution.loop          child attempt failed (Unterminated string starting at: line 12 column 11 (char 1433)) — retrying with feedback
15:29:56  INFO     httpx                   HTTP Request: POST https://api.openai.com/v1/chat/completions "HTTP/1.1 200 OK"
15:30:03  INFO     httpx                   HTTP Request: POST https://api.openai.com/v1/chat/completions "HTTP/1.1 200 OK"
15:30:07  INFO     httpx                   HTTP Request: POST https://api.openai.com/v1/chat/completions "HTTP/1.1 200 OK"
15:30:16  INFO     httpx                   HTTP Request: POST https://api.openai.com/v1/chat/completions "HTTP/1.1 200 OK"
15:30:19  INFO     httpx                   HTTP Request: POST https://api.openai.com/v1/chat/completions "HTTP/1.1 200 OK"
15:30:22  INFO     httpx                   HTTP Request: POST https://api.openai.com/v1/chat/completions "HTTP/1.1 200 OK"
15:30:22  INFO     evolution.loop          child failed twice (syntax error: unexpected character after line continuation character (<unknown>, line 1)) — dropped
15:30:24  INFO     httpx                   HTTP Request: POST https://api.openai.com/v1/chat/completions "HTTP/1.1 200 OK"
15:30:24  INFO     httpx                   HTTP Request: POST https://api.openai.com/v1/chat/completions "HTTP/1.1 200 OK"
15:30:24  INFO     evolution.loop          child attempt failed (Unterminated string starting at: line 12 column 11 (char 1171)) — retrying with feedback
15:30:31  INFO     httpx                   HTTP Request: POST https://api.openai.com/v1/chat/completions "HTTP/1.1 200 OK"
15:30:38  INFO     httpx                   HTTP Request: POST https://api.openai.com/v1/chat/completions "HTTP/1.1 200 OK"
15:30:38  INFO     evolution.loop          child attempt failed (syntax error: unexpected character after line continuation character (<unknown>, line 1)) — retrying with feedback
15:30:43  INFO     httpx                   HTTP Request: POST https://api.openai.com/v1/chat/completions "HTTP/1.1 200 OK"
15:30:44  INFO     httpx                   HTTP Request: POST https://api.openai.com/v1/chat/completions "HTTP/1.1 200 OK"
15:30:46  INFO     httpx                   HTTP Request: POST https://api.openai.com/v1/chat/completions "HTTP/1.1 200 OK"
15:31:01  INFO     httpx                   HTTP Request: POST https://api.openai.com/v1/chat/completions "HTTP/1.1 200 OK"
15:31:02  INFO     httpx                   HTTP Request: POST https://api.openai.com/v1/chat/completions "HTTP/1.1 200 OK"
15:31:02  INFO     evolution.loop          child attempt failed (syntax error: unexpected character after line continuation character (<unknown>, line 1)) — retrying with feedback
15:31:04  INFO     httpx                   HTTP Request: POST https://api.openai.com/v1/chat/completions "HTTP/1.1 200 OK"
15:31:04  INFO     evolution.loop          child attempt failed (syntax error: unexpected character after line continuation character (<unknown>, line 1)) — retrying with feedback
15:31:04  INFO     httpx                   HTTP Request: POST https://api.openai.com/v1/chat/completions "HTTP/1.1 200 OK"
15:31:04  INFO     evolution.loop          child failed twice (syntax error: unexpected character after line continuation character (<unknown>, line 1)) — dropped
15:31:12  INFO     httpx                   HTTP Request: POST https://api.openai.com/v1/chat/completions "HTTP/1.1 200 OK"
15:31:22  INFO     httpx                   HTTP Request: POST https://api.openai.com/v1/chat/completions "HTTP/1.1 200 OK"
15:31:25  INFO     httpx                   HTTP Request: POST https://api.openai.com/v1/chat/completions "HTTP/1.1 200 OK"
15:31:36  INFO     httpx                   HTTP Request: POST https://api.openai.com/v1/chat/completions "HTTP/1.1 200 OK"
/Users/lucawurker/Desktop/Imperial/Master Thesis/QuantFundAgent/venv/lib/python3.13/site-packages/sklearn/utils/validation.py:2691: UserWarning: X does not have valid feature names, but LGBMRegressor was fitted with feature names
  warnings.warn(
/Users/lucawurker/Desktop/Imperial/Master Thesis/QuantFundAgent/venv/lib/python3.13/site-packages/sklearn/utils/validation.py:2691: UserWarning: X does not have valid feature names, but LGBMRegressor was fitted with feature names
  warnings.warn(
15:31:40  INFO     evolution.loop          [dual_consensus_coherence_price_lag_j] evaluation failed: candidate signal failed: min_periods 3 must be <= window 2
15:31:41  WARNING  research.service        [evaluate_fitness] jitter probe funding_confirmed_dual_revision_diffusion_jit0 failed (min_periods 3 must be <= window 2) — skipped
/Users/lucawurker/Desktop/Imperial/Master Thesis/QuantFundAgent/venv/lib/python3.13/site-packages/sklearn/utils/validation.py:2691: UserWarning: X does not have valid feature names, but LGBMRegressor was fitted with feature names
  warnings.warn(
/Users/lucawurker/Desktop/Imperial/Master Thesis/QuantFundAgent/venv/lib/python3.13/site-packages/sklearn/utils/validation.py:2691: UserWarning: X does not have valid feature names, but LGBMRegressor was fitted with feature names
  warnings.warn(
15:31:44  WARNING  research.service        [evaluate_fitness] jitter probe productive_investment_revision_confirmation_lag_jit0 failed (min_periods 3 must be <= window 2) — skipped
/Users/lucawurker/Desktop/Imperial/Master Thesis/QuantFundAgent/venv/lib/python3.13/site-packages/sklearn/utils/validation.py:2691: UserWarning: X does not have valid feature names, but LGBMRegressor was fitted with feature names
  warnings.warn(
15:31:46  INFO     evolution.loop          [commonality_acceleration_residual_receiver_lag_j] evaluation failed: candidate signal failed: min_periods 60 must be <= window 57
/Users/lucawurker/Desktop/Imperial/Master Thesis/QuantFundAgent/venv/lib/python3.13/site-packages/sklearn/utils/validation.py:2691: UserWarning: X does not have valid feature names, but LGBMRegressor was fitted with feature names
  warnings.warn(
/Users/lucawurker/Desktop/Imperial/Master Thesis/QuantFundAgent/venv/lib/python3.13/site-packages/sklearn/utils/validation.py:2691: UserWarning: X does not have valid feature names, but LGBMRegressor was fitted with feature names
  warnings.warn(
15:31:59  WARNING  research.service        [evaluate_fitness] jitter probe peer_disclosure_execution_counterflow_lag_jit0 failed (min_periods 20 must be <= window 18) — skipped
/Users/lucawurker/Desktop/Imperial/Master Thesis/QuantFundAgent/venv/lib/python3.13/site-packages/sklearn/utils/validation.py:2691: UserWarning: X does not have valid feature names, but LGBMRegressor was fitted with feature names
  warnings.warn(
/Users/lucawurker/Desktop/Imperial/Master Thesis/QuantFundAgent/venv/lib/python3.13/site-packages/pandas/core/internals/blocks.py:347: RuntimeWarning: divide by zero encountered in log
  result = func(self.values, **kwargs)
15:32:07  WARNING  research.service        [evaluate_fitness] jitter probe common_shock_phase_clock_deficit_completion_jit0 failed (min_periods 3 must be <= window 2) — skipped
/Users/lucawurker/Desktop/Imperial/Master Thesis/QuantFundAgent/venv/lib/python3.13/site-packages/pandas/core/internals/blocks.py:347: RuntimeWarning: divide by zero encountered in log
  result = func(self.values, **kwargs)
/Users/lucawurker/Desktop/Imperial/Master Thesis/QuantFundAgent/venv/lib/python3.13/site-packages/sklearn/utils/validation.py:2691: UserWarning: X does not have valid feature names, but LGBMRegressor was fitted with feature names
  warnings.warn(
15:32:10  WARNING  research.service        [evaluate_fitness] jitter probe disclosure_consensus_receiver_elasticity_jit0 failed (min_periods 3 must be <= window 2) — skipped
/Users/lucawurker/Desktop/Imperial/Master Thesis/QuantFundAgent/venv/lib/python3.13/site-packages/sklearn/utils/validation.py:2691: UserWarning: X does not have valid feature names, but LGBMRegressor was fitted with feature names
  warnings.warn(
/Users/lucawurker/Desktop/Imperial/Master Thesis/QuantFundAgent/venv/lib/python3.13/site-packages/sklearn/utils/validation.py:2691: UserWarning: X does not have valid feature names, but LGBMRegressor was fitted with feature names
  warnings.warn(
/Users/lucawurker/Desktop/Imperial/Master Thesis/QuantFundAgent/venv/lib/python3.13/site-packages/pandas/core/internals/blocks.py:347: RuntimeWarning: divide by zero encountered in log
  result = func(self.values, **kwargs)
/Users/lucawurker/Desktop/Imperial/Master Thesis/QuantFundAgent/venv/lib/python3.13/site-packages/pandas/core/internals/blocks.py:347: RuntimeWarning: divide by zero encountered in log
  result = func(self.values, **kwargs)
/Users/lucawurker/Desktop/Imperial/Master Thesis/QuantFundAgent/venv/lib/python3.13/site-packages/pandas/core/internals/blocks.py:347: RuntimeWarning: divide by zero encountered in log
  result = func(self.values, **kwargs)
/Users/lucawurker/Desktop/Imperial/Master Thesis/QuantFundAgent/venv/lib/python3.13/site-packages/pandas/core/internals/blocks.py:347: RuntimeWarning: divide by zero encountered in log
  result = func(self.values, **kwargs)
/Users/lucawurker/Desktop/Imperial/Master Thesis/QuantFundAgent/venv/lib/python3.13/site-packages/pandas/core/internals/blocks.py:347: RuntimeWarning: divide by zero encountered in log
  result = func(self.values, **kwargs)
/Users/lucawurker/Desktop/Imperial/Master Thesis/QuantFundAgent/venv/lib/python3.13/site-packages/pandas/core/internals/blocks.py:347: RuntimeWarning: divide by zero encountered in log
  result = func(self.values, **kwargs)
/Users/lucawurker/Desktop/Imperial/Master Thesis/QuantFundAgent/venv/lib/python3.13/site-packages/sklearn/utils/validation.py:2691: UserWarning: X does not have valid feature names, but LGBMRegressor was fitted with feature names
  warnings.warn(
/Users/lucawurker/Desktop/Imperial/Master Thesis/QuantFundAgent/venv/lib/python3.13/site-packages/sklearn/utils/validation.py:2691: UserWarning: X does not have valid feature names, but LGBMRegressor was fitted with feature names
  warnings.warn(
/Users/lucawurker/Desktop/Imperial/Master Thesis/QuantFundAgent/venv/lib/python3.13/site-packages/sklearn/utils/validation.py:2691: UserWarning: X does not have valid feature names, but LGBMRegressor was fitted with feature names
  warnings.warn(
/Users/lucawurker/Desktop/Imperial/Master Thesis/QuantFundAgent/venv/lib/python3.13/site-packages/sklearn/utils/validation.py:2691: UserWarning: X does not have valid feature names, but LGBMRegressor was fitted with feature names
  warnings.warn(
/Users/lucawurker/Desktop/Imperial/Master Thesis/QuantFundAgent/venv/lib/python3.13/site-packages/sklearn/utils/validation.py:2691: UserWarning: X does not have valid feature names, but LGBMRegressor was fitted with feature names
  warnings.warn(
/Users/lucawurker/Desktop/Imperial/Master Thesis/QuantFundAgent/venv/lib/python3.13/site-packages/sklearn/utils/validation.py:2691: UserWarning: X does not have valid feature names, but LGBMRegressor was fitted with feature names
  warnings.warn(
/Users/lucawurker/Desktop/Imperial/Master Thesis/QuantFundAgent/venv/lib/python3.13/site-packages/sklearn/utils/validation.py:2691: UserWarning: X does not have valid feature names, but LGBMRegressor was fitted with feature names
  warnings.warn(
/Users/lucawurker/Desktop/Imperial/Master Thesis/QuantFundAgent/venv/lib/python3.13/site-packages/sklearn/utils/validation.py:2691: UserWarning: X does not have valid feature names, but LGBMRegressor was fitted with feature names
  warnings.warn(
/Users/lucawurker/Desktop/Imperial/Master Thesis/QuantFundAgent/venv/lib/python3.13/site-packages/sklearn/utils/validation.py:2691: UserWarning: X does not have valid feature names, but LGBMRegressor was fitted with feature names
  warnings.warn(
15:32:33  INFO     evolution.loop          [dual_consensus_assimilation_half_life] evaluation failed: candidate signal failed: operands could not be broadcast together with shapes (164,) (180,) 
/Users/lucawurker/Desktop/Imperial/Master Thesis/QuantFundAgent/venv/lib/python3.13/site-packages/sklearn/utils/validation.py:2691: UserWarning: X does not have valid feature names, but LGBMRegressor was fitted with feature names
  warnings.warn(
15:32:35  WARNING  research.service        [evaluate_fitness] jitter probe volume_attention_sector_leader_lag_gap_jit0 failed (min_periods 3 must be <= window 2) — skipped
/Users/lucawurker/Desktop/Imperial/Master Thesis/QuantFundAgent/venv/lib/python3.13/site-packages/sklearn/utils/validation.py:2691: UserWarning: X does not have valid feature names, but LGBMRegressor was fitted with feature names
  warnings.warn(
/Users/lucawurker/Desktop/Imperial/Master Thesis/QuantFundAgent/venv/lib/python3.13/site-packages/sklearn/utils/validation.py:2691: UserWarning: X does not have valid feature names, but LGBMRegressor was fitted with feature names
  warnings.warn(
/Users/lucawurker/Desktop/Imperial/Master Thesis/QuantFundAgent/venv/lib/python3.13/site-packages/sklearn/utils/validation.py:2691: UserWarning: X does not have valid feature names, but LGBMRegressor was fitted with feature names
  warnings.warn(
/Users/lucawurker/Desktop/Imperial/Master Thesis/QuantFundAgent/venv/lib/python3.13/site-packages/sklearn/utils/validation.py:2691: UserWarning: X does not have valid feature names, but LGBMRegressor was fitted with feature names
  warnings.warn(
15:32:43  WARNING  research.service        [evaluate_fitness] jitter probe run_concentration_downside_feedback_jit0 failed (min_periods 4 must be <= window 3) — skipped
/Users/lucawurker/Desktop/Imperial/Master Thesis/QuantFundAgent/venv/lib/python3.13/site-packages/sklearn/utils/validation.py:2691: UserWarning: X does not have valid feature names, but LGBMRegressor was fitted with feature names
  warnings.warn(
15:32:45  WARNING  research.service        [evaluate_fitness] jitter probe solvency_persistence_excitation_polarity_switch_jit0 failed (min_periods 52 must be <= window 47) — skipped
/Users/lucawurker/Desktop/Imperial/Master Thesis/QuantFundAgent/venv/lib/python3.13/site-packages/sklearn/utils/validation.py:2691: UserWarning: X does not have valid feature names, but LGBMRegressor was fitted with feature names
  warnings.warn(
15:32:47  WARNING  research.service        [evaluate_fitness] jitter probe conditional_cascade_relief_polarity_jit0 failed (min_periods 5 must be <= window 4) — skipped
/Users/lucawurker/Desktop/Imperial/Master Thesis/QuantFundAgent/venv/lib/python3.13/site-packages/sklearn/utils/validation.py:2691: UserWarning: X does not have valid feature names, but LGBMRegressor was fitted with feature names
  warnings.warn(
/Users/lucawurker/Desktop/Imperial/Master Thesis/QuantFundAgent/venv/lib/python3.13/site-packages/sklearn/utils/validation.py:2691: UserWarning: X does not have valid feature names, but LGBMRegressor was fitted with feature names
  warnings.warn(
/Users/lucawurker/Desktop/Imperial/Master Thesis/QuantFundAgent/venv/lib/python3.13/site-packages/sklearn/utils/validation.py:2691: UserWarning: X does not have valid feature names, but LGBMRegressor was fitted with feature names
  warnings.warn(
/Users/lucawurker/Desktop/Imperial/Master Thesis/QuantFundAgent/venv/lib/python3.13/site-packages/sklearn/utils/validation.py:2691: UserWarning: X does not have valid feature names, but LGBMRegressor was fitted with feature names
  warnings.warn(
15:32:54  WARNING  research.service        [evaluate_fitness] jitter probe scheduled_flow_liquidity_withdrawal_phase_switch_jit0 failed (min_periods 6 must be <= window 5) — skipped
/Users/lucawurker/Desktop/Imperial/Master Thesis/QuantFundAgent/venv/lib/python3.13/site-packages/sklearn/utils/validation.py:2691: UserWarning: X does not have valid feature names, but LGBMRegressor was fitted with feature names
  warnings.warn(
15:32:57  WARNING  research.service        [evaluate_fitness] jitter probe entropy_authenticated_unspent_impact_release_jit0 failed (min_periods 5 must be <= window 4) — skipped
/Users/lucawurker/Desktop/Imperial/Master Thesis/QuantFundAgent/venv/lib/python3.13/site-packages/sklearn/utils/validation.py:2691: UserWarning: X does not have valid feature names, but LGBMRegressor was fitted with feature names
  warnings.warn(
/Users/lucawurker/Desktop/Imperial/Master Thesis/QuantFundAgent/venv/lib/python3.13/site-packages/sklearn/utils/validation.py:2691: UserWarning: X does not have valid feature names, but LGBMRegressor was fitted with feature names
  warnings.warn(
/Users/lucawurker/Desktop/Imperial/Master Thesis/QuantFundAgent/venv/lib/python3.13/site-packages/sklearn/utils/validation.py:2691: UserWarning: X does not have valid feature names, but LGBMRegressor was fitted with feature names
  warnings.warn(
15:33:03  WARNING  research.service        [evaluate_fitness] jitter probe persistent_peer_absorption_transfer_repair_jit0 failed (min_periods 3 must be <= window 2) — skipped
/Users/lucawurker/Desktop/Imperial/Master Thesis/QuantFundAgent/venv/lib/python3.13/site-packages/sklearn/utils/validation.py:2691: UserWarning: X does not have valid feature names, but LGBMRegressor was fitted with feature names
  warnings.warn(
/Users/lucawurker/Desktop/Imperial/Master Thesis/QuantFundAgent/venv/lib/python3.13/site-packages/sklearn/utils/validation.py:2691: UserWarning: X does not have valid feature names, but LGBMRegressor was fitted with feature names
  warnings.warn(
/Users/lucawurker/Desktop/Imperial/Master Thesis/QuantFundAgent/venv/lib/python3.13/site-packages/sklearn/utils/validation.py:2691: UserWarning: X does not have valid feature names, but LGBMRegressor was fitted with feature names
  warnings.warn(
/Users/lucawurker/Desktop/Imperial/Master Thesis/QuantFundAgent/venv/lib/python3.13/site-packages/sklearn/utils/validation.py:2691: UserWarning: X does not have valid feature names, but LGBMRegressor was fitted with feature names
  warnings.warn(
/Users/lucawurker/Desktop/Imperial/Master Thesis/QuantFundAgent/venv/lib/python3.13/site-packages/sklearn/utils/validation.py:2691: UserWarning: X does not have valid feature names, but LGBMRegressor was fitted with feature names
  warnings.warn(
/Users/lucawurker/Desktop/Imperial/Master Thesis/QuantFundAgent/venv/lib/python3.13/site-packages/sklearn/utils/validation.py:2691: UserWarning: X does not have valid feature names, but LGBMRegressor was fitted with feature names
  warnings.warn(
15:33:19  INFO     evolution.loop          generation 9: migrated 5 elite(s)
15:33:19  INFO     evolution.loop          generation 9: 41/48 children admitted; archive=8; n_trials=429
15:33:46  INFO     httpx                   HTTP Request: POST https://api.openai.com/v1/chat/completions "HTTP/1.1 200 OK"
15:33:49  INFO     httpx                   HTTP Request: POST https://api.openai.com/v1/chat/completions "HTTP/1.1 200 OK"
15:33:49  INFO     evolution.loop          child attempt failed (Unterminated string starting at: line 12 column 11 (char 1395)) — retrying with feedback
15:33:50  INFO     httpx                   HTTP Request: POST https://api.openai.com/v1/chat/completions "HTTP/1.1 200 OK"
15:33:52  INFO     httpx                   HTTP Request: POST https://api.openai.com/v1/chat/completions "HTTP/1.1 200 OK"
15:33:55  INFO     httpx                   HTTP Request: POST https://api.openai.com/v1/chat/completions "HTTP/1.1 200 OK"
15:33:55  INFO     evolution.loop          child attempt failed (syntax error: unexpected character after line continuation character (<unknown>, line 1)) — retrying with feedback
15:33:56  INFO     httpx                   HTTP Request: POST https://api.openai.com/v1/chat/completions "HTTP/1.1 200 OK"
15:33:57  INFO     evolution.loop          child attempt failed (Unterminated string starting at: line 12 column 11 (char 1371)) — retrying with feedback
15:33:57  INFO     httpx                   HTTP Request: POST https://api.openai.com/v1/chat/completions "HTTP/1.1 200 OK"
15:33:57  INFO     evolution.loop          child attempt failed (syntax error: unexpected character after line continuation character (<unknown>, line 1)) — retrying with feedback
15:34:05  INFO     httpx                   HTTP Request: POST https://api.openai.com/v1/chat/completions "HTTP/1.1 200 OK"
15:34:15  INFO     httpx                   HTTP Request: POST https://api.openai.com/v1/chat/completions "HTTP/1.1 200 OK"
15:34:21  INFO     httpx                   HTTP Request: POST https://api.openai.com/v1/chat/completions "HTTP/1.1 200 OK"
15:34:21  INFO     evolution.loop          child failed twice (syntax error: unexpected character after line continuation character (<unknown>, line 1)) — dropped
15:34:22  INFO     httpx                   HTTP Request: POST https://api.openai.com/v1/chat/completions "HTTP/1.1 200 OK"
15:34:22  INFO     evolution.loop          child failed twice (syntax error: unexpected character after line continuation character (<unknown>, line 1)) — dropped
15:34:24  INFO     httpx                   HTTP Request: POST https://api.openai.com/v1/chat/completions "HTTP/1.1 200 OK"
15:34:24  INFO     evolution.loop          child attempt failed (syntax error: unexpected character after line continuation character (<unknown>, line 1)) — retrying with feedback
15:34:26  INFO     httpx                   HTTP Request: POST https://api.openai.com/v1/chat/completions "HTTP/1.1 200 OK"
15:34:26  INFO     evolution.loop          child attempt failed (syntax error: unexpected character after line continuation character (<unknown>, line 1)) — retrying with feedback
15:34:27  INFO     httpx                   HTTP Request: POST https://api.openai.com/v1/chat/completions "HTTP/1.1 200 OK"
15:34:27  INFO     evolution.loop          child failed twice (syntax error: unexpected character after line continuation character (<unknown>, line 1)) — dropped
15:34:33  INFO     httpx                   HTTP Request: POST https://api.openai.com/v1/chat/completions "HTTP/1.1 200 OK"
15:34:44  INFO     httpx                   HTTP Request: POST https://api.openai.com/v1/chat/completions "HTTP/1.1 200 OK"
15:34:45  INFO     httpx                   HTTP Request: POST https://api.openai.com/v1/chat/completions "HTTP/1.1 200 OK"
15:34:50  INFO     httpx                   HTTP Request: POST https://api.openai.com/v1/chat/completions "HTTP/1.1 200 OK"
15:34:55  INFO     httpx                   HTTP Request: POST https://api.openai.com/v1/chat/completions "HTTP/1.1 200 OK"
15:34:55  INFO     evolution.loop          child attempt failed (syntax error: unexpected character after line continuation character (<unknown>, line 1)) — retrying with feedback
15:34:56  INFO     httpx                   HTTP Request: POST https://api.openai.com/v1/chat/completions "HTTP/1.1 200 OK"
15:35:06  INFO     httpx                   HTTP Request: POST https://api.openai.com/v1/chat/completions "HTTP/1.1 200 OK"
15:35:06  INFO     httpx                   HTTP Request: POST https://api.openai.com/v1/chat/completions "HTTP/1.1 200 OK"
15:35:06  INFO     evolution.loop          child attempt failed (syntax error: unexpected character after line continuation character (<unknown>, line 1)) — retrying with feedback
15:35:10  INFO     httpx                   HTTP Request: POST https://api.openai.com/v1/chat/completions "HTTP/1.1 200 OK"
15:35:17  INFO     httpx                   HTTP Request: POST https://api.openai.com/v1/chat/completions "HTTP/1.1 200 OK"
15:35:17  INFO     evolution.loop          child attempt failed (syntax error: unexpected character after line continuation character (<unknown>, line 1)) — retrying with feedback
15:35:27  INFO     httpx                   HTTP Request: POST https://api.openai.com/v1/chat/completions "HTTP/1.1 200 OK"
15:35:29  INFO     httpx                   HTTP Request: POST https://api.openai.com/v1/chat/completions "HTTP/1.1 200 OK"
15:35:29  INFO     evolution.loop          child failed twice (syntax error: unexpected character after line continuation character (<unknown>, line 1)) — dropped
15:35:32  INFO     httpx                   HTTP Request: POST https://api.openai.com/v1/chat/completions "HTTP/1.1 200 OK"
15:35:32  INFO     evolution.loop          child attempt failed (Unterminated string starting at: line 12 column 11 (char 1372)) — retrying with feedback
15:35:36  INFO     httpx                   HTTP Request: POST https://api.openai.com/v1/chat/completions "HTTP/1.1 200 OK"
15:35:36  INFO     evolution.loop          child attempt failed (syntax error: unexpected character after line continuation character (<unknown>, line 1)) — retrying with feedback
15:35:39  INFO     httpx                   HTTP Request: POST https://api.openai.com/v1/chat/completions "HTTP/1.1 200 OK"
15:35:39  INFO     evolution.loop          child failed twice (syntax error: unexpected character after line continuation character (<unknown>, line 1)) — dropped
15:35:49  INFO     httpx                   HTTP Request: POST https://api.openai.com/v1/chat/completions "HTTP/1.1 200 OK"
15:35:49  INFO     evolution.loop          child attempt failed (syntax error: unexpected character after line continuation character (<unknown>, line 1)) — retrying with feedback
15:35:50  INFO     httpx                   HTTP Request: POST https://api.openai.com/v1/chat/completions "HTTP/1.1 200 OK"
15:35:52  INFO     httpx                   HTTP Request: POST https://api.openai.com/v1/chat/completions "HTTP/1.1 200 OK"
/Users/lucawurker/Desktop/Imperial/Master Thesis/QuantFundAgent/venv/lib/python3.13/site-packages/pandas/core/internals/blocks.py:347: RuntimeWarning: divide by zero encountered in log
  result = func(self.values, **kwargs)
15:35:55  INFO     httpx                   HTTP Request: POST https://api.openai.com/v1/chat/completions "HTTP/1.1 200 OK"
15:35:55  INFO     evolution.loop          child attempt failed (syntax error: unexpected character after line continuation character (<unknown>, line 1)) — retrying with feedback
15:36:04  INFO     httpx                   HTTP Request: POST https://api.openai.com/v1/chat/completions "HTTP/1.1 200 OK"
15:36:07  INFO     httpx                   HTTP Request: POST https://api.openai.com/v1/chat/completions "HTTP/1.1 200 OK"
15:36:11  INFO     httpx                   HTTP Request: POST https://api.openai.com/v1/chat/completions "HTTP/1.1 200 OK"
15:36:11  INFO     httpx                   HTTP Request: POST https://api.openai.com/v1/chat/completions "HTTP/1.1 200 OK"
15:36:11  INFO     evolution.loop          child attempt failed (syntax error: unexpected character after line continuation character (<unknown>, line 1)) — retrying with feedback
15:36:15  INFO     httpx                   HTTP Request: POST https://api.openai.com/v1/chat/completions "HTTP/1.1 200 OK"
15:36:20  INFO     httpx                   HTTP Request: POST https://api.openai.com/v1/chat/completions "HTTP/1.1 200 OK"
15:36:20  INFO     evolution.loop          child attempt failed (Unterminated string starting at: line 12 column 11 (char 1317)) — retrying with feedback
15:36:21  INFO     httpx                   HTTP Request: POST https://api.openai.com/v1/chat/completions "HTTP/1.1 200 OK"
15:36:21  INFO     evolution.loop          child failed twice (syntax error: unexpected character after line continuation character (<unknown>, line 1)) — dropped
15:36:24  INFO     httpx                   HTTP Request: POST https://api.openai.com/v1/chat/completions "HTTP/1.1 200 OK"
15:36:39  INFO     httpx                   HTTP Request: POST https://api.openai.com/v1/chat/completions "HTTP/1.1 200 OK"
15:36:39  INFO     evolution.loop          child failed twice (syntax error: unexpected character after line continuation character (<unknown>, line 1)) — dropped
15:36:43  INFO     httpx                   HTTP Request: POST https://api.openai.com/v1/chat/completions "HTTP/1.1 200 OK"
15:36:43  INFO     httpx                   HTTP Request: POST https://api.openai.com/v1/chat/completions "HTTP/1.1 200 OK"
15:36:46  INFO     httpx                   HTTP Request: POST https://api.openai.com/v1/chat/completions "HTTP/1.1 200 OK"
15:36:47  INFO     httpx                   HTTP Request: POST https://api.openai.com/v1/chat/completions "HTTP/1.1 200 OK"
15:36:47  INFO     httpx                   HTTP Request: POST https://api.openai.com/v1/chat/completions "HTTP/1.1 200 OK"
15:36:48  INFO     httpx                   HTTP Request: POST https://api.openai.com/v1/chat/completions "HTTP/1.1 200 OK"
15:36:48  INFO     evolution.loop          child attempt failed (unexpected character after line continuation character (<unknown>, line 1)) — retrying with feedback
15:36:59  INFO     httpx                   HTTP Request: POST https://api.openai.com/v1/chat/completions "HTTP/1.1 200 OK"
15:36:59  INFO     evolution.loop          child attempt failed (Unterminated string starting at: line 12 column 11 (char 1274)) — retrying with feedback
15:37:11  INFO     httpx                   HTTP Request: POST https://api.openai.com/v1/chat/completions "HTTP/1.1 200 OK"
15:37:11  INFO     httpx                   HTTP Request: POST https://api.openai.com/v1/chat/completions "HTTP/1.1 200 OK"
15:37:12  INFO     httpx                   HTTP Request: POST https://api.openai.com/v1/chat/completions "HTTP/1.1 200 OK"
15:37:14  INFO     httpx                   HTTP Request: POST https://api.openai.com/v1/chat/completions "HTTP/1.1 200 OK"
15:37:14  INFO     evolution.loop          child attempt failed (calc() raised on synthetic data: '_NoDefault' object is not subscriptable) — retrying with feedback
15:37:17  INFO     httpx                   HTTP Request: POST https://api.openai.com/v1/chat/completions "HTTP/1.1 200 OK"
15:37:17  INFO     httpx                   HTTP Request: POST https://api.openai.com/v1/chat/completions "HTTP/1.1 200 OK"
15:37:24  INFO     httpx                   HTTP Request: POST https://api.openai.com/v1/chat/completions "HTTP/1.1 200 OK"
15:37:24  INFO     evolution.loop          child failed twice (syntax error: unexpected character after line continuation character (<unknown>, line 1)) — dropped
15:37:29  INFO     httpx                   HTTP Request: POST https://api.openai.com/v1/chat/completions "HTTP/1.1 200 OK"
15:37:45  INFO     httpx                   HTTP Request: POST https://api.openai.com/v1/chat/completions "HTTP/1.1 200 OK"
15:37:48  INFO     httpx                   HTTP Request: POST https://api.openai.com/v1/chat/completions "HTTP/1.1 200 OK"
15:37:48  INFO     evolution.loop          child attempt failed (calc() raised on synthetic data: 'DataFrame' object has no attribute 'sign') — retrying with feedback
15:37:49  INFO     httpx                   HTTP Request: POST https://api.openai.com/v1/chat/completions "HTTP/1.1 200 OK"
15:37:49  INFO     evolution.loop          child failed twice (syntax error: unexpected character after line continuation character (<unknown>, line 1)) — dropped
15:37:50  INFO     httpx                   HTTP Request: POST https://api.openai.com/v1/chat/completions "HTTP/1.1 200 OK"
15:37:51  INFO     httpx                   HTTP Request: POST https://api.openai.com/v1/chat/completions "HTTP/1.1 200 OK"
15:38:04  INFO     httpx                   HTTP Request: POST https://api.openai.com/v1/chat/completions "HTTP/1.1 200 OK"
15:38:04  INFO     evolution.loop          child attempt failed (syntax error: unexpected character after line continuation character (<unknown>, line 1)) — retrying with feedback
15:38:23  INFO     httpx                   HTTP Request: POST https://api.openai.com/v1/chat/completions "HTTP/1.1 200 OK"
15:38:23  INFO     evolution.loop          child failed twice (syntax error: unexpected character after line continuation character (<unknown>, line 1)) — dropped
15:38:29  INFO     httpx                   HTTP Request: POST https://api.openai.com/v1/chat/completions "HTTP/1.1 200 OK"
/Users/lucawurker/Desktop/Imperial/Master Thesis/QuantFundAgent/venv/lib/python3.13/site-packages/sklearn/utils/validation.py:2691: UserWarning: X does not have valid feature names, but LGBMRegressor was fitted with feature names
  warnings.warn(
/Users/lucawurker/Desktop/Imperial/Master Thesis/QuantFundAgent/venv/lib/python3.13/site-packages/sklearn/utils/validation.py:2691: UserWarning: X does not have valid feature names, but LGBMRegressor was fitted with feature names
  warnings.warn(
/Users/lucawurker/Desktop/Imperial/Master Thesis/QuantFundAgent/venv/lib/python3.13/site-packages/sklearn/utils/validation.py:2691: UserWarning: X does not have valid feature names, but LGBMRegressor was fitted with feature names
  warnings.warn(
/Users/lucawurker/Desktop/Imperial/Master Thesis/QuantFundAgent/venv/lib/python3.13/site-packages/sklearn/utils/validation.py:2691: UserWarning: X does not have valid feature names, but LGBMRegressor was fitted with feature names
  warnings.warn(
15:38:37  WARNING  research.service        [evaluate_fitness] jitter probe fragility_weighted_sector_liquidation_aftershock_jit0 failed (min_periods 3 must be <= window 2) — skipped
/Users/lucawurker/Desktop/Imperial/Master Thesis/QuantFundAgent/venv/lib/python3.13/site-packages/sklearn/utils/validation.py:2691: UserWarning: X does not have valid feature names, but LGBMRegressor was fitted with feature names
  warnings.warn(
15:38:38  WARNING  research.service        [evaluate_fitness] jitter probe sector_operating_leverage_impulse_assimilation_jit0 failed (min_periods 3 must be <= window 2) — skipped
/Users/lucawurker/Desktop/Imperial/Master Thesis/QuantFundAgent/venv/lib/python3.13/site-packages/sklearn/utils/validation.py:2691: UserWarning: X does not have valid feature names, but LGBMRegressor was fitted with feature names
  warnings.warn(
15:38:40  WARNING  research.service        [evaluate_fitness] jitter probe sector_tradecredit_duration_stress_shortfall_jit0 failed (min_periods 3 must be <= window 2) — skipped
/Users/lucawurker/Desktop/Imperial/Master Thesis/QuantFundAgent/venv/lib/python3.13/site-packages/sklearn/utils/validation.py:2691: UserWarning: X does not have valid feature names, but LGBMRegressor was fitted with feature names
  warnings.warn(
/Users/lucawurker/Desktop/Imperial/Master Thesis/QuantFundAgent/venv/lib/python3.13/site-packages/sklearn/utils/validation.py:2691: UserWarning: X does not have valid feature names, but LGBMRegressor was fitted with feature names
  warnings.warn(
15:39:14  WARNING  research.service        [evaluate_fitness] jitter probe peer_relay_coherence_headroom_switch_jit0 failed (min_periods 10 must be <= window 9) — skipped
/Users/lucawurker/Desktop/Imperial/Master Thesis/QuantFundAgent/venv/lib/python3.13/site-packages/sklearn/utils/validation.py:2691: UserWarning: X does not have valid feature names, but LGBMRegressor was fitted with feature names
  warnings.warn(
15:39:16  INFO     evolution.loop          [dual_estimate_peer_refractory_response_gap] evaluation failed: candidate signal failed: Can only compare identically-labeled (both index and columns) DataFrame objects
/Users/lucawurker/Desktop/Imperial/Master Thesis/QuantFundAgent/venv/lib/python3.13/site-packages/sklearn/utils/validation.py:2691: UserWarning: X does not have valid feature names, but LGBMRegressor was fitted with feature names
  warnings.warn(
/Users/lucawurker/Desktop/Imperial/Master Thesis/QuantFundAgent/venv/lib/python3.13/site-packages/sklearn/utils/validation.py:2691: UserWarning: X does not have valid feature names, but LGBMRegressor was fitted with feature names
  warnings.warn(
/Users/lucawurker/Desktop/Imperial/Master Thesis/QuantFundAgent/venv/lib/python3.13/site-packages/pandas/core/internals/blocks.py:347: RuntimeWarning: divide by zero encountered in log
  result = func(self.values, **kwargs)
/Users/lucawurker/Desktop/Imperial/Master Thesis/QuantFundAgent/venv/lib/python3.13/site-packages/pandas/core/internals/blocks.py:347: RuntimeWarning: divide by zero encountered in log
  result = func(self.values, **kwargs)
/Users/lucawurker/Desktop/Imperial/Master Thesis/QuantFundAgent/venv/lib/python3.13/site-packages/pandas/core/internals/blocks.py:347: RuntimeWarning: divide by zero encountered in log
  result = func(self.values, **kwargs)
/Users/lucawurker/Desktop/Imperial/Master Thesis/QuantFundAgent/venv/lib/python3.13/site-packages/sklearn/utils/validation.py:2691: UserWarning: X does not have valid feature names, but LGBMRegressor was fitted with feature names
  warnings.warn(
/Users/lucawurker/Desktop/Imperial/Master Thesis/QuantFundAgent/venv/lib/python3.13/site-packages/sklearn/utils/validation.py:2691: UserWarning: X does not have valid feature names, but LGBMRegressor was fitted with feature names
  warnings.warn(
/Users/lucawurker/Desktop/Imperial/Master Thesis/QuantFundAgent/venv/lib/python3.13/site-packages/sklearn/utils/validation.py:2691: UserWarning: X does not have valid feature names, but LGBMRegressor was fitted with feature names
  warnings.warn(
/Users/lucawurker/Desktop/Imperial/Master Thesis/QuantFundAgent/venv/lib/python3.13/site-packages/sklearn/utils/validation.py:2691: UserWarning: X does not have valid feature names, but LGBMRegressor was fitted with feature names
  warnings.warn(
/Users/lucawurker/Desktop/Imperial/Master Thesis/QuantFundAgent/venv/lib/python3.13/site-packages/sklearn/utils/validation.py:2691: UserWarning: X does not have valid feature names, but LGBMRegressor was fitted with feature names
  warnings.warn(
/Users/lucawurker/Desktop/Imperial/Master Thesis/QuantFundAgent/venv/lib/python3.13/site-packages/sklearn/utils/validation.py:2691: UserWarning: X does not have valid feature names, but LGBMRegressor was fitted with feature names
  warnings.warn(
15:39:31  INFO     evolution.loop          [cash_vetoed_revision_inventory_release] evaluation failed: candidate signal failed: operands could not be broadcast together with shapes (2324,164) (2324,179) (2324,179) 
/Users/lucawurker/Desktop/Imperial/Master Thesis/QuantFundAgent/venv/lib/python3.13/site-packages/sklearn/utils/validation.py:2691: UserWarning: X does not have valid feature names, but LGBMRegressor was fitted with feature names
  warnings.warn(
15:39:33  INFO     evolution.loop          [cash_validated_contrarian_flow_repricing] evaluation failed: candidate signal failed: operands could not be broadcast together with shapes (2324,164) (2324,179) () 
/Users/lucawurker/Desktop/Imperial/Master Thesis/QuantFundAgent/venv/lib/python3.13/site-packages/sklearn/utils/validation.py:2691: UserWarning: X does not have valid feature names, but LGBMRegressor was fitted with feature names
  warnings.warn(
15:39:34  WARNING  research.service        [evaluate_fitness] jitter probe postreport_fragile_sell_hawkes_impact_debt_jit0 failed (min_periods 4 must be <= window 3) — skipped
/Users/lucawurker/Desktop/Imperial/Master Thesis/QuantFundAgent/venv/lib/python3.13/site-packages/sklearn/utils/validation.py:2691: UserWarning: X does not have valid feature names, but LGBMRegressor was fitted with feature names
  warnings.warn(
/Users/lucawurker/Desktop/Imperial/Master Thesis/QuantFundAgent/venv/lib/python3.13/site-packages/sklearn/utils/validation.py:2691: UserWarning: X does not have valid feature names, but LGBMRegressor was fitted with feature names
  warnings.warn(
/Users/lucawurker/Desktop/Imperial/Master Thesis/QuantFundAgent/venv/lib/python3.13/site-packages/sklearn/utils/validation.py:2691: UserWarning: X does not have valid feature names, but LGBMRegressor was fitted with feature names
  warnings.warn(
/Users/lucawurker/Desktop/Imperial/Master Thesis/QuantFundAgent/venv/lib/python3.13/site-packages/sklearn/utils/validation.py:2691: UserWarning: X does not have valid feature names, but LGBMRegressor was fitted with feature names
  warnings.warn(
/Users/lucawurker/Desktop/Imperial/Master Thesis/QuantFundAgent/venv/lib/python3.13/site-packages/sklearn/utils/validation.py:2691: UserWarning: X does not have valid feature names, but LGBMRegressor was fitted with feature names
  warnings.warn(
/Users/lucawurker/Desktop/Imperial/Master Thesis/QuantFundAgent/venv/lib/python3.13/site-packages/sklearn/utils/validation.py:2691: UserWarning: X does not have valid feature names, but LGBMRegressor was fitted with feature names
  warnings.warn(
/Users/lucawurker/Desktop/Imperial/Master Thesis/QuantFundAgent/venv/lib/python3.13/site-packages/sklearn/utils/validation.py:2691: UserWarning: X does not have valid feature names, but LGBMRegressor was fitted with feature names
  warnings.warn(
15:39:46  WARNING  research.service        [evaluate_fitness] jitter probe fragile_report_sell_schedule_shortfall_jit0 failed (min_periods 5 must be <= window 4) — skipped
/Users/lucawurker/Desktop/Imperial/Master Thesis/QuantFundAgent/venv/lib/python3.13/site-packages/sklearn/utils/validation.py:2691: UserWarning: X does not have valid feature names, but LGBMRegressor was fitted with feature names
  warnings.warn(
/Users/lucawurker/Desktop/Imperial/Master Thesis/QuantFundAgent/venv/lib/python3.13/site-packages/sklearn/utils/validation.py:2691: UserWarning: X does not have valid feature names, but LGBMRegressor was fitted with feature names
  warnings.warn(
/Users/lucawurker/Desktop/Imperial/Master Thesis/QuantFundAgent/venv/lib/python3.13/site-packages/sklearn/utils/validation.py:2691: UserWarning: X does not have valid feature names, but LGBMRegressor was fitted with feature names
  warnings.warn(
15:39:52  WARNING  research.service        [evaluate_fitness] jitter probe repurchase_backstop_absorption_rebound_jit0 failed (min_periods 25 must be <= window 22) — skipped
/Users/lucawurker/Desktop/Imperial/Master Thesis/QuantFundAgent/venv/lib/python3.13/site-packages/sklearn/utils/validation.py:2691: UserWarning: X does not have valid feature names, but LGBMRegressor was fitted with feature names
  warnings.warn(
15:39:54  WARNING  research.service        [evaluate_fitness] jitter probe latent_depth_recovery_inventory_repair_jit0 failed (min_periods 3 must be <= window 2) — skipped
/Users/lucawurker/Desktop/Imperial/Master Thesis/QuantFundAgent/venv/lib/python3.13/site-packages/sklearn/utils/validation.py:2691: UserWarning: X does not have valid feature names, but LGBMRegressor was fitted with feature names
  warnings.warn(
/Users/lucawurker/Desktop/Imperial/Master Thesis/QuantFundAgent/venv/lib/python3.13/site-packages/sklearn/utils/validation.py:2691: UserWarning: X does not have valid feature names, but LGBMRegressor was fitted with feature names
  warnings.warn(
/Users/lucawurker/Desktop/Imperial/Master Thesis/QuantFundAgent/venv/lib/python3.13/site-packages/sklearn/utils/validation.py:2691: UserWarning: X does not have valid feature names, but LGBMRegressor was fitted with feature names
  warnings.warn(
/Users/lucawurker/Desktop/Imperial/Master Thesis/QuantFundAgent/venv/lib/python3.13/site-packages/sklearn/utils/validation.py:2691: UserWarning: X does not have valid feature names, but LGBMRegressor was fitted with feature names
  warnings.warn(
15:40:04  WARNING  research.service        [evaluate_fitness] jitter probe cadenced_absorption_release_rebound_jit0 failed (min_periods 4 must be <= window 3) — skipped
/Users/lucawurker/Desktop/Imperial/Master Thesis/QuantFundAgent/venv/lib/python3.13/site-packages/sklearn/utils/validation.py:2691: UserWarning: X does not have valid feature names, but LGBMRegressor was fitted with feature names
  warnings.warn(
15:40:06  INFO     evolution.loop          generation 10: 34/48 children admitted; archive=8; n_trials=463
15:40:40  INFO     httpx                   HTTP Request: POST https://api.openai.com/v1/chat/completions "HTTP/1.1 200 OK"
15:40:40  INFO     httpx                   HTTP Request: POST https://api.openai.com/v1/chat/completions "HTTP/1.1 200 OK"
15:40:40  INFO     evolution.loop          child attempt failed (syntax error: unexpected character after line continuation character (<unknown>, line 1)) — retrying with feedback
15:40:41  INFO     httpx                   HTTP Request: POST https://api.openai.com/v1/chat/completions "HTTP/1.1 200 OK"
15:40:43  INFO     httpx                   HTTP Request: POST https://api.openai.com/v1/chat/completions "HTTP/1.1 200 OK"
15:40:44  INFO     httpx                   HTTP Request: POST https://api.openai.com/v1/chat/completions "HTTP/1.1 200 OK"
15:40:44  INFO     httpx                   HTTP Request: POST https://api.openai.com/v1/chat/completions "HTTP/1.1 200 OK"
15:40:45  INFO     httpx                   HTTP Request: POST https://api.openai.com/v1/chat/completions "HTTP/1.1 200 OK"
15:40:47  INFO     httpx                   HTTP Request: POST https://api.openai.com/v1/chat/completions "HTTP/1.1 200 OK"
15:40:47  INFO     evolution.loop          child attempt failed (syntax error: unexpected character after line continuation character (<unknown>, line 1)) — retrying with feedback
15:41:11  INFO     httpx                   HTTP Request: POST https://api.openai.com/v1/chat/completions "HTTP/1.1 200 OK"
15:41:11  INFO     httpx                   HTTP Request: POST https://api.openai.com/v1/chat/completions "HTTP/1.1 200 OK"
15:41:15  INFO     httpx                   HTTP Request: POST https://api.openai.com/v1/chat/completions "HTTP/1.1 200 OK"
15:41:17  INFO     httpx                   HTTP Request: POST https://api.openai.com/v1/chat/completions "HTTP/1.1 200 OK"
15:41:18  INFO     httpx                   HTTP Request: POST https://api.openai.com/v1/chat/completions "HTTP/1.1 200 OK"
15:41:18  INFO     evolution.loop          child failed twice (syntax error: unexpected character after line continuation character (<unknown>, line 1)) — dropped
15:41:19  INFO     httpx                   HTTP Request: POST https://api.openai.com/v1/chat/completions "HTTP/1.1 200 OK"
15:41:19  INFO     evolution.loop          child failed twice (syntax error: unexpected character after line continuation character (<unknown>, line 1)) — dropped
15:41:20  INFO     httpx                   HTTP Request: POST https://api.openai.com/v1/chat/completions "HTTP/1.1 200 OK"
15:41:20  INFO     evolution.loop          child attempt failed (Unterminated string starting at: line 12 column 11 (char 1337)) — retrying with feedback
15:41:23  INFO     httpx                   HTTP Request: POST https://api.openai.com/v1/chat/completions "HTTP/1.1 200 OK"
15:41:38  INFO     httpx                   HTTP Request: POST https://api.openai.com/v1/chat/completions "HTTP/1.1 200 OK"
15:41:38  INFO     evolution.loop          child attempt failed (syntax error: unexpected character after line continuation character (<unknown>, line 1)) — retrying with feedback
15:41:39  INFO     httpx                   HTTP Request: POST https://api.openai.com/v1/chat/completions "HTTP/1.1 200 OK"
15:41:39  INFO     evolution.loop          child attempt failed (syntax error: unexpected character after line continuation character (<unknown>, line 1)) — retrying with feedback
15:41:40  INFO     httpx                   HTTP Request: POST https://api.openai.com/v1/chat/completions "HTTP/1.1 503 Service Unavailable"
15:41:40  INFO     openai._base_client     Retrying request to /chat/completions in 0.468320 seconds
15:41:42  INFO     httpx                   HTTP Request: POST https://api.openai.com/v1/chat/completions "HTTP/1.1 503 Service Unavailable"
15:41:42  INFO     openai._base_client     Retrying request to /chat/completions in 0.393617 seconds
15:41:45  INFO     httpx                   HTTP Request: POST https://api.openai.com/v1/chat/completions "HTTP/1.1 200 OK"
15:41:45  INFO     evolution.loop          child failed twice (syntax error: unexpected character after line continuation character (<unknown>, line 1)) — dropped
15:41:50  INFO     httpx                   HTTP Request: POST https://api.openai.com/v1/chat/completions "HTTP/1.1 200 OK"
15:41:51  INFO     httpx                   HTTP Request: POST https://api.openai.com/v1/chat/completions "HTTP/1.1 200 OK"
15:41:55  INFO     httpx                   HTTP Request: POST https://api.openai.com/v1/chat/completions "HTTP/1.1 200 OK"
15:41:55  INFO     evolution.loop          child attempt failed (syntax error: unexpected character after line continuation character (<unknown>, line 1)) — retrying with feedback
15:42:01  INFO     httpx                   HTTP Request: POST https://api.openai.com/v1/chat/completions "HTTP/1.1 200 OK"
15:42:02  INFO     httpx                   HTTP Request: POST https://api.openai.com/v1/chat/completions "HTTP/1.1 200 OK"
15:42:09  INFO     httpx                   HTTP Request: POST https://api.openai.com/v1/chat/completions "HTTP/1.1 200 OK"
15:42:09  INFO     evolution.loop          child failed twice (syntax error: unexpected character after line continuation character (<unknown>, line 1)) — dropped
15:42:12  INFO     httpx                   HTTP Request: POST https://api.openai.com/v1/chat/completions "HTTP/1.1 200 OK"
15:42:20  INFO     httpx                   HTTP Request: POST https://api.openai.com/v1/chat/completions "HTTP/1.1 200 OK"
15:42:21  INFO     httpx                   HTTP Request: POST https://api.openai.com/v1/chat/completions "HTTP/1.1 200 OK"
15:42:21  INFO     evolution.loop          child failed twice (syntax error: unexpected character after line continuation character (<unknown>, line 1)) — dropped
15:42:21  INFO     httpx                   HTTP Request: POST https://api.openai.com/v1/chat/completions "HTTP/1.1 503 Service Unavailable"
15:42:21  INFO     openai._base_client     Retrying request to /chat/completions in 0.465959 seconds
15:42:22  INFO     httpx                   HTTP Request: POST https://api.openai.com/v1/chat/completions "HTTP/1.1 200 OK"
15:42:30  INFO     httpx                   HTTP Request: POST https://api.openai.com/v1/chat/completions "HTTP/1.1 200 OK"
15:42:30  INFO     evolution.loop          child attempt failed (syntax error: unexpected character after line continuation character (<unknown>, line 1)) — retrying with feedback
15:42:34  INFO     httpx                   HTTP Request: POST https://api.openai.com/v1/chat/completions "HTTP/1.1 200 OK"
15:42:34  INFO     evolution.loop          child attempt failed (syntax error: unexpected character after line continuation character (<unknown>, line 1)) — retrying with feedback
15:42:36  INFO     httpx                   HTTP Request: POST https://api.openai.com/v1/chat/completions "HTTP/1.1 503 Service Unavailable"
15:42:36  INFO     openai._base_client     Retrying request to /chat/completions in 0.774355 seconds
15:42:41  INFO     httpx                   HTTP Request: POST https://api.openai.com/v1/chat/completions "HTTP/1.1 200 OK"
15:42:42  INFO     httpx                   HTTP Request: POST https://api.openai.com/v1/chat/completions "HTTP/1.1 200 OK"
15:42:42  INFO     evolution.loop          child attempt failed (syntax error: unexpected character after line continuation character (<unknown>, line 1)) — retrying with feedback
15:42:57  INFO     httpx                   HTTP Request: POST https://api.openai.com/v1/chat/completions "HTTP/1.1 200 OK"
15:42:57  INFO     evolution.loop          child attempt failed (syntax error: unexpected character after line continuation character (<unknown>, line 1)) — retrying with feedback
15:42:58  INFO     httpx                   HTTP Request: POST https://api.openai.com/v1/chat/completions "HTTP/1.1 200 OK"
15:42:59  INFO     httpx                   HTTP Request: POST https://api.openai.com/v1/chat/completions "HTTP/1.1 200 OK"
15:42:59  INFO     evolution.loop          child failed twice (syntax error: invalid syntax (<unknown>, line 47)) — dropped
15:43:01  INFO     httpx                   HTTP Request: POST https://api.openai.com/v1/chat/completions "HTTP/1.1 200 OK"
15:43:04  INFO     httpx                   HTTP Request: POST https://api.openai.com/v1/chat/completions "HTTP/1.1 200 OK"
15:43:07  INFO     httpx                   HTTP Request: POST https://api.openai.com/v1/chat/completions "HTTP/1.1 200 OK"
15:43:16  INFO     httpx                   HTTP Request: POST https://api.openai.com/v1/chat/completions "HTTP/1.1 200 OK"
15:43:21  INFO     httpx                   HTTP Request: POST https://api.openai.com/v1/chat/completions "HTTP/1.1 200 OK"
15:43:21  INFO     evolution.loop          child failed twice (syntax error: unexpected character after line continuation character (<unknown>, line 1)) — dropped
15:43:30  INFO     httpx                   HTTP Request: POST https://api.openai.com/v1/chat/completions "HTTP/1.1 200 OK"
15:43:30  INFO     evolution.loop          child failed twice (syntax error: unexpected character after line continuation character (<unknown>, line 1)) — dropped
15:43:32  INFO     httpx                   HTTP Request: POST https://api.openai.com/v1/chat/completions "HTTP/1.1 200 OK"
15:43:35  INFO     httpx                   HTTP Request: POST https://api.openai.com/v1/chat/completions "HTTP/1.1 200 OK"
15:43:36  INFO     httpx                   HTTP Request: POST https://api.openai.com/v1/chat/completions "HTTP/1.1 200 OK"
15:43:36  INFO     evolution.loop          child attempt failed (syntax error: unexpected character after line continuation character (<unknown>, line 1)) — retrying with feedback
15:43:41  INFO     httpx                   HTTP Request: POST https://api.openai.com/v1/chat/completions "HTTP/1.1 200 OK"
15:43:44  INFO     httpx                   HTTP Request: POST https://api.openai.com/v1/chat/completions "HTTP/1.1 200 OK"
15:43:54  INFO     httpx                   HTTP Request: POST https://api.openai.com/v1/chat/completions "HTTP/1.1 200 OK"
15:43:55  INFO     httpx                   HTTP Request: POST https://api.openai.com/v1/chat/completions "HTTP/1.1 200 OK"
15:44:04  INFO     httpx                   HTTP Request: POST https://api.openai.com/v1/chat/completions "HTTP/1.1 200 OK"
15:44:04  INFO     evolution.loop          child failed twice (syntax error: unexpected character after line continuation character (<unknown>, line 1)) — dropped
15:44:08  INFO     httpx                   HTTP Request: POST https://api.openai.com/v1/chat/completions "HTTP/1.1 200 OK"
15:44:08  INFO     evolution.loop          child attempt failed (syntax error: unexpected character after line continuation character (<unknown>, line 1)) — retrying with feedback
15:44:13  INFO     httpx                   HTTP Request: POST https://api.openai.com/v1/chat/completions "HTTP/1.1 200 OK"
15:44:13  INFO     evolution.loop          child attempt failed (syntax error: unexpected character after line continuation character (<unknown>, line 1)) — retrying with feedback
15:44:13  INFO     httpx                   HTTP Request: POST https://api.openai.com/v1/chat/completions "HTTP/1.1 200 OK"
15:44:17  INFO     httpx                   HTTP Request: POST https://api.openai.com/v1/chat/completions "HTTP/1.1 200 OK"
15:44:17  INFO     httpx                   HTTP Request: POST https://api.openai.com/v1/chat/completions "HTTP/1.1 200 OK"
15:44:38  INFO     httpx                   HTTP Request: POST https://api.openai.com/v1/chat/completions "HTTP/1.1 200 OK"
15:44:52  INFO     httpx                   HTTP Request: POST https://api.openai.com/v1/chat/completions "HTTP/1.1 200 OK"
15:44:52  INFO     evolution.loop          child failed twice (syntax error: unexpected character after line continuation character (<unknown>, line 1)) — dropped
/Users/lucawurker/Desktop/Imperial/Master Thesis/QuantFundAgent/venv/lib/python3.13/site-packages/sklearn/utils/validation.py:2691: UserWarning: X does not have valid feature names, but LGBMRegressor was fitted with feature names
  warnings.warn(
/Users/lucawurker/Desktop/Imperial/Master Thesis/QuantFundAgent/venv/lib/python3.13/site-packages/sklearn/utils/validation.py:2691: UserWarning: X does not have valid feature names, but LGBMRegressor was fitted with feature names
  warnings.warn(
/Users/lucawurker/Desktop/Imperial/Master Thesis/QuantFundAgent/venv/lib/python3.13/site-packages/sklearn/utils/validation.py:2691: UserWarning: X does not have valid feature names, but LGBMRegressor was fitted with feature names
  warnings.warn(
/Users/lucawurker/Desktop/Imperial/Master Thesis/QuantFundAgent/venv/lib/python3.13/site-packages/sklearn/utils/validation.py:2691: UserWarning: X does not have valid feature names, but LGBMRegressor was fitted with feature names
  warnings.warn(
/Users/lucawurker/Desktop/Imperial/Master Thesis/QuantFundAgent/venv/lib/python3.13/site-packages/sklearn/utils/validation.py:2691: UserWarning: X does not have valid feature names, but LGBMRegressor was fitted with feature names
  warnings.warn(
15:45:01  WARNING  research.service        [evaluate_fitness] jitter probe samuelson_mode_cashbuffer_residual_repair_jit0 failed (min_periods 3 must be <= window 2) — skipped
/Users/lucawurker/Desktop/Imperial/Master Thesis/QuantFundAgent/venv/lib/python3.13/site-packages/sklearn/utils/validation.py:2691: UserWarning: X does not have valid feature names, but LGBMRegressor was fitted with feature names
  warnings.warn(
15:45:03  INFO     evolution.loop          [synchronized_liquidation_narrative_dislocation_r] evaluation failed: candidate signal failed: Length of values (181) does not match length of index (180)
15:45:04  WARNING  research.service        [evaluate_fitness] jitter probe fragile_idiosyncratic_absorption_peer_receiver_v_jit0 failed (min_periods 3 must be <= window 2) — skipped
/Users/lucawurker/Desktop/Imperial/Master Thesis/QuantFundAgent/venv/lib/python3.13/site-packages/sklearn/utils/validation.py:2691: UserWarning: X does not have valid feature names, but LGBMRegressor was fitted with feature names
  warnings.warn(
15:45:06  WARNING  research.service        [evaluate_fitness] jitter probe systemic_phase_locked_liquidity_beta_completion_jit0 failed (min_periods 3 must be <= window 2) — skipped
/Users/lucawurker/Desktop/Imperial/Master Thesis/QuantFundAgent/venv/lib/python3.13/site-packages/sklearn/utils/validation.py:2691: UserWarning: X does not have valid feature names, but LGBMRegressor was fitted with feature names
  warnings.warn(
/Users/lucawurker/Desktop/Imperial/Master Thesis/QuantFundAgent/venv/lib/python3.13/site-packages/sklearn/utils/validation.py:2691: UserWarning: X does not have valid feature names, but LGBMRegressor was fitted with feature names
  warnings.warn(
/Users/lucawurker/Desktop/Imperial/Master Thesis/QuantFundAgent/venv/lib/python3.13/site-packages/sklearn/utils/validation.py:2691: UserWarning: X does not have valid feature names, but LGBMRegressor was fitted with feature names
  warnings.warn(
/Users/lucawurker/Desktop/Imperial/Master Thesis/QuantFundAgent/venv/lib/python3.13/site-packages/sklearn/utils/validation.py:2691: UserWarning: X does not have valid feature names, but LGBMRegressor was fitted with feature names
  warnings.warn(
15:45:13  WARNING  research.service        [evaluate_fitness] jitter probe critical_disclosure_confirmation_peer_relay_jit0 failed (min_periods 10 must be <= window 9) — skipped
/Users/lucawurker/Desktop/Imperial/Master Thesis/QuantFundAgent/venv/lib/python3.13/site-packages/sklearn/utils/validation.py:2691: UserWarning: X does not have valid feature names, but LGBMRegressor was fitted with feature names
  warnings.warn(
/Users/lucawurker/Desktop/Imperial/Master Thesis/QuantFundAgent/venv/lib/python3.13/site-packages/sklearn/utils/validation.py:2691: UserWarning: X does not have valid feature names, but LGBMRegressor was fitted with feature names
  warnings.warn(
15:45:17  INFO     evolution.loop          [downside_sector_variance_lockstep_forcedflow] evaluation failed: candidate signal failed: 'CELG'
/Users/lucawurker/Desktop/Imperial/Master Thesis/QuantFundAgent/venv/lib/python3.13/site-packages/sklearn/utils/validation.py:2691: UserWarning: X does not have valid feature names, but LGBMRegressor was fitted with feature names
  warnings.warn(
15:46:06  WARNING  research.service        [evaluate_fitness] jitter probe renewal_clock_unpriced_flow_transmission_jit0 failed (min_periods 6 must be <= window 5) — skipped
/Users/lucawurker/Desktop/Imperial/Master Thesis/QuantFundAgent/venv/lib/python3.13/site-packages/sklearn/utils/validation.py:2691: UserWarning: X does not have valid feature names, but LGBMRegressor was fitted with feature names
  warnings.warn(
/Users/lucawurker/Desktop/Imperial/Master Thesis/QuantFundAgent/venv/lib/python3.13/site-packages/sklearn/utils/validation.py:2691: UserWarning: X does not have valid feature names, but LGBMRegressor was fitted with feature names
  warnings.warn(
/Users/lucawurker/Desktop/Imperial/Master Thesis/QuantFundAgent/venv/lib/python3.13/site-packages/sklearn/utils/validation.py:2691: UserWarning: X does not have valid feature names, but LGBMRegressor was fitted with feature names
  warnings.warn(
/Users/lucawurker/Desktop/Imperial/Master Thesis/QuantFundAgent/venv/lib/python3.13/site-packages/sklearn/utils/validation.py:2691: UserWarning: X does not have valid feature names, but LGBMRegressor was fitted with feature names
  warnings.warn(
/Users/lucawurker/Desktop/Imperial/Master Thesis/QuantFundAgent/venv/lib/python3.13/site-packages/sklearn/utils/validation.py:2691: UserWarning: X does not have valid feature names, but LGBMRegressor was fitted with feature names
  warnings.warn(
/Users/lucawurker/Desktop/Imperial/Master Thesis/QuantFundAgent/venv/lib/python3.13/site-packages/sklearn/utils/validation.py:2691: UserWarning: X does not have valid feature names, but LGBMRegressor was fitted with feature names
  warnings.warn(
/Users/lucawurker/Desktop/Imperial/Master Thesis/QuantFundAgent/venv/lib/python3.13/site-packages/sklearn/utils/validation.py:2691: UserWarning: X does not have valid feature names, but LGBMRegressor was fitted with feature names
  warnings.warn(
/Users/lucawurker/Desktop/Imperial/Master Thesis/QuantFundAgent/venv/lib/python3.13/site-packages/sklearn/utils/validation.py:2691: UserWarning: X does not have valid feature names, but LGBMRegressor was fitted with feature names
  warnings.warn(
/Users/lucawurker/Desktop/Imperial/Master Thesis/QuantFundAgent/venv/lib/python3.13/site-packages/sklearn/utils/validation.py:2691: UserWarning: X does not have valid feature names, but LGBMRegressor was fitted with feature names
  warnings.warn(
/Users/lucawurker/Desktop/Imperial/Master Thesis/QuantFundAgent/venv/lib/python3.13/site-packages/sklearn/utils/validation.py:2691: UserWarning: X does not have valid feature names, but LGBMRegressor was fitted with feature names
  warnings.warn(
/Users/lucawurker/Desktop/Imperial/Master Thesis/QuantFundAgent/venv/lib/python3.13/site-packages/sklearn/utils/validation.py:2691: UserWarning: X does not have valid feature names, but LGBMRegressor was fitted with feature names
  warnings.warn(
/Users/lucawurker/Desktop/Imperial/Master Thesis/QuantFundAgent/venv/lib/python3.13/site-packages/sklearn/utils/validation.py:2691: UserWarning: X does not have valid feature names, but LGBMRegressor was fitted with feature names
  warnings.warn(
15:46:55  WARNING  research.service        [evaluate_fitness] jitter probe cascade_critical_scheduled_catalyst_reclaim_jit0 failed (min_periods 8 must be <= window 7) — skipped
/Users/lucawurker/Desktop/Imperial/Master Thesis/QuantFundAgent/venv/lib/python3.13/site-packages/sklearn/utils/validation.py:2691: UserWarning: X does not have valid feature names, but LGBMRegressor was fitted with feature names
  warnings.warn(
/Users/lucawurker/Desktop/Imperial/Master Thesis/QuantFundAgent/venv/lib/python3.13/site-packages/sklearn/utils/validation.py:2691: UserWarning: X does not have valid feature names, but LGBMRegressor was fitted with feature names
  warnings.warn(
15:46:59  WARNING  research.service        [evaluate_fitness] jitter probe quadrature_volume_lead_oscillator_markout_jit0 failed (min_periods 20 must be <= window 18) — skipped
/Users/lucawurker/Desktop/Imperial/Master Thesis/QuantFundAgent/venv/lib/python3.13/site-packages/sklearn/utils/validation.py:2691: UserWarning: X does not have valid feature names, but LGBMRegressor was fitted with feature names
  warnings.warn(
/Users/lucawurker/Desktop/Imperial/Master Thesis/QuantFundAgent/venv/lib/python3.13/site-packages/sklearn/utils/validation.py:2691: UserWarning: X does not have valid feature names, but LGBMRegressor was fitted with feature names
  warnings.warn(
15:47:04  WARNING  research.service        [evaluate_fitness] jitter probe resonant_arrival_debt_release_jit0 failed (min_periods 15 must be <= window 14) — skipped
/Users/lucawurker/Desktop/Imperial/Master Thesis/QuantFundAgent/venv/lib/python3.13/site-packages/sklearn/utils/validation.py:2691: UserWarning: X does not have valid feature names, but LGBMRegressor was fitted with feature names
  warnings.warn(
15:47:48  WARNING  research.service        [evaluate_fitness] jitter probe stable_peer_terminal_impact_dislocation_repair_jit0 failed (min_periods 30 must be <= window 27) — skipped
/Users/lucawurker/Desktop/Imperial/Master Thesis/QuantFundAgent/venv/lib/python3.13/site-packages/sklearn/utils/validation.py:2691: UserWarning: X does not have valid feature names, but LGBMRegressor was fitted with feature names
  warnings.warn(
/Users/lucawurker/Desktop/Imperial/Master Thesis/QuantFundAgent/venv/lib/python3.13/site-packages/sklearn/utils/validation.py:2691: UserWarning: X does not have valid feature names, but LGBMRegressor was fitted with feature names
  warnings.warn(
/Users/lucawurker/Desktop/Imperial/Master Thesis/QuantFundAgent/venv/lib/python3.13/site-packages/sklearn/utils/validation.py:2691: UserWarning: X does not have valid feature names, but LGBMRegressor was fitted with feature names
  warnings.warn(
15:48:14  WARNING  research.service        [evaluate_fitness] jitter probe coherent_downgrade_fragility_unpaid_sell_jit0 failed (min_periods 5 must be <= window 4) — skipped
/Users/lucawurker/Desktop/Imperial/Master Thesis/QuantFundAgent/venv/lib/python3.13/site-packages/sklearn/utils/validation.py:2691: UserWarning: X does not have valid feature names, but LGBMRegressor was fitted with feature names
  warnings.warn(
/Users/lucawurker/Desktop/Imperial/Master Thesis/QuantFundAgent/venv/lib/python3.13/site-packages/sklearn/utils/validation.py:2691: UserWarning: X does not have valid feature names, but LGBMRegressor was fitted with feature names
  warnings.warn(
15:48:18  INFO     evolution.loop          generation 11: 36/48 children admitted; archive=8; n_trials=499
15:48:57  INFO     httpx                   HTTP Request: POST https://api.openai.com/v1/chat/completions "HTTP/1.1 200 OK"
15:49:00  INFO     httpx                   HTTP Request: POST https://api.openai.com/v1/chat/completions "HTTP/1.1 200 OK"
15:49:01  INFO     httpx                   HTTP Request: POST https://api.openai.com/v1/chat/completions "HTTP/1.1 200 OK"
15:49:01  INFO     evolution.loop          child attempt failed (syntax error: unexpected character after line continuation character (<unknown>, line 1)) — retrying with feedback
15:49:01  INFO     httpx                   HTTP Request: POST https://api.openai.com/v1/chat/completions "HTTP/1.1 200 OK"
15:49:02  INFO     httpx                   HTTP Request: POST https://api.openai.com/v1/chat/completions "HTTP/1.1 200 OK"
15:49:04  INFO     httpx                   HTTP Request: POST https://api.openai.com/v1/chat/completions "HTTP/1.1 200 OK"
15:49:04  INFO     evolution.loop          child attempt failed (unexpected character after line continuation character (<unknown>, line 1)) — retrying with feedback
15:49:07  INFO     httpx                   HTTP Request: POST https://api.openai.com/v1/chat/completions "HTTP/1.1 200 OK"
15:49:10  INFO     httpx                   HTTP Request: POST https://api.openai.com/v1/chat/completions "HTTP/1.1 200 OK"
15:49:26  INFO     httpx                   HTTP Request: POST https://api.openai.com/v1/chat/completions "HTTP/1.1 200 OK"
15:49:26  INFO     evolution.loop          child attempt failed (syntax error: unexpected character after line continuation character (<unknown>, line 1)) — retrying with feedback
15:49:31  INFO     httpx                   HTTP Request: POST https://api.openai.com/v1/chat/completions "HTTP/1.1 200 OK"
15:49:35  INFO     httpx                   HTTP Request: POST https://api.openai.com/v1/chat/completions "HTTP/1.1 200 OK"
15:49:35  INFO     evolution.loop          child failed twice (syntax error: unexpected character after line continuation character (<unknown>, line 1)) — dropped
15:49:36  INFO     httpx                   HTTP Request: POST https://api.openai.com/v1/chat/completions "HTTP/1.1 200 OK"
15:49:37  INFO     httpx                   HTTP Request: POST https://api.openai.com/v1/chat/completions "HTTP/1.1 200 OK"
15:49:41  INFO     httpx                   HTTP Request: POST https://api.openai.com/v1/chat/completions "HTTP/1.1 200 OK"
15:49:45  INFO     httpx                   HTTP Request: POST https://api.openai.com/v1/chat/completions "HTTP/1.1 200 OK"
15:49:51  INFO     httpx                   HTTP Request: POST https://api.openai.com/v1/chat/completions "HTTP/1.1 200 OK"
15:50:02  INFO     httpx                   HTTP Request: POST https://api.openai.com/v1/chat/completions "HTTP/1.1 200 OK"
15:50:09  INFO     httpx                   HTTP Request: POST https://api.openai.com/v1/chat/completions "HTTP/1.1 200 OK"
15:50:09  INFO     evolution.loop          child attempt failed (syntax error: unexpected character after line continuation character (<unknown>, line 1)) — retrying with feedback
15:50:15  INFO     httpx                   HTTP Request: POST https://api.openai.com/v1/chat/completions "HTTP/1.1 200 OK"
15:50:15  INFO     httpx                   HTTP Request: POST https://api.openai.com/v1/chat/completions "HTTP/1.1 200 OK"
15:50:15  INFO     evolution.loop          child attempt failed (syntax error: unexpected character after line continuation character (<unknown>, line 1)) — retrying with feedback
15:50:16  INFO     httpx                   HTTP Request: POST https://api.openai.com/v1/chat/completions "HTTP/1.1 200 OK"
15:50:22  INFO     httpx                   HTTP Request: POST https://api.openai.com/v1/chat/completions "HTTP/1.1 200 OK"
15:50:24  INFO     httpx                   HTTP Request: POST https://api.openai.com/v1/chat/completions "HTTP/1.1 200 OK"
15:50:24  INFO     evolution.loop          child attempt failed (Unterminated string starting at: line 12 column 11 (char 1607)) — retrying with feedback
15:50:30  INFO     httpx                   HTTP Request: POST https://api.openai.com/v1/chat/completions "HTTP/1.1 200 OK"
15:50:30  INFO     evolution.loop          child attempt failed (syntax error: unexpected character after line continuation character (<unknown>, line 1)) — retrying with feedback
15:50:35  INFO     httpx                   HTTP Request: POST https://api.openai.com/v1/chat/completions "HTTP/1.1 200 OK"
15:50:35  INFO     evolution.loop          child attempt failed (Unterminated string starting at: line 12 column 11 (char 1343)) — retrying with feedback
15:50:40  INFO     httpx                   HTTP Request: POST https://api.openai.com/v1/chat/completions "HTTP/1.1 200 OK"
15:50:42  INFO     httpx                   HTTP Request: POST https://api.openai.com/v1/chat/completions "HTTP/1.1 200 OK"
15:50:44  INFO     httpx                   HTTP Request: POST https://api.openai.com/v1/chat/completions "HTTP/1.1 200 OK"
15:50:53  INFO     httpx                   HTTP Request: POST https://api.openai.com/v1/chat/completions "HTTP/1.1 200 OK"
15:50:53  INFO     evolution.loop          child attempt failed (Unterminated string starting at: line 12 column 11 (char 1281)) — retrying with feedback
15:50:54  INFO     httpx                   HTTP Request: POST https://api.openai.com/v1/chat/completions "HTTP/1.1 200 OK"
15:50:54  INFO     httpx                   HTTP Request: POST https://api.openai.com/v1/chat/completions "HTTP/1.1 200 OK"
15:50:54  INFO     evolution.loop          child attempt failed (syntax error: unexpected character after line continuation character (<unknown>, line 1)) — retrying with feedback
15:50:58  INFO     httpx                   HTTP Request: POST https://api.openai.com/v1/chat/completions "HTTP/1.1 200 OK"
15:51:00  INFO     httpx                   HTTP Request: POST https://api.openai.com/v1/chat/completions "HTTP/1.1 200 OK"
15:51:18  INFO     httpx                   HTTP Request: POST https://api.openai.com/v1/chat/completions "HTTP/1.1 200 OK"
15:51:18  INFO     evolution.loop          child failed twice (syntax error: unexpected character after line continuation character (<unknown>, line 1)) — dropped
15:51:21  INFO     httpx                   HTTP Request: POST https://api.openai.com/v1/chat/completions "HTTP/1.1 200 OK"
15:51:21  INFO     evolution.loop          child failed twice (syntax error: unexpected character after line continuation character (<unknown>, line 1)) — dropped
15:51:21  INFO     httpx                   HTTP Request: POST https://api.openai.com/v1/chat/completions "HTTP/1.1 200 OK"
15:51:21  INFO     evolution.loop          child attempt failed (Unterminated string starting at: line 12 column 11 (char 1289)) — retrying with feedback
15:51:22  INFO     httpx                   HTTP Request: POST https://api.openai.com/v1/chat/completions "HTTP/1.1 200 OK"
15:51:22  INFO     evolution.loop          child attempt failed (Unterminated string starting at: line 12 column 11 (char 1378)) — retrying with feedback
15:51:25  INFO     httpx                   HTTP Request: POST https://api.openai.com/v1/chat/completions "HTTP/1.1 200 OK"
15:51:28  INFO     httpx                   HTTP Request: POST https://api.openai.com/v1/chat/completions "HTTP/1.1 200 OK"
15:51:29  INFO     httpx                   HTTP Request: POST https://api.openai.com/v1/chat/completions "HTTP/1.1 200 OK"
15:51:29  INFO     evolution.loop          child attempt failed (Unterminated string starting at: line 12 column 11 (char 1413)) — retrying with feedback
15:51:37  INFO     httpx                   HTTP Request: POST https://api.openai.com/v1/chat/completions "HTTP/1.1 200 OK"
15:51:45  INFO     httpx                   HTTP Request: POST https://api.openai.com/v1/chat/completions "HTTP/1.1 200 OK"
15:51:47  INFO     httpx                   HTTP Request: POST https://api.openai.com/v1/chat/completions "HTTP/1.1 200 OK"
15:51:47  INFO     evolution.loop          child attempt failed (syntax error: unexpected character after line continuation character (<unknown>, line 1)) — retrying with feedback
15:51:58  INFO     httpx                   HTTP Request: POST https://api.openai.com/v1/chat/completions "HTTP/1.1 200 OK"
15:51:58  INFO     evolution.loop          child failed twice (syntax error: unexpected character after line continuation character (<unknown>, line 1)) — dropped
15:52:02  INFO     httpx                   HTTP Request: POST https://api.openai.com/v1/chat/completions "HTTP/1.1 200 OK"
15:52:03  INFO     httpx                   HTTP Request: POST https://api.openai.com/v1/chat/completions "HTTP/1.1 200 OK"
15:52:05  INFO     httpx                   HTTP Request: POST https://api.openai.com/v1/chat/completions "HTTP/1.1 200 OK"
15:52:05  INFO     evolution.loop          child attempt failed (syntax error: unexpected character after line continuation character (<unknown>, line 1)) — retrying with feedback
15:52:05  INFO     httpx                   HTTP Request: POST https://api.openai.com/v1/chat/completions "HTTP/1.1 200 OK"
15:52:12  INFO     httpx                   HTTP Request: POST https://api.openai.com/v1/chat/completions "HTTP/1.1 200 OK"
15:52:12  INFO     evolution.loop          child failed twice (syntax error: unexpected character after line continuation character (<unknown>, line 1)) — dropped
15:52:24  INFO     httpx                   HTTP Request: POST https://api.openai.com/v1/chat/completions "HTTP/1.1 200 OK"
15:52:24  INFO     httpx                   HTTP Request: POST https://api.openai.com/v1/chat/completions "HTTP/1.1 200 OK"
15:52:24  INFO     evolution.loop          child attempt failed (Unterminated string starting at: line 12 column 11 (char 1320)) — retrying with feedback
15:52:25  INFO     httpx                   HTTP Request: POST https://api.openai.com/v1/chat/completions "HTTP/1.1 200 OK"
15:52:27  INFO     httpx                   HTTP Request: POST https://api.openai.com/v1/chat/completions "HTTP/1.1 200 OK"
15:52:29  INFO     httpx                   HTTP Request: POST https://api.openai.com/v1/chat/completions "HTTP/1.1 200 OK"
15:52:41  INFO     httpx                   HTTP Request: POST https://api.openai.com/v1/chat/completions "HTTP/1.1 200 OK"
15:52:41  INFO     evolution.loop          child attempt failed (syntax error: unexpected character after line continuation character (<unknown>, line 1)) — retrying with feedback
15:52:50  INFO     httpx                   HTTP Request: POST https://api.openai.com/v1/chat/completions "HTTP/1.1 200 OK"
15:52:53  INFO     httpx                   HTTP Request: POST https://api.openai.com/v1/chat/completions "HTTP/1.1 200 OK"
15:52:53  INFO     evolution.loop          child attempt failed (Unterminated string starting at: line 12 column 11 (char 1214)) — retrying with feedback
15:52:56  INFO     httpx                   HTTP Request: POST https://api.openai.com/v1/chat/completions "HTTP/1.1 200 OK"
15:52:57  INFO     httpx                   HTTP Request: POST https://api.openai.com/v1/chat/completions "HTTP/1.1 200 OK"
15:52:57  INFO     evolution.loop          child attempt failed (syntax error: unexpected character after line continuation character (<unknown>, line 1)) — retrying with feedback
15:52:59  INFO     httpx                   HTTP Request: POST https://api.openai.com/v1/chat/completions "HTTP/1.1 200 OK"
15:52:59  INFO     httpx                   HTTP Request: POST https://api.openai.com/v1/chat/completions "HTTP/1.1 200 OK"
15:52:59  INFO     evolution.loop          child failed twice (syntax error: unexpected character after line continuation character (<unknown>, line 1)) — dropped
15:53:08  INFO     httpx                   HTTP Request: POST https://api.openai.com/v1/chat/completions "HTTP/1.1 200 OK"
15:53:21  INFO     httpx                   HTTP Request: POST https://api.openai.com/v1/chat/completions "HTTP/1.1 200 OK"
15:53:31  INFO     httpx                   HTTP Request: POST https://api.openai.com/v1/chat/completions "HTTP/1.1 200 OK"
/Users/lucawurker/Desktop/Imperial/Master Thesis/QuantFundAgent/venv/lib/python3.13/site-packages/sklearn/utils/validation.py:2691: UserWarning: X does not have valid feature names, but LGBMRegressor was fitted with feature names
  warnings.warn(
/Users/lucawurker/Desktop/Imperial/Master Thesis/QuantFundAgent/venv/lib/python3.13/site-packages/sklearn/utils/validation.py:2691: UserWarning: X does not have valid feature names, but LGBMRegressor was fitted with feature names
  warnings.warn(
15:53:37  WARNING  research.service        [evaluate_fitness] jitter probe funded_revision_peer_schedule_latency_q_jit0 failed (min_periods 3 must be <= window 2) — skipped
/Users/lucawurker/Desktop/Imperial/Master Thesis/QuantFundAgent/venv/lib/python3.13/site-packages/sklearn/utils/validation.py:2691: UserWarning: X does not have valid feature names, but LGBMRegressor was fitted with feature names
  warnings.warn(
/Users/lucawurker/Desktop/Imperial/Master Thesis/QuantFundAgent/venv/lib/python3.13/site-packages/sklearn/utils/validation.py:2691: UserWarning: X does not have valid feature names, but LGBMRegressor was fitted with feature names
  warnings.warn(
/Users/lucawurker/Desktop/Imperial/Master Thesis/QuantFundAgent/venv/lib/python3.13/site-packages/sklearn/utils/validation.py:2691: UserWarning: X does not have valid feature names, but LGBMRegressor was fitted with feature names
  warnings.warn(
/Users/lucawurker/Desktop/Imperial/Master Thesis/QuantFundAgent/venv/lib/python3.13/site-packages/sklearn/utils/validation.py:2691: UserWarning: X does not have valid feature names, but LGBMRegressor was fitted with feature names
  warnings.warn(
/Users/lucawurker/Desktop/Imperial/Master Thesis/QuantFundAgent/venv/lib/python3.13/site-packages/sklearn/utils/validation.py:2691: UserWarning: X does not have valid feature names, but LGBMRegressor was fitted with feature names
  warnings.warn(
15:53:45  INFO     evolution.loop          [sector_tradecredit_duration_stress_shortfall_j] evaluation failed: candidate signal failed: min_periods 3 must be <= window 2
15:53:45  WARNING  research.service        [evaluate_fitness] jitter probe distributed_lag_revision_drought_phase_gap_jit0 failed (min_periods 3 must be <= window 2) — skipped
/Users/lucawurker/Desktop/Imperial/Master Thesis/QuantFundAgent/venv/lib/python3.13/site-packages/sklearn/utils/validation.py:2691: UserWarning: X does not have valid feature names, but LGBMRegressor was fitted with feature names
  warnings.warn(
<factor:industry_eigenclock_transfer_residual>:37: RuntimeWarning: divide by zero encountered in divide
<factor:industry_eigenclock_transfer_residual>:37: RuntimeWarning: invalid value encountered in divide
<factor:industry_eigenclock_transfer_residual_jit0>:23: RuntimeWarning: divide by zero encountered in divide
<factor:industry_eigenclock_transfer_residual_jit0>:23: RuntimeWarning: invalid value encountered in divide
<factor:industry_eigenclock_transfer_residual_jit1>:23: RuntimeWarning: divide by zero encountered in divide
<factor:industry_eigenclock_transfer_residual_jit1>:23: RuntimeWarning: invalid value encountered in divide
/Users/lucawurker/Desktop/Imperial/Master Thesis/QuantFundAgent/venv/lib/python3.13/site-packages/sklearn/utils/validation.py:2691: UserWarning: X does not have valid feature names, but LGBMRegressor was fitted with feature names
  warnings.warn(
/Users/lucawurker/Desktop/Imperial/Master Thesis/QuantFundAgent/venv/lib/python3.13/site-packages/pandas/core/internals/blocks.py:347: RuntimeWarning: divide by zero encountered in log
  result = func(self.values, **kwargs)
/Users/lucawurker/Desktop/Imperial/Master Thesis/QuantFundAgent/venv/lib/python3.13/site-packages/pandas/core/internals/blocks.py:347: RuntimeWarning: divide by zero encountered in log
  result = func(self.values, **kwargs)
/Users/lucawurker/Desktop/Imperial/Master Thesis/QuantFundAgent/venv/lib/python3.13/site-packages/pandas/core/internals/blocks.py:347: RuntimeWarning: divide by zero encountered in log
  result = func(self.values, **kwargs)
/Users/lucawurker/Desktop/Imperial/Master Thesis/QuantFundAgent/venv/lib/python3.13/site-packages/sklearn/utils/validation.py:2691: UserWarning: X does not have valid feature names, but LGBMRegressor was fitted with feature names
  warnings.warn(
/Users/lucawurker/Desktop/Imperial/Master Thesis/QuantFundAgent/venv/lib/python3.13/site-packages/sklearn/utils/validation.py:2691: UserWarning: X does not have valid feature names, but LGBMRegressor was fitted with feature names
  warnings.warn(
/Users/lucawurker/Desktop/Imperial/Master Thesis/QuantFundAgent/venv/lib/python3.13/site-packages/sklearn/utils/validation.py:2691: UserWarning: X does not have valid feature names, but LGBMRegressor was fitted with feature names
  warnings.warn(
/Users/lucawurker/Desktop/Imperial/Master Thesis/QuantFundAgent/venv/lib/python3.13/site-packages/sklearn/utils/validation.py:2691: UserWarning: X does not have valid feature names, but LGBMRegressor was fitted with feature names
  warnings.warn(
15:54:00  WARNING  research.service        [evaluate_fitness] jitter probe revision_cluster_compensator_assimilation_jit0 failed (min_periods 3 must be <= window 2) — skipped
/Users/lucawurker/Desktop/Imperial/Master Thesis/QuantFundAgent/venv/lib/python3.13/site-packages/sklearn/utils/validation.py:2691: UserWarning: X does not have valid feature names, but LGBMRegressor was fitted with feature names
  warnings.warn(
/Users/lucawurker/Desktop/Imperial/Master Thesis/QuantFundAgent/venv/lib/python3.13/site-packages/sklearn/utils/validation.py:2691: UserWarning: X does not have valid feature names, but LGBMRegressor was fitted with feature names
  warnings.warn(
/Users/lucawurker/Desktop/Imperial/Master Thesis/QuantFundAgent/venv/lib/python3.13/site-packages/sklearn/utils/validation.py:2691: UserWarning: X does not have valid feature names, but LGBMRegressor was fitted with feature names
  warnings.warn(
/Users/lucawurker/Desktop/Imperial/Master Thesis/QuantFundAgent/venv/lib/python3.13/site-packages/sklearn/utils/validation.py:2691: UserWarning: X does not have valid feature names, but LGBMRegressor was fitted with feature names
  warnings.warn(
/Users/lucawurker/Desktop/Imperial/Master Thesis/QuantFundAgent/venv/lib/python3.13/site-packages/sklearn/utils/validation.py:2691: UserWarning: X does not have valid feature names, but LGBMRegressor was fitted with feature names
  warnings.warn(
/Users/lucawurker/Desktop/Imperial/Master Thesis/QuantFundAgent/venv/lib/python3.13/site-packages/sklearn/utils/validation.py:2691: UserWarning: X does not have valid feature names, but LGBMRegressor was fitted with feature names
  warnings.warn(
/Users/lucawurker/Desktop/Imperial/Master Thesis/QuantFundAgent/venv/lib/python3.13/site-packages/sklearn/utils/validation.py:2691: UserWarning: X does not have valid feature names, but LGBMRegressor was fitted with feature names
  warnings.warn(
/Users/lucawurker/Desktop/Imperial/Master Thesis/QuantFundAgent/venv/lib/python3.13/site-packages/sklearn/utils/validation.py:2691: UserWarning: X does not have valid feature names, but LGBMRegressor was fitted with feature names
  warnings.warn(
15:54:15  INFO     evolution.loop          [cash_quality_revision_underreaction] evaluation failed: candidate signal failed: operands could not be broadcast together with shapes (180,) (164,) 
/Users/lucawurker/Desktop/Imperial/Master Thesis/QuantFundAgent/venv/lib/python3.13/site-packages/sklearn/utils/validation.py:2691: UserWarning: X does not have valid feature names, but LGBMRegressor was fitted with feature names
  warnings.warn(
/Users/lucawurker/Desktop/Imperial/Master Thesis/QuantFundAgent/venv/lib/python3.13/site-packages/sklearn/utils/validation.py:2691: UserWarning: X does not have valid feature names, but LGBMRegressor was fitted with feature names
  warnings.warn(
15:54:20  WARNING  research.service        [evaluate_fitness] jitter probe downside_beta_liquidity_buffer_derisking_jit0 failed (min_periods 3 must be <= window 2) — skipped
/Users/lucawurker/Desktop/Imperial/Master Thesis/QuantFundAgent/venv/lib/python3.13/site-packages/sklearn/utils/validation.py:2691: UserWarning: X does not have valid feature names, but LGBMRegressor was fitted with feature names
  warnings.warn(
/Users/lucawurker/Desktop/Imperial/Master Thesis/QuantFundAgent/venv/lib/python3.13/site-packages/sklearn/utils/validation.py:2691: UserWarning: X does not have valid feature names, but LGBMRegressor was fitted with feature names
  warnings.warn(
/Users/lucawurker/Desktop/Imperial/Master Thesis/QuantFundAgent/venv/lib/python3.13/site-packages/sklearn/utils/validation.py:2691: UserWarning: X does not have valid feature names, but LGBMRegressor was fitted with feature names
  warnings.warn(
/Users/lucawurker/Desktop/Imperial/Master Thesis/QuantFundAgent/venv/lib/python3.13/site-packages/sklearn/utils/validation.py:2691: UserWarning: X does not have valid feature names, but LGBMRegressor was fitted with feature names
  warnings.warn(
/Users/lucawurker/Desktop/Imperial/Master Thesis/QuantFundAgent/venv/lib/python3.13/site-packages/sklearn/utils/validation.py:2691: UserWarning: X does not have valid feature names, but LGBMRegressor was fitted with feature names
  warnings.warn(
15:54:29  WARNING  research.service        [evaluate_fitness] jitter probe peer_shock_scheduled_sell_conversion_jit0 failed (min_periods 30 must be <= window 27) — skipped
/Users/lucawurker/Desktop/Imperial/Master Thesis/QuantFundAgent/venv/lib/python3.13/site-packages/sklearn/utils/validation.py:2691: UserWarning: X does not have valid feature names, but LGBMRegressor was fitted with feature names
  warnings.warn(
15:54:30  INFO     evolution.loop          [periodic_clv_participation_impact_shortfall_j_j__1] duplicate genome — skipped (not billed)
/Users/lucawurker/Desktop/Imperial/Master Thesis/QuantFundAgent/venv/lib/python3.13/site-packages/sklearn/utils/validation.py:2691: UserWarning: X does not have valid feature names, but LGBMRegressor was fitted with feature names
  warnings.warn(
/Users/lucawurker/Desktop/Imperial/Master Thesis/QuantFundAgent/venv/lib/python3.13/site-packages/sklearn/utils/validation.py:2691: UserWarning: X does not have valid feature names, but LGBMRegressor was fitted with feature names
  warnings.warn(
/Users/lucawurker/Desktop/Imperial/Master Thesis/QuantFundAgent/venv/lib/python3.13/site-packages/sklearn/utils/validation.py:2691: UserWarning: X does not have valid feature names, but LGBMRegressor was fitted with feature names
  warnings.warn(
/Users/lucawurker/Desktop/Imperial/Master Thesis/QuantFundAgent/venv/lib/python3.13/site-packages/sklearn/utils/validation.py:2691: UserWarning: X does not have valid feature names, but LGBMRegressor was fitted with feature names
  warnings.warn(
/Users/lucawurker/Desktop/Imperial/Master Thesis/QuantFundAgent/venv/lib/python3.13/site-packages/sklearn/utils/validation.py:2691: UserWarning: X does not have valid feature names, but LGBMRegressor was fitted with feature names
  warnings.warn(
/Users/lucawurker/Desktop/Imperial/Master Thesis/QuantFundAgent/venv/lib/python3.13/site-packages/sklearn/utils/validation.py:2691: UserWarning: X does not have valid feature names, but LGBMRegressor was fitted with feature names
  warnings.warn(
/Users/lucawurker/Desktop/Imperial/Master Thesis/QuantFundAgent/venv/lib/python3.13/site-packages/sklearn/utils/validation.py:2691: UserWarning: X does not have valid feature names, but LGBMRegressor was fitted with feature names
  warnings.warn(
/Users/lucawurker/Desktop/Imperial/Master Thesis/QuantFundAgent/venv/lib/python3.13/site-packages/sklearn/utils/validation.py:2691: UserWarning: X does not have valid feature names, but LGBMRegressor was fitted with feature names
  warnings.warn(
/Users/lucawurker/Desktop/Imperial/Master Thesis/QuantFundAgent/venv/lib/python3.13/site-packages/sklearn/utils/validation.py:2691: UserWarning: X does not have valid feature names, but LGBMRegressor was fitted with feature names
  warnings.warn(
15:54:59  WARNING  research.service        [evaluate_fitness] jitter probe roll_spread_relaxation_shock_recovery_jit0 failed (min_periods 5 must be <= window 4) — skipped
/Users/lucawurker/Desktop/Imperial/Master Thesis/QuantFundAgent/venv/lib/python3.13/site-packages/sklearn/utils/validation.py:2691: UserWarning: X does not have valid feature names, but LGBMRegressor was fitted with feature names
  warnings.warn(
15:55:01  INFO     evolution.loop          generation 12: migrated 3 elite(s)
15:55:01  INFO     evolution.loop          generation 12: 38/48 children admitted; archive=8; n_trials=537
15:55:25  INFO     httpx                   HTTP Request: POST https://api.openai.com/v1/chat/completions "HTTP/1.1 200 OK"
15:55:25  INFO     evolution.loop          child attempt failed (syntax error: unexpected character after line continuation character (<unknown>, line 1)) — retrying with feedback
15:55:32  INFO     httpx                   HTTP Request: POST https://api.openai.com/v1/chat/completions "HTTP/1.1 200 OK"
15:55:32  INFO     evolution.loop          child attempt failed (syntax error: unexpected character after line continuation character (<unknown>, line 1)) — retrying with feedback
15:55:33  INFO     httpx                   HTTP Request: POST https://api.openai.com/v1/chat/completions "HTTP/1.1 200 OK"
15:55:40  INFO     httpx                   HTTP Request: POST https://api.openai.com/v1/chat/completions "HTTP/1.1 200 OK"
15:55:42  INFO     httpx                   HTTP Request: POST https://api.openai.com/v1/chat/completions "HTTP/1.1 200 OK"
15:55:46  INFO     httpx                   HTTP Request: POST https://api.openai.com/v1/chat/completions "HTTP/1.1 200 OK"
15:55:46  INFO     evolution.loop          child attempt failed (syntax error: unexpected character after line continuation character (<unknown>, line 1)) — retrying with feedback
15:55:47  INFO     httpx                   HTTP Request: POST https://api.openai.com/v1/chat/completions "HTTP/1.1 200 OK"
15:55:49  INFO     httpx                   HTTP Request: POST https://api.openai.com/v1/chat/completions "HTTP/1.1 200 OK"
15:55:52  INFO     httpx                   HTTP Request: POST https://api.openai.com/v1/chat/completions "HTTP/1.1 200 OK"
15:56:10  INFO     httpx                   HTTP Request: POST https://api.openai.com/v1/chat/completions "HTTP/1.1 200 OK"
15:56:12  INFO     httpx                   HTTP Request: POST https://api.openai.com/v1/chat/completions "HTTP/1.1 200 OK"
15:56:14  INFO     httpx                   HTTP Request: POST https://api.openai.com/v1/chat/completions "HTTP/1.1 200 OK"
15:56:21  INFO     httpx                   HTTP Request: POST https://api.openai.com/v1/chat/completions "HTTP/1.1 200 OK"
15:56:24  INFO     httpx                   HTTP Request: POST https://api.openai.com/v1/chat/completions "HTTP/1.1 200 OK"
15:56:29  INFO     httpx                   HTTP Request: POST https://api.openai.com/v1/chat/completions "HTTP/1.1 200 OK"
15:56:36  INFO     httpx                   HTTP Request: POST https://api.openai.com/v1/chat/completions "HTTP/1.1 200 OK"
15:56:50  INFO     httpx                   HTTP Request: POST https://api.openai.com/v1/chat/completions "HTTP/1.1 200 OK"
/Users/lucawurker/Desktop/Imperial/Master Thesis/QuantFundAgent/venv/lib/python3.13/site-packages/pandas/core/internals/blocks.py:347: RuntimeWarning: divide by zero encountered in log
  result = func(self.values, **kwargs)
15:56:54  INFO     httpx                   HTTP Request: POST https://api.openai.com/v1/chat/completions "HTTP/1.1 200 OK"
15:56:54  INFO     evolution.loop          child attempt failed (syntax error: unexpected character after line continuation character (<unknown>, line 1)) — retrying with feedback
15:56:58  INFO     httpx                   HTTP Request: POST https://api.openai.com/v1/chat/completions "HTTP/1.1 200 OK"
15:56:58  INFO     evolution.loop          child attempt failed (calc() raised on synthetic data: '_NoDefault' object is not subscriptable) — retrying with feedback
15:56:59  INFO     httpx                   HTTP Request: POST https://api.openai.com/v1/chat/completions "HTTP/1.1 200 OK"
15:56:59  INFO     evolution.loop          child attempt failed (syntax error: unexpected character after line continuation character (<unknown>, line 1)) — retrying with feedback
15:57:11  INFO     httpx                   HTTP Request: POST https://api.openai.com/v1/chat/completions "HTTP/1.1 200 OK"
15:57:11  INFO     evolution.loop          child attempt failed (Unterminated string starting at: line 12 column 11 (char 1459)) — retrying with feedback
15:57:13  INFO     httpx                   HTTP Request: POST https://api.openai.com/v1/chat/completions "HTTP/1.1 200 OK"
15:57:13  INFO     evolution.loop          child attempt failed (syntax error: unexpected character after line continuation character (<unknown>, line 1)) — retrying with feedback
15:57:17  INFO     httpx                   HTTP Request: POST https://api.openai.com/v1/chat/completions "HTTP/1.1 200 OK"
15:57:24  INFO     httpx                   HTTP Request: POST https://api.openai.com/v1/chat/completions "HTTP/1.1 200 OK"
15:57:24  INFO     evolution.loop          child failed twice (unexpected character after line continuation character (<unknown>, line 1)) — dropped
15:57:27  INFO     httpx                   HTTP Request: POST https://api.openai.com/v1/chat/completions "HTTP/1.1 200 OK"
15:57:27  INFO     evolution.loop          child attempt failed (syntax error: unexpected character after line continuation character (<unknown>, line 1)) — retrying with feedback
15:57:30  INFO     httpx                   HTTP Request: POST https://api.openai.com/v1/chat/completions "HTTP/1.1 200 OK"
15:57:31  INFO     httpx                   HTTP Request: POST https://api.openai.com/v1/chat/completions "HTTP/1.1 200 OK"
15:57:32  INFO     httpx                   HTTP Request: POST https://api.openai.com/v1/chat/completions "HTTP/1.1 200 OK"
/Users/lucawurker/Desktop/Imperial/Master Thesis/QuantFundAgent/venv/lib/python3.13/site-packages/pandas/core/internals/blocks.py:347: RuntimeWarning: divide by zero encountered in log
  result = func(self.values, **kwargs)
15:57:37  INFO     httpx                   HTTP Request: POST https://api.openai.com/v1/chat/completions "HTTP/1.1 200 OK"
15:57:48  INFO     httpx                   HTTP Request: POST https://api.openai.com/v1/chat/completions "HTTP/1.1 200 OK"
15:57:48  INFO     evolution.loop          child failed twice (syntax error: unexpected character after line continuation character (<unknown>, line 1)) — dropped
15:57:49  INFO     httpx                   HTTP Request: POST https://api.openai.com/v1/chat/completions "HTTP/1.1 200 OK"
15:57:58  INFO     httpx                   HTTP Request: POST https://api.openai.com/v1/chat/completions "HTTP/1.1 200 OK"
15:58:01  INFO     httpx                   HTTP Request: POST https://api.openai.com/v1/chat/completions "HTTP/1.1 200 OK"
15:58:07  INFO     httpx                   HTTP Request: POST https://api.openai.com/v1/chat/completions "HTTP/1.1 200 OK"
15:58:07  INFO     httpx                   HTTP Request: POST https://api.openai.com/v1/chat/completions "HTTP/1.1 200 OK"
15:58:15  INFO     httpx                   HTTP Request: POST https://api.openai.com/v1/chat/completions "HTTP/1.1 200 OK"
15:58:15  INFO     evolution.loop          child attempt failed (syntax error: unexpected character after line continuation character (<unknown>, line 1)) — retrying with feedback
15:58:16  INFO     httpx                   HTTP Request: POST https://api.openai.com/v1/chat/completions "HTTP/1.1 200 OK"
15:58:29  INFO     httpx                   HTTP Request: POST https://api.openai.com/v1/chat/completions "HTTP/1.1 200 OK"
15:58:29  INFO     evolution.loop          child attempt failed (Unterminated string starting at: line 12 column 11 (char 1449)) — retrying with feedback
15:58:29  INFO     httpx                   HTTP Request: POST https://api.openai.com/v1/chat/completions "HTTP/1.1 200 OK"
15:58:29  INFO     evolution.loop          child attempt failed (syntax error: unexpected character after line continuation character (<unknown>, line 1)) — retrying with feedback
15:58:34  INFO     httpx                   HTTP Request: POST https://api.openai.com/v1/chat/completions "HTTP/1.1 200 OK"
15:58:42  INFO     httpx                   HTTP Request: POST https://api.openai.com/v1/chat/completions "HTTP/1.1 200 OK"
15:58:43  INFO     httpx                   HTTP Request: POST https://api.openai.com/v1/chat/completions "HTTP/1.1 200 OK"
15:58:46  INFO     httpx                   HTTP Request: POST https://api.openai.com/v1/chat/completions "HTTP/1.1 200 OK"
15:58:47  INFO     evolution.loop          child attempt failed (syntax error: unexpected character after line continuation character (<unknown>, line 1)) — retrying with feedback
15:58:49  INFO     httpx                   HTTP Request: POST https://api.openai.com/v1/chat/completions "HTTP/1.1 200 OK"
15:58:49  INFO     evolution.loop          child attempt failed (syntax error: unexpected character after line continuation character (<unknown>, line 1)) — retrying with feedback
15:58:53  INFO     httpx                   HTTP Request: POST https://api.openai.com/v1/chat/completions "HTTP/1.1 200 OK"
15:58:54  INFO     httpx                   HTTP Request: POST https://api.openai.com/v1/chat/completions "HTTP/1.1 200 OK"
15:59:04  INFO     httpx                   HTTP Request: POST https://api.openai.com/v1/chat/completions "HTTP/1.1 200 OK"
15:59:04  INFO     evolution.loop          child failed twice (syntax error: unexpected character after line continuation character (<unknown>, line 1)) — dropped
15:59:13  INFO     httpx                   HTTP Request: POST https://api.openai.com/v1/chat/completions "HTTP/1.1 200 OK"
15:59:15  INFO     httpx                   HTTP Request: POST https://api.openai.com/v1/chat/completions "HTTP/1.1 200 OK"
15:59:17  INFO     httpx                   HTTP Request: POST https://api.openai.com/v1/chat/completions "HTTP/1.1 200 OK"
15:59:18  INFO     httpx                   HTTP Request: POST https://api.openai.com/v1/chat/completions "HTTP/1.1 200 OK"
15:59:24  INFO     httpx                   HTTP Request: POST https://api.openai.com/v1/chat/completions "HTTP/1.1 200 OK"
15:59:25  INFO     httpx                   HTTP Request: POST https://api.openai.com/v1/chat/completions "HTTP/1.1 200 OK"
15:59:30  INFO     httpx                   HTTP Request: POST https://api.openai.com/v1/chat/completions "HTTP/1.1 200 OK"
15:59:37  INFO     httpx                   HTTP Request: POST https://api.openai.com/v1/chat/completions "HTTP/1.1 200 OK"
15:59:37  INFO     evolution.loop          child attempt failed (syntax error: unexpected character after line continuation character (<unknown>, line 1)) — retrying with feedback
15:59:41  INFO     httpx                   HTTP Request: POST https://api.openai.com/v1/chat/completions "HTTP/1.1 200 OK"
15:59:50  INFO     httpx                   HTTP Request: POST https://api.openai.com/v1/chat/completions "HTTP/1.1 200 OK"
15:59:53  INFO     httpx                   HTTP Request: POST https://api.openai.com/v1/chat/completions "HTTP/1.1 200 OK"
15:59:54  INFO     evolution.loop          child attempt failed (Unterminated string starting at: line 12 column 11 (char 1402)) — retrying with feedback
15:59:56  INFO     httpx                   HTTP Request: POST https://api.openai.com/v1/chat/completions "HTTP/1.1 200 OK"
15:59:56  INFO     evolution.loop          child failed twice (syntax error: unexpected character after line continuation character (<unknown>, line 1)) — dropped
16:00:23  INFO     httpx                   HTTP Request: POST https://api.openai.com/v1/chat/completions "HTTP/1.1 200 OK"
16:00:23  INFO     evolution.loop          child failed twice (syntax error: unexpected character after line continuation character (<unknown>, line 1)) — dropped
/Users/lucawurker/Desktop/Imperial/Master Thesis/QuantFundAgent/venv/lib/python3.13/site-packages/sklearn/utils/validation.py:2691: UserWarning: X does not have valid feature names, but LGBMRegressor was fitted with feature names
  warnings.warn(
/Users/lucawurker/Desktop/Imperial/Master Thesis/QuantFundAgent/venv/lib/python3.13/site-packages/sklearn/utils/validation.py:2691: UserWarning: X does not have valid feature names, but LGBMRegressor was fitted with feature names
  warnings.warn(
/Users/lucawurker/Desktop/Imperial/Master Thesis/QuantFundAgent/venv/lib/python3.13/site-packages/sklearn/utils/validation.py:2691: UserWarning: X does not have valid feature names, but LGBMRegressor was fitted with feature names
  warnings.warn(
/Users/lucawurker/Desktop/Imperial/Master Thesis/QuantFundAgent/venv/lib/python3.13/site-packages/sklearn/utils/validation.py:2691: UserWarning: X does not have valid feature names, but LGBMRegressor was fitted with feature names
  warnings.warn(
/Users/lucawurker/Desktop/Imperial/Master Thesis/QuantFundAgent/venv/lib/python3.13/site-packages/sklearn/utils/validation.py:2691: UserWarning: X does not have valid feature names, but LGBMRegressor was fitted with feature names
  warnings.warn(
/Users/lucawurker/Desktop/Imperial/Master Thesis/QuantFundAgent/venv/lib/python3.13/site-packages/sklearn/utils/validation.py:2691: UserWarning: X does not have valid feature names, but LGBMRegressor was fitted with feature names
  warnings.warn(
/Users/lucawurker/Desktop/Imperial/Master Thesis/QuantFundAgent/venv/lib/python3.13/site-packages/sklearn/utils/validation.py:2691: UserWarning: X does not have valid feature names, but LGBMRegressor was fitted with feature names
  warnings.warn(
/Users/lucawurker/Desktop/Imperial/Master Thesis/QuantFundAgent/venv/lib/python3.13/site-packages/sklearn/utils/validation.py:2691: UserWarning: X does not have valid feature names, but LGBMRegressor was fitted with feature names
  warnings.warn(
16:00:37  WARNING  research.service        [evaluate_fitness] jitter probe correlation_acceleration_voltarget_overhang_jit0 failed (min_periods 60 must be <= window 54) — skipped
/Users/lucawurker/Desktop/Imperial/Master Thesis/QuantFundAgent/venv/lib/python3.13/site-packages/sklearn/utils/validation.py:2691: UserWarning: X does not have valid feature names, but LGBMRegressor was fitted with feature names
  warnings.warn(
/Users/lucawurker/Desktop/Imperial/Master Thesis/QuantFundAgent/venv/lib/python3.13/site-packages/sklearn/utils/validation.py:2691: UserWarning: X does not have valid feature names, but LGBMRegressor was fitted with feature names
  warnings.warn(
16:00:41  WARNING  research.service        [evaluate_fitness] jitter probe samuelson_coherence_liquidity_transmission_gap_jit0 failed (min_periods 3 must be <= window 2) — skipped
/Users/lucawurker/Desktop/Imperial/Master Thesis/QuantFundAgent/venv/lib/python3.13/site-packages/sklearn/utils/validation.py:2691: UserWarning: X does not have valid feature names, but LGBMRegressor was fitted with feature names
  warnings.warn(
16:00:42  INFO     evolution.loop          [leader_confirmed_revision_phase_debt] evaluation failed: candidate signal failed: Length of values (181) does not match length of index (180)
/Users/lucawurker/Desktop/Imperial/Master Thesis/QuantFundAgent/venv/lib/python3.13/site-packages/sklearn/utils/validation.py:2691: UserWarning: X does not have valid feature names, but LGBMRegressor was fitted with feature names
  warnings.warn(
/Users/lucawurker/Desktop/Imperial/Master Thesis/QuantFundAgent/venv/lib/python3.13/site-packages/numpy/lib/_nanfunctions_impl.py:1997: RuntimeWarning: Degrees of freedom <= 0 for slice.
  var = nanvar(a, axis=axis, dtype=dtype, out=out, ddof=ddof,
/Users/lucawurker/Desktop/Imperial/Master Thesis/QuantFundAgent/venv/lib/python3.13/site-packages/numpy/lib/_nanfunctions_impl.py:1997: RuntimeWarning: Degrees of freedom <= 0 for slice.
  var = nanvar(a, axis=axis, dtype=dtype, out=out, ddof=ddof,
/Users/lucawurker/Desktop/Imperial/Master Thesis/QuantFundAgent/venv/lib/python3.13/site-packages/numpy/lib/_nanfunctions_impl.py:1997: RuntimeWarning: Degrees of freedom <= 0 for slice.
  var = nanvar(a, axis=axis, dtype=dtype, out=out, ddof=ddof,
/Users/lucawurker/Desktop/Imperial/Master Thesis/QuantFundAgent/venv/lib/python3.13/site-packages/sklearn/utils/validation.py:2691: UserWarning: X does not have valid feature names, but LGBMRegressor was fitted with feature names
  warnings.warn(
16:00:48  INFO     evolution.loop          [clustered_peer_catalyst_reaction_deficit] evaluation failed: candidate signal failed: Length of values (181) does not match length of index (180)
/Users/lucawurker/Desktop/Imperial/Master Thesis/QuantFundAgent/venv/lib/python3.13/site-packages/pandas/core/internals/blocks.py:347: RuntimeWarning: divide by zero encountered in log
  result = func(self.values, **kwargs)
/Users/lucawurker/Desktop/Imperial/Master Thesis/QuantFundAgent/venv/lib/python3.13/site-packages/pandas/core/internals/blocks.py:347: RuntimeWarning: divide by zero encountered in log
  result = func(self.values, **kwargs)
/Users/lucawurker/Desktop/Imperial/Master Thesis/QuantFundAgent/venv/lib/python3.13/site-packages/pandas/core/internals/blocks.py:347: RuntimeWarning: divide by zero encountered in log
  result = func(self.values, **kwargs)
/Users/lucawurker/Desktop/Imperial/Master Thesis/QuantFundAgent/venv/lib/python3.13/site-packages/sklearn/utils/validation.py:2691: UserWarning: X does not have valid feature names, but LGBMRegressor was fitted with feature names
  warnings.warn(
/Users/lucawurker/Desktop/Imperial/Master Thesis/QuantFundAgent/venv/lib/python3.13/site-packages/pandas/core/internals/blocks.py:347: RuntimeWarning: divide by zero encountered in log
  result = func(self.values, **kwargs)
/Users/lucawurker/Desktop/Imperial/Master Thesis/QuantFundAgent/venv/lib/python3.13/site-packages/pandas/core/internals/blocks.py:347: RuntimeWarning: divide by zero encountered in log
  result = func(self.values, **kwargs)
/Users/lucawurker/Desktop/Imperial/Master Thesis/QuantFundAgent/venv/lib/python3.13/site-packages/pandas/core/internals/blocks.py:347: RuntimeWarning: divide by zero encountered in log
  result = func(self.values, **kwargs)
/Users/lucawurker/Desktop/Imperial/Master Thesis/QuantFundAgent/venv/lib/python3.13/site-packages/sklearn/utils/validation.py:2691: UserWarning: X does not have valid feature names, but LGBMRegressor was fitted with feature names
  warnings.warn(
/Users/lucawurker/Desktop/Imperial/Master Thesis/QuantFundAgent/venv/lib/python3.13/site-packages/sklearn/utils/validation.py:2691: UserWarning: X does not have valid feature names, but LGBMRegressor was fitted with feature names
  warnings.warn(
/Users/lucawurker/Desktop/Imperial/Master Thesis/QuantFundAgent/venv/lib/python3.13/site-packages/sklearn/utils/validation.py:2691: UserWarning: X does not have valid feature names, but LGBMRegressor was fitted with feature names
  warnings.warn(
/Users/lucawurker/Desktop/Imperial/Master Thesis/QuantFundAgent/venv/lib/python3.13/site-packages/sklearn/utils/validation.py:2691: UserWarning: X does not have valid feature names, but LGBMRegressor was fitted with feature names
  warnings.warn(
/Users/lucawurker/Desktop/Imperial/Master Thesis/QuantFundAgent/venv/lib/python3.13/site-packages/sklearn/utils/validation.py:2691: UserWarning: X does not have valid feature names, but LGBMRegressor was fitted with feature names
  warnings.warn(
/Users/lucawurker/Desktop/Imperial/Master Thesis/QuantFundAgent/venv/lib/python3.13/site-packages/sklearn/utils/validation.py:2691: UserWarning: X does not have valid feature names, but LGBMRegressor was fitted with feature names
  warnings.warn(
/Users/lucawurker/Desktop/Imperial/Master Thesis/QuantFundAgent/venv/lib/python3.13/site-packages/sklearn/utils/validation.py:2691: UserWarning: X does not have valid feature names, but LGBMRegressor was fitted with feature names
  warnings.warn(
16:01:03  WARNING  research.service        [evaluate_fitness] jitter probe cash_revision_authenticated_relay_permeability_jit0 failed (min_periods 3 must be <= window 2) — skipped
/Users/lucawurker/Desktop/Imperial/Master Thesis/QuantFundAgent/venv/lib/python3.13/site-packages/sklearn/utils/validation.py:2691: UserWarning: X does not have valid feature names, but LGBMRegressor was fitted with feature names
  warnings.warn(
/Users/lucawurker/Desktop/Imperial/Master Thesis/QuantFundAgent/venv/lib/python3.13/site-packages/sklearn/utils/validation.py:2691: UserWarning: X does not have valid feature names, but LGBMRegressor was fitted with feature names
  warnings.warn(
/Users/lucawurker/Desktop/Imperial/Master Thesis/QuantFundAgent/venv/lib/python3.13/site-packages/sklearn/utils/validation.py:2691: UserWarning: X does not have valid feature names, but LGBMRegressor was fitted with feature names
  warnings.warn(
16:01:08  INFO     evolution.loop          [cash_conversion_funding_surprise_trap_j] evaluation failed: candidate signal failed: min_periods 5 must be <= window 4
/Users/lucawurker/Desktop/Imperial/Master Thesis/QuantFundAgent/venv/lib/python3.13/site-packages/sklearn/utils/validation.py:2691: UserWarning: X does not have valid feature names, but LGBMRegressor was fitted with feature names
  warnings.warn(
/Users/lucawurker/Desktop/Imperial/Master Thesis/QuantFundAgent/venv/lib/python3.13/site-packages/sklearn/utils/validation.py:2691: UserWarning: X does not have valid feature names, but LGBMRegressor was fitted with feature names
  warnings.warn(
16:01:12  WARNING  research.service        [evaluate_fitness] jitter probe asymmetric_innovation_cooling_capitulation_recla_jit0 failed (min_periods 3 must be <= window 2) — skipped
/Users/lucawurker/Desktop/Imperial/Master Thesis/QuantFundAgent/venv/lib/python3.13/site-packages/sklearn/utils/validation.py:2691: UserWarning: X does not have valid feature names, but LGBMRegressor was fitted with feature names
  warnings.warn(
/Users/lucawurker/Desktop/Imperial/Master Thesis/QuantFundAgent/venv/lib/python3.13/site-packages/sklearn/utils/validation.py:2691: UserWarning: X does not have valid feature names, but LGBMRegressor was fitted with feature names
  warnings.warn(
/Users/lucawurker/Desktop/Imperial/Master Thesis/QuantFundAgent/venv/lib/python3.13/site-packages/sklearn/utils/validation.py:2691: UserWarning: X does not have valid feature names, but LGBMRegressor was fitted with feature names
  warnings.warn(
/Users/lucawurker/Desktop/Imperial/Master Thesis/QuantFundAgent/venv/lib/python3.13/site-packages/sklearn/utils/validation.py:2691: UserWarning: X does not have valid feature names, but LGBMRegressor was fitted with feature names
  warnings.warn(
/Users/lucawurker/Desktop/Imperial/Master Thesis/QuantFundAgent/venv/lib/python3.13/site-packages/sklearn/utils/validation.py:2691: UserWarning: X does not have valid feature names, but LGBMRegressor was fitted with feature names
  warnings.warn(
16:01:22  WARNING  research.service        [evaluate_fitness] jitter probe peer_shock_phase_locked_execution_debt_jit0 failed (min_periods 5 must be <= window 4) — skipped
/Users/lucawurker/Desktop/Imperial/Master Thesis/QuantFundAgent/venv/lib/python3.13/site-packages/sklearn/utils/validation.py:2691: UserWarning: X does not have valid feature names, but LGBMRegressor was fitted with feature names
  warnings.warn(
/Users/lucawurker/Desktop/Imperial/Master Thesis/QuantFundAgent/venv/lib/python3.13/site-packages/sklearn/utils/validation.py:2691: UserWarning: X does not have valid feature names, but LGBMRegressor was fitted with feature names
  warnings.warn(
/Users/lucawurker/Desktop/Imperial/Master Thesis/QuantFundAgent/venv/lib/python3.13/site-packages/sklearn/utils/validation.py:2691: UserWarning: X does not have valid feature names, but LGBMRegressor was fitted with feature names
  warnings.warn(
/Users/lucawurker/Desktop/Imperial/Master Thesis/QuantFundAgent/venv/lib/python3.13/site-packages/sklearn/utils/validation.py:2691: UserWarning: X does not have valid feature names, but LGBMRegressor was fitted with feature names
  warnings.warn(
16:01:30  WARNING  research.service        [evaluate_fitness] jitter probe opening_quote_cancellation_displacement_reversal_jit0 failed (min_periods 36 must be <= window 32) — skipped
/Users/lucawurker/Desktop/Imperial/Master Thesis/QuantFundAgent/venv/lib/python3.13/site-packages/sklearn/utils/validation.py:2691: UserWarning: X does not have valid feature names, but LGBMRegressor was fitted with feature names
  warnings.warn(
/Users/lucawurker/Desktop/Imperial/Master Thesis/QuantFundAgent/venv/lib/python3.13/site-packages/sklearn/utils/validation.py:2691: UserWarning: X does not have valid feature names, but LGBMRegressor was fitted with feature names
  warnings.warn(
/Users/lucawurker/Desktop/Imperial/Master Thesis/QuantFundAgent/venv/lib/python3.13/site-packages/sklearn/utils/validation.py:2691: UserWarning: X does not have valid feature names, but LGBMRegressor was fitted with feature names
  warnings.warn(
/Users/lucawurker/Desktop/Imperial/Master Thesis/QuantFundAgent/venv/lib/python3.13/site-packages/sklearn/utils/validation.py:2691: UserWarning: X does not have valid feature names, but LGBMRegressor was fitted with feature names
  warnings.warn(
/Users/lucawurker/Desktop/Imperial/Master Thesis/QuantFundAgent/venv/lib/python3.13/site-packages/sklearn/utils/validation.py:2691: UserWarning: X does not have valid feature names, but LGBMRegressor was fitted with feature names
  warnings.warn(
16:02:42  INFO     evolution.loop          generation 13: 40/48 children admitted; archive=8; n_trials=577
16:03:14  INFO     httpx                   HTTP Request: POST https://api.openai.com/v1/chat/completions "HTTP/1.1 200 OK"
16:03:20  INFO     httpx                   HTTP Request: POST https://api.openai.com/v1/chat/completions "HTTP/1.1 200 OK"
16:03:23  INFO     httpx                   HTTP Request: POST https://api.openai.com/v1/chat/completions "HTTP/1.1 200 OK"
16:03:27  INFO     httpx                   HTTP Request: POST https://api.openai.com/v1/chat/completions "HTTP/1.1 200 OK"
16:03:27  INFO     evolution.loop          child attempt failed (syntax error: unexpected character after line continuation character (<unknown>, line 1)) — retrying with feedback
16:03:29  INFO     httpx                   HTTP Request: POST https://api.openai.com/v1/chat/completions "HTTP/1.1 200 OK"
16:03:31  INFO     httpx                   HTTP Request: POST https://api.openai.com/v1/chat/completions "HTTP/1.1 200 OK"
16:03:31  INFO     httpx                   HTTP Request: POST https://api.openai.com/v1/chat/completions "HTTP/1.1 200 OK"
16:03:31  INFO     httpx                   HTTP Request: POST https://api.openai.com/v1/chat/completions "HTTP/1.1 200 OK"
16:03:31  INFO     evolution.loop          child attempt failed (syntax error: unexpected character after line continuation character (<unknown>, line 1)) — retrying with feedback
16:03:48  INFO     httpx                   HTTP Request: POST https://api.openai.com/v1/chat/completions "HTTP/1.1 200 OK"
16:03:55  INFO     httpx                   HTTP Request: POST https://api.openai.com/v1/chat/completions "HTTP/1.1 200 OK"
16:04:04  INFO     httpx                   HTTP Request: POST https://api.openai.com/v1/chat/completions "HTTP/1.1 200 OK"
16:04:04  INFO     evolution.loop          child failed twice (syntax error: unexpected character after line continuation character (<unknown>, line 1)) — dropped
16:04:05  INFO     httpx                   HTTP Request: POST https://api.openai.com/v1/chat/completions "HTTP/1.1 200 OK"
16:04:05  INFO     evolution.loop          child attempt failed (syntax error: unexpected character after line continuation character (<unknown>, line 1)) — retrying with feedback
16:04:06  INFO     httpx                   HTTP Request: POST https://api.openai.com/v1/chat/completions "HTTP/1.1 200 OK"
16:04:06  INFO     evolution.loop          child attempt failed (Unterminated string starting at: line 12 column 11 (char 1295)) — retrying with feedback
16:04:11  INFO     httpx                   HTTP Request: POST https://api.openai.com/v1/chat/completions "HTTP/1.1 200 OK"
16:04:11  INFO     evolution.loop          child failed twice (calc() raised on synthetic data: sum is not implemented with adjust=False) — dropped
16:04:11  INFO     httpx                   HTTP Request: POST https://api.openai.com/v1/chat/completions "HTTP/1.1 200 OK"
16:04:16  INFO     httpx                   HTTP Request: POST https://api.openai.com/v1/chat/completions "HTTP/1.1 200 OK"
16:04:22  INFO     httpx                   HTTP Request: POST https://api.openai.com/v1/chat/completions "HTTP/1.1 200 OK"
16:04:23  INFO     evolution.loop          child attempt failed (syntax error: unexpected character after line continuation character (<unknown>, line 1)) — retrying with feedback
16:04:36  INFO     httpx                   HTTP Request: POST https://api.openai.com/v1/chat/completions "HTTP/1.1 200 OK"
16:04:36  INFO     evolution.loop          child attempt failed (Unterminated string starting at: line 12 column 11 (char 1326)) — retrying with feedback
16:04:41  INFO     httpx                   HTTP Request: POST https://api.openai.com/v1/chat/completions "HTTP/1.1 200 OK"
16:04:42  INFO     httpx                   HTTP Request: POST https://api.openai.com/v1/chat/completions "HTTP/1.1 200 OK"
16:04:44  INFO     httpx                   HTTP Request: POST https://api.openai.com/v1/chat/completions "HTTP/1.1 200 OK"
16:04:46  INFO     httpx                   HTTP Request: POST https://api.openai.com/v1/chat/completions "HTTP/1.1 200 OK"
/Users/lucawurker/Desktop/Imperial/Master Thesis/QuantFundAgent/venv/lib/python3.13/site-packages/pandas/core/internals/blocks.py:347: RuntimeWarning: divide by zero encountered in log
  result = func(self.values, **kwargs)
16:04:51  INFO     httpx                   HTTP Request: POST https://api.openai.com/v1/chat/completions "HTTP/1.1 200 OK"
16:04:55  INFO     httpx                   HTTP Request: POST https://api.openai.com/v1/chat/completions "HTTP/1.1 200 OK"
16:04:55  INFO     evolution.loop          child attempt failed (syntax error: unexpected character after line continuation character (<unknown>, line 1)) — retrying with feedback
16:05:11  INFO     httpx                   HTTP Request: POST https://api.openai.com/v1/chat/completions "HTTP/1.1 200 OK"
16:05:17  INFO     httpx                   HTTP Request: POST https://api.openai.com/v1/chat/completions "HTTP/1.1 200 OK"
16:05:17  INFO     evolution.loop          child attempt failed (syntax error: unexpected character after line continuation character (<unknown>, line 1)) — retrying with feedback
16:05:18  INFO     httpx                   HTTP Request: POST https://api.openai.com/v1/chat/completions "HTTP/1.1 200 OK"
16:05:23  INFO     httpx                   HTTP Request: POST https://api.openai.com/v1/chat/completions "HTTP/1.1 200 OK"
16:05:23  INFO     evolution.loop          child failed twice (syntax error: unexpected character after line continuation character (<unknown>, line 1)) — dropped
16:05:24  INFO     httpx                   HTTP Request: POST https://api.openai.com/v1/chat/completions "HTTP/1.1 200 OK"
16:05:24  INFO     httpx                   HTTP Request: POST https://api.openai.com/v1/chat/completions "HTTP/1.1 200 OK"
16:05:24  INFO     evolution.loop          child failed twice (syntax error: unexpected character after line continuation character (<unknown>, line 1)) — dropped
16:05:25  INFO     httpx                   HTTP Request: POST https://api.openai.com/v1/chat/completions "HTTP/1.1 200 OK"
16:05:40  INFO     httpx                   HTTP Request: POST https://api.openai.com/v1/chat/completions "HTTP/1.1 200 OK"
16:05:40  INFO     evolution.loop          child attempt failed (syntax error: unexpected character after line continuation character (<unknown>, line 1)) — retrying with feedback
16:05:41  INFO     httpx                   HTTP Request: POST https://api.openai.com/v1/chat/completions "HTTP/1.1 200 OK"
16:05:46  INFO     httpx                   HTTP Request: POST https://api.openai.com/v1/chat/completions "HTTP/1.1 200 OK"
16:05:46  INFO     evolution.loop          child attempt failed (calc() raised on synthetic data: DataFrame.groupby() got an unexpected keyword argument 'axis') — retrying with feedback
16:05:54  INFO     httpx                   HTTP Request: POST https://api.openai.com/v1/chat/completions "HTTP/1.1 200 OK"
16:05:56  INFO     httpx                   HTTP Request: POST https://api.openai.com/v1/chat/completions "HTTP/1.1 200 OK"
16:06:01  INFO     httpx                   HTTP Request: POST https://api.openai.com/v1/chat/completions "HTTP/1.1 200 OK"
16:06:03  INFO     httpx                   HTTP Request: POST https://api.openai.com/v1/chat/completions "HTTP/1.1 200 OK"
16:06:08  INFO     httpx                   HTTP Request: POST https://api.openai.com/v1/chat/completions "HTTP/1.1 200 OK"
16:06:10  INFO     httpx                   HTTP Request: POST https://api.openai.com/v1/chat/completions "HTTP/1.1 200 OK"
16:06:21  INFO     httpx                   HTTP Request: POST https://api.openai.com/v1/chat/completions "HTTP/1.1 200 OK"
16:06:22  INFO     httpx                   HTTP Request: POST https://api.openai.com/v1/chat/completions "HTTP/1.1 200 OK"
/Users/lucawurker/Desktop/Imperial/Master Thesis/QuantFundAgent/venv/lib/python3.13/site-packages/pandas/core/internals/blocks.py:347: RuntimeWarning: divide by zero encountered in log
  result = func(self.values, **kwargs)
16:06:26  INFO     httpx                   HTTP Request: POST https://api.openai.com/v1/chat/completions "HTTP/1.1 200 OK"
16:06:35  INFO     httpx                   HTTP Request: POST https://api.openai.com/v1/chat/completions "HTTP/1.1 200 OK"
16:06:35  INFO     evolution.loop          child attempt failed (Unterminated string starting at: line 12 column 11 (char 1429)) — retrying with feedback
16:06:37  INFO     httpx                   HTTP Request: POST https://api.openai.com/v1/chat/completions "HTTP/1.1 200 OK"
16:06:39  INFO     httpx                   HTTP Request: POST https://api.openai.com/v1/chat/completions "HTTP/1.1 200 OK"
16:06:39  INFO     evolution.loop          child attempt failed (syntax error: unexpected character after line continuation character (<unknown>, line 1)) — retrying with feedback
16:06:49  INFO     httpx                   HTTP Request: POST https://api.openai.com/v1/chat/completions "HTTP/1.1 200 OK"
16:06:49  INFO     evolution.loop          child attempt failed (syntax error: unexpected character after line continuation character (<unknown>, line 1)) — retrying with feedback
16:06:51  INFO     httpx                   HTTP Request: POST https://api.openai.com/v1/chat/completions "HTTP/1.1 200 OK"
16:06:51  INFO     evolution.loop          child attempt failed (syntax error: unexpected character after line continuation character (<unknown>, line 1)) — retrying with feedback
16:06:51  INFO     httpx                   HTTP Request: POST https://api.openai.com/v1/chat/completions "HTTP/1.1 200 OK"
16:06:51  INFO     evolution.loop          child attempt failed (syntax error: unexpected character after line continuation character (<unknown>, line 1)) — retrying with feedback
16:06:52  INFO     httpx                   HTTP Request: POST https://api.openai.com/v1/chat/completions "HTTP/1.1 200 OK"
16:06:59  INFO     httpx                   HTTP Request: POST https://api.openai.com/v1/chat/completions "HTTP/1.1 200 OK"
16:07:01  INFO     httpx                   HTTP Request: POST https://api.openai.com/v1/chat/completions "HTTP/1.1 200 OK"
16:07:01  INFO     evolution.loop          child failed twice (syntax error: unexpected character after line continuation character (<unknown>, line 1)) — dropped
16:07:10  INFO     httpx                   HTTP Request: POST https://api.openai.com/v1/chat/completions "HTTP/1.1 200 OK"
16:07:10  INFO     evolution.loop          child attempt failed (syntax error: unexpected character after line continuation character (<unknown>, line 1)) — retrying with feedback
16:07:17  INFO     httpx                   HTTP Request: POST https://api.openai.com/v1/chat/completions "HTTP/1.1 200 OK"
16:07:19  INFO     httpx                   HTTP Request: POST https://api.openai.com/v1/chat/completions "HTTP/1.1 200 OK"
16:07:21  INFO     httpx                   HTTP Request: POST https://api.openai.com/v1/chat/completions "HTTP/1.1 200 OK"
16:07:23  INFO     httpx                   HTTP Request: POST https://api.openai.com/v1/chat/completions "HTTP/1.1 200 OK"
16:07:23  INFO     evolution.loop          child failed twice (syntax error: unexpected character after line continuation character (<unknown>, line 1)) — dropped
16:07:30  INFO     httpx                   HTTP Request: POST https://api.openai.com/v1/chat/completions "HTTP/1.1 200 OK"
16:07:48  INFO     httpx                   HTTP Request: POST https://api.openai.com/v1/chat/completions "HTTP/1.1 200 OK"
/Users/lucawurker/Desktop/Imperial/Master Thesis/QuantFundAgent/venv/lib/python3.13/site-packages/sklearn/utils/validation.py:2691: UserWarning: X does not have valid feature names, but LGBMRegressor was fitted with feature names
  warnings.warn(
/Users/lucawurker/Desktop/Imperial/Master Thesis/QuantFundAgent/venv/lib/python3.13/site-packages/sklearn/utils/validation.py:2691: UserWarning: X does not have valid feature names, but LGBMRegressor was fitted with feature names
  warnings.warn(
16:07:52  INFO     evolution.loop          [funding_confirmed_dual_revision_diffusion_j_1] evaluation failed: candidate signal failed: min_periods 3 must be <= window 2
/Users/lucawurker/Desktop/Imperial/Master Thesis/QuantFundAgent/venv/lib/python3.13/site-packages/sklearn/utils/validation.py:2691: UserWarning: X does not have valid feature names, but LGBMRegressor was fitted with feature names
  warnings.warn(
/Users/lucawurker/Desktop/Imperial/Master Thesis/QuantFundAgent/venv/lib/python3.13/site-packages/sklearn/utils/validation.py:2691: UserWarning: X does not have valid feature names, but LGBMRegressor was fitted with feature names
  warnings.warn(
16:07:56  INFO     evolution.loop          [common_shock_turnover_lag_convergence] evaluation failed: candidate signal failed: "['CA', 'LIFE', 'MICC', 'SHLD', 'SNDK', 'VSNT'] not in index"
16:07:56  WARNING  research.service        [evaluate_fitness] jitter probe samuelson_correlation_convergence_gap_jit0 failed (min_periods 3 must be <= window 2) — skipped
/Users/lucawurker/Desktop/Imperial/Master Thesis/QuantFundAgent/venv/lib/python3.13/site-packages/sklearn/utils/validation.py:2691: UserWarning: X does not have valid feature names, but LGBMRegressor was fitted with feature names
  warnings.warn(
/Users/lucawurker/Desktop/Imperial/Master Thesis/QuantFundAgent/venv/lib/python3.13/site-packages/sklearn/utils/validation.py:2691: UserWarning: X does not have valid feature names, but LGBMRegressor was fitted with feature names
  warnings.warn(
16:08:07  WARNING  research.service        [evaluate_fitness] jitter probe stress_routed_sector_execution_completion_jit0 failed (min_periods 3 must be <= window 2) — skipped
/Users/lucawurker/Desktop/Imperial/Master Thesis/QuantFundAgent/venv/lib/python3.13/site-packages/sklearn/utils/validation.py:2691: UserWarning: X does not have valid feature names, but LGBMRegressor was fitted with feature names
  warnings.warn(
16:08:20  WARNING  research.service        [evaluate_fitness] jitter probe stroboscopic_sector_transfer_completion_jit0 failed (min_periods 3 must be <= window 2) — skipped
/Users/lucawurker/Desktop/Imperial/Master Thesis/QuantFundAgent/venv/lib/python3.13/site-packages/sklearn/utils/validation.py:2691: UserWarning: X does not have valid feature names, but LGBMRegressor was fitted with feature names
  warnings.warn(
/Users/lucawurker/Desktop/Imperial/Master Thesis/QuantFundAgent/venv/lib/python3.13/site-packages/sklearn/utils/validation.py:2691: UserWarning: X does not have valid feature names, but LGBMRegressor was fitted with feature names
  warnings.warn(
/Users/lucawurker/Desktop/Imperial/Master Thesis/QuantFundAgent/venv/lib/python3.13/site-packages/sklearn/utils/validation.py:2691: UserWarning: X does not have valid feature names, but LGBMRegressor was fitted with feature names
  warnings.warn(
/Users/lucawurker/Desktop/Imperial/Master Thesis/QuantFundAgent/venv/lib/python3.13/site-packages/sklearn/utils/validation.py:2691: UserWarning: X does not have valid feature names, but LGBMRegressor was fitted with feature names
  warnings.warn(
/Users/lucawurker/Desktop/Imperial/Master Thesis/QuantFundAgent/venv/lib/python3.13/site-packages/sklearn/utils/validation.py:2691: UserWarning: X does not have valid feature names, but LGBMRegressor was fitted with feature names
  warnings.warn(
16:08:33  WARNING  research.service        [evaluate_fitness] jitter probe hawkes_clv_burst_unpriced_impact_drift_jit0 failed (min_periods 20 must be <= window 18) — skipped
/Users/lucawurker/Desktop/Imperial/Master Thesis/QuantFundAgent/venv/lib/python3.13/site-packages/sklearn/utils/validation.py:2691: UserWarning: X does not have valid feature names, but LGBMRegressor was fitted with feature names
  warnings.warn(
/Users/lucawurker/Desktop/Imperial/Master Thesis/QuantFundAgent/venv/lib/python3.13/site-packages/sklearn/utils/validation.py:2691: UserWarning: X does not have valid feature names, but LGBMRegressor was fitted with feature names
  warnings.warn(
/Users/lucawurker/Desktop/Imperial/Master Thesis/QuantFundAgent/venv/lib/python3.13/site-packages/pandas/core/internals/blocks.py:347: RuntimeWarning: divide by zero encountered in log
  result = func(self.values, **kwargs)
/Users/lucawurker/Desktop/Imperial/Master Thesis/QuantFundAgent/venv/lib/python3.13/site-packages/pandas/core/internals/blocks.py:347: RuntimeWarning: divide by zero encountered in log
  result = func(self.values, **kwargs)
/Users/lucawurker/Desktop/Imperial/Master Thesis/QuantFundAgent/venv/lib/python3.13/site-packages/pandas/core/internals/blocks.py:347: RuntimeWarning: divide by zero encountered in log
  result = func(self.values, **kwargs)
/Users/lucawurker/Desktop/Imperial/Master Thesis/QuantFundAgent/venv/lib/python3.13/site-packages/sklearn/utils/validation.py:2691: UserWarning: X does not have valid feature names, but LGBMRegressor was fitted with feature names
  warnings.warn(
/Users/lucawurker/Desktop/Imperial/Master Thesis/QuantFundAgent/venv/lib/python3.13/site-packages/sklearn/utils/validation.py:2691: UserWarning: X does not have valid feature names, but LGBMRegressor was fitted with feature names
  warnings.warn(
/Users/lucawurker/Desktop/Imperial/Master Thesis/QuantFundAgent/venv/lib/python3.13/site-packages/sklearn/utils/validation.py:2691: UserWarning: X does not have valid feature names, but LGBMRegressor was fitted with feature names
  warnings.warn(
/Users/lucawurker/Desktop/Imperial/Master Thesis/QuantFundAgent/venv/lib/python3.13/site-packages/sklearn/utils/validation.py:2691: UserWarning: X does not have valid feature names, but LGBMRegressor was fitted with feature names
  warnings.warn(
16:08:44  WARNING  research.service        [evaluate_fitness] jitter probe cash_authenticated_sector_relay_liquidation_sele_jit0 failed (min_periods 3 must be <= window 2) — skipped
/Users/lucawurker/Desktop/Imperial/Master Thesis/QuantFundAgent/venv/lib/python3.13/site-packages/sklearn/utils/validation.py:2691: UserWarning: X does not have valid feature names, but LGBMRegressor was fitted with feature names
  warnings.warn(
/Users/lucawurker/Desktop/Imperial/Master Thesis/QuantFundAgent/venv/lib/python3.13/site-packages/sklearn/utils/validation.py:2691: UserWarning: X does not have valid feature names, but LGBMRegressor was fitted with feature names
  warnings.warn(
/Users/lucawurker/Desktop/Imperial/Master Thesis/QuantFundAgent/venv/lib/python3.13/site-packages/sklearn/utils/validation.py:2691: UserWarning: X does not have valid feature names, but LGBMRegressor was fitted with feature names
  warnings.warn(
/Users/lucawurker/Desktop/Imperial/Master Thesis/QuantFundAgent/venv/lib/python3.13/site-packages/pandas/core/internals/blocks.py:347: RuntimeWarning: divide by zero encountered in log
  result = func(self.values, **kwargs)
/Users/lucawurker/Desktop/Imperial/Master Thesis/QuantFundAgent/venv/lib/python3.13/site-packages/pandas/core/internals/blocks.py:347: RuntimeWarning: divide by zero encountered in log
  result = func(self.values, **kwargs)
/Users/lucawurker/Desktop/Imperial/Master Thesis/QuantFundAgent/venv/lib/python3.13/site-packages/pandas/core/internals/blocks.py:347: RuntimeWarning: divide by zero encountered in log
  result = func(self.values, **kwargs)
/Users/lucawurker/Desktop/Imperial/Master Thesis/QuantFundAgent/venv/lib/python3.13/site-packages/sklearn/utils/validation.py:2691: UserWarning: X does not have valid feature names, but LGBMRegressor was fitted with feature names
  warnings.warn(
16:08:50  INFO     evolution.loop          [cash_conversion_funding_surprise_trap_j] evaluation failed: candidate signal failed: min_periods 5 must be <= window 4
16:08:50  INFO     evolution.loop          [loo_disclosure_impulse_price_gap] evaluation failed: candidate signal failed: Shape of passed values is (2324, 181), indices imply (2324, 164)
/Users/lucawurker/Desktop/Imperial/Master Thesis/QuantFundAgent/venv/lib/python3.13/site-packages/sklearn/utils/validation.py:2691: UserWarning: X does not have valid feature names, but LGBMRegressor was fitted with feature names
  warnings.warn(
/Users/lucawurker/Desktop/Imperial/Master Thesis/QuantFundAgent/venv/lib/python3.13/site-packages/sklearn/utils/validation.py:2691: UserWarning: X does not have valid feature names, but LGBMRegressor was fitted with feature names
  warnings.warn(
16:08:54  WARNING  research.service        [evaluate_fitness] jitter probe workingcapital_tail_loading_derisking_jit0 failed (min_periods 5 must be <= window 4) — skipped
/Users/lucawurker/Desktop/Imperial/Master Thesis/QuantFundAgent/venv/lib/python3.13/site-packages/sklearn/utils/validation.py:2691: UserWarning: X does not have valid feature names, but LGBMRegressor was fitted with feature names
  warnings.warn(
/Users/lucawurker/Desktop/Imperial/Master Thesis/QuantFundAgent/venv/lib/python3.13/site-packages/sklearn/utils/validation.py:2691: UserWarning: X does not have valid feature names, but LGBMRegressor was fitted with feature names
  warnings.warn(
/Users/lucawurker/Desktop/Imperial/Master Thesis/QuantFundAgent/venv/lib/python3.13/site-packages/sklearn/utils/validation.py:2691: UserWarning: X does not have valid feature names, but LGBMRegressor was fitted with feature names
  warnings.warn(
/Users/lucawurker/Desktop/Imperial/Master Thesis/QuantFundAgent/venv/lib/python3.13/site-packages/sklearn/utils/validation.py:2691: UserWarning: X does not have valid feature names, but LGBMRegressor was fitted with feature names
  warnings.warn(
/Users/lucawurker/Desktop/Imperial/Master Thesis/QuantFundAgent/venv/lib/python3.13/site-packages/sklearn/utils/validation.py:2691: UserWarning: X does not have valid feature names, but LGBMRegressor was fitted with feature names
  warnings.warn(
16:09:02  WARNING  research.service        [evaluate_fitness] jitter probe cyclic_lead_absorption_reserve_reversal_jit0 failed (min_periods 6 must be <= window 5) — skipped
/Users/lucawurker/Desktop/Imperial/Master Thesis/QuantFundAgent/venv/lib/python3.13/site-packages/sklearn/utils/validation.py:2691: UserWarning: X does not have valid feature names, but LGBMRegressor was fitted with feature names
  warnings.warn(
/Users/lucawurker/Desktop/Imperial/Master Thesis/QuantFundAgent/venv/lib/python3.13/site-packages/sklearn/utils/validation.py:2691: UserWarning: X does not have valid feature names, but LGBMRegressor was fitted with feature names
  warnings.warn(
/Users/lucawurker/Desktop/Imperial/Master Thesis/QuantFundAgent/venv/lib/python3.13/site-packages/sklearn/utils/validation.py:2691: UserWarning: X does not have valid feature names, but LGBMRegressor was fitted with feature names
  warnings.warn(
/Users/lucawurker/Desktop/Imperial/Master Thesis/QuantFundAgent/venv/lib/python3.13/site-packages/sklearn/utils/validation.py:2691: UserWarning: X does not have valid feature names, but LGBMRegressor was fitted with feature names
  warnings.warn(
/Users/lucawurker/Desktop/Imperial/Master Thesis/QuantFundAgent/venv/lib/python3.13/site-packages/sklearn/utils/validation.py:2691: UserWarning: X does not have valid feature names, but LGBMRegressor was fitted with feature names
  warnings.warn(
/Users/lucawurker/Desktop/Imperial/Master Thesis/QuantFundAgent/venv/lib/python3.13/site-packages/sklearn/utils/validation.py:2691: UserWarning: X does not have valid feature names, but LGBMRegressor was fitted with feature names
  warnings.warn(
/Users/lucawurker/Desktop/Imperial/Master Thesis/QuantFundAgent/venv/lib/python3.13/site-packages/sklearn/utils/validation.py:2691: UserWarning: X does not have valid feature names, but LGBMRegressor was fitted with feature names
  warnings.warn(
/Users/lucawurker/Desktop/Imperial/Master Thesis/QuantFundAgent/venv/lib/python3.13/site-packages/sklearn/utils/validation.py:2691: UserWarning: X does not have valid feature names, but LGBMRegressor was fitted with feature names
  warnings.warn(
16:09:18  INFO     evolution.loop          [fundamental_vetoed_intrabar_absorption_rebound] evaluation failed: candidate signal failed: operands could not be broadcast together with shapes (2324,164) (2324,162) 
16:09:21  WARNING  research.service        [evaluate_fitness] jitter probe dilution_clock_terminal_absorption_rebound_jit0 failed (min_periods 4 must be <= window 3) — skipped
/Users/lucawurker/Desktop/Imperial/Master Thesis/QuantFundAgent/venv/lib/python3.13/site-packages/sklearn/utils/validation.py:2691: UserWarning: X does not have valid feature names, but LGBMRegressor was fitted with feature names
  warnings.warn(
16:09:23  INFO     evolution.loop          generation 14: 37/48 children admitted; archive=8; n_trials=614
16:09:56  INFO     httpx                   HTTP Request: POST https://api.openai.com/v1/chat/completions "HTTP/1.1 200 OK"
16:10:00  INFO     httpx                   HTTP Request: POST https://api.openai.com/v1/chat/completions "HTTP/1.1 200 OK"
16:10:02  INFO     httpx                   HTTP Request: POST https://api.openai.com/v1/chat/completions "HTTP/1.1 200 OK"
16:10:02  INFO     evolution.loop          child attempt failed (syntax error: unexpected character after line continuation character (<unknown>, line 1)) — retrying with feedback
16:10:02  INFO     httpx                   HTTP Request: POST https://api.openai.com/v1/chat/completions "HTTP/1.1 200 OK"
16:10:03  INFO     httpx                   HTTP Request: POST https://api.openai.com/v1/chat/completions "HTTP/1.1 200 OK"
16:10:03  INFO     evolution.loop          child attempt failed (syntax error: unexpected character after line continuation character (<unknown>, line 1)) — retrying with feedback
16:10:04  INFO     httpx                   HTTP Request: POST https://api.openai.com/v1/chat/completions "HTTP/1.1 200 OK"
16:10:07  INFO     httpx                   HTTP Request: POST https://api.openai.com/v1/chat/completions "HTTP/1.1 200 OK"
16:10:07  INFO     evolution.loop          child attempt failed (syntax error: unexpected character after line continuation character (<unknown>, line 1)) — retrying with feedback
16:10:13  INFO     httpx                   HTTP Request: POST https://api.openai.com/v1/chat/completions "HTTP/1.1 200 OK"
16:10:27  INFO     httpx                   HTTP Request: POST https://api.openai.com/v1/chat/completions "HTTP/1.1 200 OK"
16:10:30  INFO     httpx                   HTTP Request: POST https://api.openai.com/v1/chat/completions "HTTP/1.1 200 OK"
16:10:32  INFO     httpx                   HTTP Request: POST https://api.openai.com/v1/chat/completions "HTTP/1.1 200 OK"
16:10:36  INFO     httpx                   HTTP Request: POST https://api.openai.com/v1/chat/completions "HTTP/1.1 200 OK"
16:10:37  INFO     httpx                   HTTP Request: POST https://api.openai.com/v1/chat/completions "HTTP/1.1 200 OK"
16:10:37  INFO     evolution.loop          child attempt failed (syntax error: unexpected character after line continuation character (<unknown>, line 1)) — retrying with feedback
16:10:47  INFO     httpx                   HTTP Request: POST https://api.openai.com/v1/chat/completions "HTTP/1.1 200 OK"
16:10:51  INFO     httpx                   HTTP Request: POST https://api.openai.com/v1/chat/completions "HTTP/1.1 200 OK"
16:10:51  INFO     httpx                   HTTP Request: POST https://api.openai.com/v1/chat/completions "HTTP/1.1 200 OK"
16:10:51  INFO     evolution.loop          child attempt failed (syntax error: unexpected character after line continuation character (<unknown>, line 1)) — retrying with feedback
16:11:06  INFO     httpx                   HTTP Request: POST https://api.openai.com/v1/chat/completions "HTTP/1.1 200 OK"
16:11:07  INFO     evolution.loop          child failed twice (syntax error: unexpected character after line continuation character (<unknown>, line 1)) — dropped
16:11:08  INFO     httpx                   HTTP Request: POST https://api.openai.com/v1/chat/completions "HTTP/1.1 200 OK"
16:11:12  INFO     httpx                   HTTP Request: POST https://api.openai.com/v1/chat/completions "HTTP/1.1 200 OK"
16:11:19  INFO     httpx                   HTTP Request: POST https://api.openai.com/v1/chat/completions "HTTP/1.1 200 OK"
16:11:23  INFO     httpx                   HTTP Request: POST https://api.openai.com/v1/chat/completions "HTTP/1.1 200 OK"
16:11:23  INFO     evolution.loop          child attempt failed (syntax error: unexpected character after line continuation character (<unknown>, line 1)) — retrying with feedback
16:11:30  INFO     httpx                   HTTP Request: POST https://api.openai.com/v1/chat/completions "HTTP/1.1 200 OK"
16:11:35  INFO     httpx                   HTTP Request: POST https://api.openai.com/v1/chat/completions "HTTP/1.1 200 OK"
16:11:35  INFO     httpx                   HTTP Request: POST https://api.openai.com/v1/chat/completions "HTTP/1.1 200 OK"
16:11:42  INFO     httpx                   HTTP Request: POST https://api.openai.com/v1/chat/completions "HTTP/1.1 200 OK"
16:11:43  INFO     httpx                   HTTP Request: POST https://api.openai.com/v1/chat/completions "HTTP/1.1 200 OK"
16:11:46  INFO     httpx                   HTTP Request: POST https://api.openai.com/v1/chat/completions "HTTP/1.1 200 OK"
16:11:57  INFO     httpx                   HTTP Request: POST https://api.openai.com/v1/chat/completions "HTTP/1.1 200 OK"
16:11:57  INFO     evolution.loop          child failed twice (syntax error: unexpected character after line continuation character (<unknown>, line 1)) — dropped
16:11:59  INFO     httpx                   HTTP Request: POST https://api.openai.com/v1/chat/completions "HTTP/1.1 200 OK"
16:11:59  INFO     evolution.loop          child attempt failed (unexpected character after line continuation character (<unknown>, line 1)) — retrying with feedback
16:12:10  INFO     httpx                   HTTP Request: POST https://api.openai.com/v1/chat/completions "HTTP/1.1 200 OK"
16:12:10  INFO     evolution.loop          child attempt failed (calc() raised on synthetic data: Series.sub does not support a DataFrame `other`. Use df.sub(ser) instead.) — retrying with feedback
16:12:12  INFO     httpx                   HTTP Request: POST https://api.openai.com/v1/chat/completions "HTTP/1.1 200 OK"
16:12:15  INFO     httpx                   HTTP Request: POST https://api.openai.com/v1/chat/completions "HTTP/1.1 200 OK"
16:12:15  INFO     evolution.loop          child attempt failed (Unterminated string starting at: line 12 column 11 (char 1232)) — retrying with feedback
16:12:16  INFO     httpx                   HTTP Request: POST https://api.openai.com/v1/chat/completions "HTTP/1.1 200 OK"
16:12:18  INFO     httpx                   HTTP Request: POST https://api.openai.com/v1/chat/completions "HTTP/1.1 200 OK"
16:12:23  INFO     httpx                   HTTP Request: POST https://api.openai.com/v1/chat/completions "HTTP/1.1 200 OK"
16:12:35  INFO     httpx                   HTTP Request: POST https://api.openai.com/v1/chat/completions "HTTP/1.1 200 OK"
16:12:39  INFO     httpx                   HTTP Request: POST https://api.openai.com/v1/chat/completions "HTTP/1.1 200 OK"
16:12:45  INFO     httpx                   HTTP Request: POST https://api.openai.com/v1/chat/completions "HTTP/1.1 200 OK"
16:12:45  INFO     evolution.loop          child attempt failed (syntax error: unexpected character after line continuation character (<unknown>, line 1)) — retrying with feedback
16:12:45  INFO     httpx                   HTTP Request: POST https://api.openai.com/v1/chat/completions "HTTP/1.1 200 OK"
16:12:50  INFO     httpx                   HTTP Request: POST https://api.openai.com/v1/chat/completions "HTTP/1.1 200 OK"
16:12:54  INFO     httpx                   HTTP Request: POST https://api.openai.com/v1/chat/completions "HTTP/1.1 200 OK"
16:12:54  INFO     evolution.loop          child failed twice (syntax error: unexpected character after line continuation character (<unknown>, line 1)) — dropped
16:12:58  INFO     httpx                   HTTP Request: POST https://api.openai.com/v1/chat/completions "HTTP/1.1 200 OK"
16:13:03  INFO     httpx                   HTTP Request: POST https://api.openai.com/v1/chat/completions "HTTP/1.1 200 OK"
16:13:03  INFO     evolution.loop          child attempt failed (syntax error: unexpected character after line continuation character (<unknown>, line 1)) — retrying with feedback
16:13:08  INFO     httpx                   HTTP Request: POST https://api.openai.com/v1/chat/completions "HTTP/1.1 200 OK"
16:13:10  INFO     httpx                   HTTP Request: POST https://api.openai.com/v1/chat/completions "HTTP/1.1 200 OK"
16:13:12  INFO     httpx                   HTTP Request: POST https://api.openai.com/v1/chat/completions "HTTP/1.1 200 OK"
16:13:12  INFO     evolution.loop          child failed twice (syntax error: unexpected character after line continuation character (<unknown>, line 1)) — dropped
16:13:18  INFO     httpx                   HTTP Request: POST https://api.openai.com/v1/chat/completions "HTTP/1.1 200 OK"
16:13:23  INFO     httpx                   HTTP Request: POST https://api.openai.com/v1/chat/completions "HTTP/1.1 200 OK"
16:13:26  INFO     httpx                   HTTP Request: POST https://api.openai.com/v1/chat/completions "HTTP/1.1 200 OK"
16:13:26  INFO     evolution.loop          child attempt failed (syntax error: unexpected character after line continuation character (<unknown>, line 1)) — retrying with feedback
16:13:29  INFO     httpx                   HTTP Request: POST https://api.openai.com/v1/chat/completions "HTTP/1.1 200 OK"
16:13:39  INFO     httpx                   HTTP Request: POST https://api.openai.com/v1/chat/completions "HTTP/1.1 200 OK"
16:13:43  INFO     httpx                   HTTP Request: POST https://api.openai.com/v1/chat/completions "HTTP/1.1 200 OK"
16:13:43  INFO     evolution.loop          child attempt failed (syntax error: unexpected character after line continuation character (<unknown>, line 1)) — retrying with feedback
16:13:49  INFO     httpx                   HTTP Request: POST https://api.openai.com/v1/chat/completions "HTTP/1.1 200 OK"
16:13:49  INFO     evolution.loop          child attempt failed (Unterminated string starting at: line 12 column 11 (char 1426)) — retrying with feedback
16:13:55  INFO     httpx                   HTTP Request: POST https://api.openai.com/v1/chat/completions "HTTP/1.1 200 OK"
16:14:11  INFO     httpx                   HTTP Request: POST https://api.openai.com/v1/chat/completions "HTTP/1.1 200 OK"
16:14:16  INFO     httpx                   HTTP Request: POST https://api.openai.com/v1/chat/completions "HTTP/1.1 200 OK"
/Users/lucawurker/Desktop/Imperial/Master Thesis/QuantFundAgent/venv/lib/python3.13/site-packages/sklearn/utils/validation.py:2691: UserWarning: X does not have valid feature names, but LGBMRegressor was fitted with feature names
  warnings.warn(
/Users/lucawurker/Desktop/Imperial/Master Thesis/QuantFundAgent/venv/lib/python3.13/site-packages/sklearn/utils/validation.py:2691: UserWarning: X does not have valid feature names, but LGBMRegressor was fitted with feature names
  warnings.warn(
/Users/lucawurker/Desktop/Imperial/Master Thesis/QuantFundAgent/venv/lib/python3.13/site-packages/sklearn/utils/validation.py:2691: UserWarning: X does not have valid feature names, but LGBMRegressor was fitted with feature names
  warnings.warn(
16:14:22  WARNING  research.service        [evaluate_fitness] jitter probe cashbacked_upgrade_peer_liquidation_rebound_jit0 failed (min_periods 3 must be <= window 2) — skipped
/Users/lucawurker/Desktop/Imperial/Master Thesis/QuantFundAgent/venv/lib/python3.13/site-packages/sklearn/utils/validation.py:2691: UserWarning: X does not have valid feature names, but LGBMRegressor was fitted with feature names
  warnings.warn(
/Users/lucawurker/Desktop/Imperial/Master Thesis/QuantFundAgent/venv/lib/python3.13/site-packages/sklearn/utils/validation.py:2691: UserWarning: X does not have valid feature names, but LGBMRegressor was fitted with feature names
  warnings.warn(
/Users/lucawurker/Desktop/Imperial/Master Thesis/QuantFundAgent/venv/lib/python3.13/site-packages/sklearn/utils/validation.py:2691: UserWarning: X does not have valid feature names, but LGBMRegressor was fitted with feature names
  warnings.warn(
/Users/lucawurker/Desktop/Imperial/Master Thesis/QuantFundAgent/venv/lib/python3.13/site-packages/sklearn/utils/validation.py:2691: UserWarning: X does not have valid feature names, but LGBMRegressor was fitted with feature names
  warnings.warn(
16:14:36  WARNING  research.service        [evaluate_fitness] jitter probe issuance_masked_sector_downside_deficit_jit0 failed (min_periods 3 must be <= window 2) — skipped
/Users/lucawurker/Desktop/Imperial/Master Thesis/QuantFundAgent/venv/lib/python3.13/site-packages/sklearn/utils/validation.py:2691: UserWarning: X does not have valid feature names, but LGBMRegressor was fitted with feature names
  warnings.warn(
16:14:41  INFO     evolution.loop          [sector_drawdown_cashcycle_transmission_resilienc] evaluation failed: candidate signal failed: "None of [Index(['CA'], dtype='str')] are in the [columns]"
16:14:41  INFO     evolution.loop          [leaveoneout_sector_shock_sparse_turnover_diffusi] evaluation failed: candidate signal failed: Series.sub does not support a DataFrame `other`. Use df.sub(ser) instead.
16:14:41  INFO     evolution.loop          [peer_disclosure_breadth_response_deficit] evaluation failed: candidate signal failed: "['BRCM', 'LLTC'] not in index"
/Users/lucawurker/Desktop/Imperial/Master Thesis/QuantFundAgent/venv/lib/python3.13/site-packages/sklearn/utils/validation.py:2691: UserWarning: X does not have valid feature names, but LGBMRegressor was fitted with feature names
  warnings.warn(
/Users/lucawurker/Desktop/Imperial/Master Thesis/QuantFundAgent/venv/lib/python3.13/site-packages/sklearn/utils/validation.py:2691: UserWarning: X does not have valid feature names, but LGBMRegressor was fitted with feature names
  warnings.warn(
/Users/lucawurker/Desktop/Imperial/Master Thesis/QuantFundAgent/venv/lib/python3.13/site-packages/sklearn/utils/validation.py:2691: UserWarning: X does not have valid feature names, but LGBMRegressor was fitted with feature names
  warnings.warn(
/Users/lucawurker/Desktop/Imperial/Master Thesis/QuantFundAgent/venv/lib/python3.13/site-packages/sklearn/utils/validation.py:2691: UserWarning: X does not have valid feature names, but LGBMRegressor was fitted with feature names
  warnings.warn(
/Users/lucawurker/Desktop/Imperial/Master Thesis/QuantFundAgent/venv/lib/python3.13/site-packages/sklearn/utils/validation.py:2691: UserWarning: X does not have valid feature names, but LGBMRegressor was fitted with feature names
  warnings.warn(
/Users/lucawurker/Desktop/Imperial/Master Thesis/QuantFundAgent/venv/lib/python3.13/site-packages/sklearn/utils/validation.py:2691: UserWarning: X does not have valid feature names, but LGBMRegressor was fitted with feature names
  warnings.warn(
/Users/lucawurker/Desktop/Imperial/Master Thesis/QuantFundAgent/venv/lib/python3.13/site-packages/sklearn/utils/validation.py:2691: UserWarning: X does not have valid feature names, but LGBMRegressor was fitted with feature names
  warnings.warn(
/Users/lucawurker/Desktop/Imperial/Master Thesis/QuantFundAgent/venv/lib/python3.13/site-packages/sklearn/utils/validation.py:2691: UserWarning: X does not have valid feature names, but LGBMRegressor was fitted with feature names
  warnings.warn(
/Users/lucawurker/Desktop/Imperial/Master Thesis/QuantFundAgent/venv/lib/python3.13/site-packages/sklearn/utils/validation.py:2691: UserWarning: X does not have valid feature names, but LGBMRegressor was fitted with feature names
  warnings.warn(
16:15:02  WARNING  research.service        [evaluate_fitness] jitter probe broad_echo_passive_inventory_unwind_jit0 failed (min_periods 6 must be <= window 5) — skipped
/Users/lucawurker/Desktop/Imperial/Master Thesis/QuantFundAgent/venv/lib/python3.13/site-packages/sklearn/utils/validation.py:2691: UserWarning: X does not have valid feature names, but LGBMRegressor was fitted with feature names
  warnings.warn(
16:15:04  WARNING  research.service        [evaluate_fitness] jitter probe covariance_gated_idio_execution_polarity_jit0 failed (min_periods 3 must be <= window 2) — skipped
/Users/lucawurker/Desktop/Imperial/Master Thesis/QuantFundAgent/venv/lib/python3.13/site-packages/sklearn/utils/validation.py:2691: UserWarning: X does not have valid feature names, but LGBMRegressor was fitted with feature names
  warnings.warn(
/Users/lucawurker/Desktop/Imperial/Master Thesis/QuantFundAgent/venv/lib/python3.13/site-packages/sklearn/utils/validation.py:2691: UserWarning: X does not have valid feature names, but LGBMRegressor was fitted with feature names
  warnings.warn(
16:15:10  WARNING  research.service        [evaluate_fitness] jitter probe quiet_path_relative_momentum_diffusion_jit0 failed (min_periods 12 must be <= window 11) — skipped
/Users/lucawurker/Desktop/Imperial/Master Thesis/QuantFundAgent/venv/lib/python3.13/site-packages/sklearn/utils/validation.py:2691: UserWarning: X does not have valid feature names, but LGBMRegressor was fitted with feature names
  warnings.warn(
16:15:12  WARNING  research.service        [evaluate_fitness] jitter probe entropy_confirmed_relative_strength_continuation_jit0 failed (min_periods 6 must be <= window 5) — skipped
/Users/lucawurker/Desktop/Imperial/Master Thesis/QuantFundAgent/venv/lib/python3.13/site-packages/sklearn/utils/validation.py:2691: UserWarning: X does not have valid feature names, but LGBMRegressor was fitted with feature names
  warnings.warn(
/Users/lucawurker/Desktop/Imperial/Master Thesis/QuantFundAgent/venv/lib/python3.13/site-packages/sklearn/utils/validation.py:2691: UserWarning: X does not have valid feature names, but LGBMRegressor was fitted with feature names
  warnings.warn(
16:15:15  WARNING  research.service        [evaluate_fitness] jitter probe critical_peer_cash_disclosure_latency_short_jit0 failed (min_periods 8 must be <= window 7) — skipped
/Users/lucawurker/Desktop/Imperial/Master Thesis/QuantFundAgent/venv/lib/python3.13/site-packages/sklearn/utils/validation.py:2691: UserWarning: X does not have valid feature names, but LGBMRegressor was fitted with feature names
  warnings.warn(
/Users/lucawurker/Desktop/Imperial/Master Thesis/QuantFundAgent/venv/lib/python3.13/site-packages/sklearn/utils/validation.py:2691: UserWarning: X does not have valid feature names, but LGBMRegressor was fitted with feature names
  warnings.warn(
/Users/lucawurker/Desktop/Imperial/Master Thesis/QuantFundAgent/venv/lib/python3.13/site-packages/sklearn/utils/validation.py:2691: UserWarning: X does not have valid feature names, but LGBMRegressor was fitted with feature names
  warnings.warn(
/Users/lucawurker/Desktop/Imperial/Master Thesis/QuantFundAgent/venv/lib/python3.13/site-packages/sklearn/utils/validation.py:2691: UserWarning: X does not have valid feature names, but LGBMRegressor was fitted with feature names
  warnings.warn(
/Users/lucawurker/Desktop/Imperial/Master Thesis/QuantFundAgent/venv/lib/python3.13/site-packages/sklearn/utils/validation.py:2691: UserWarning: X does not have valid feature names, but LGBMRegressor was fitted with feature names
  warnings.warn(
16:15:24  WARNING  research.service        [evaluate_fitness] jitter probe tail_funded_revision_peer_catchdown_jit0 failed (min_periods 5 must be <= window 4) — skipped
/Users/lucawurker/Desktop/Imperial/Master Thesis/QuantFundAgent/venv/lib/python3.13/site-packages/sklearn/utils/validation.py:2691: UserWarning: X does not have valid feature names, but LGBMRegressor was fitted with feature names
  warnings.warn(
16:15:26  INFO     evolution.loop          [leverage_modulated_idio_hawkes_stress_short] evaluation failed: candidate signal failed: operands could not be broadcast together with shapes (179,) (180,) 
16:15:26  WARNING  research.service        [evaluate_fitness] jitter probe opening_rejection_gated_periodic_impact_unwind_jit0 failed (min_periods 6 must be <= window 5) — skipped
/Users/lucawurker/Desktop/Imperial/Master Thesis/QuantFundAgent/venv/lib/python3.13/site-packages/sklearn/utils/validation.py:2691: UserWarning: X does not have valid feature names, but LGBMRegressor was fitted with feature names
  warnings.warn(
/Users/lucawurker/Desktop/Imperial/Master Thesis/QuantFundAgent/venv/lib/python3.13/site-packages/sklearn/utils/validation.py:2691: UserWarning: X does not have valid feature names, but LGBMRegressor was fitted with feature names
  warnings.warn(
/Users/lucawurker/Desktop/Imperial/Master Thesis/QuantFundAgent/venv/lib/python3.13/site-packages/sklearn/utils/validation.py:2691: UserWarning: X does not have valid feature names, but LGBMRegressor was fitted with feature names
  warnings.warn(
/Users/lucawurker/Desktop/Imperial/Master Thesis/QuantFundAgent/venv/lib/python3.13/site-packages/sklearn/utils/validation.py:2691: UserWarning: X does not have valid feature names, but LGBMRegressor was fitted with feature names
  warnings.warn(
/Users/lucawurker/Desktop/Imperial/Master Thesis/QuantFundAgent/venv/lib/python3.13/site-packages/sklearn/utils/validation.py:2691: UserWarning: X does not have valid feature names, but LGBMRegressor was fitted with feature names
  warnings.warn(
/Users/lucawurker/Desktop/Imperial/Master Thesis/QuantFundAgent/venv/lib/python3.13/site-packages/sklearn/utils/validation.py:2691: UserWarning: X does not have valid feature names, but LGBMRegressor was fitted with feature names
  warnings.warn(
/Users/lucawurker/Desktop/Imperial/Master Thesis/QuantFundAgent/venv/lib/python3.13/site-packages/sklearn/utils/validation.py:2691: UserWarning: X does not have valid feature names, but LGBMRegressor was fitted with feature names
  warnings.warn(
/Users/lucawurker/Desktop/Imperial/Master Thesis/QuantFundAgent/venv/lib/python3.13/site-packages/sklearn/utils/validation.py:2691: UserWarning: X does not have valid feature names, but LGBMRegressor was fitted with feature names
  warnings.warn(
/Users/lucawurker/Desktop/Imperial/Master Thesis/QuantFundAgent/venv/lib/python3.13/site-packages/sklearn/utils/validation.py:2691: UserWarning: X does not have valid feature names, but LGBMRegressor was fitted with feature names
  warnings.warn(
/Users/lucawurker/Desktop/Imperial/Master Thesis/QuantFundAgent/venv/lib/python3.13/site-packages/sklearn/utils/validation.py:2691: UserWarning: X does not have valid feature names, but LGBMRegressor was fitted with feature names
  warnings.warn(
16:15:47  WARNING  research.service        [evaluate_fitness] jitter probe phase_switch_propagator_absorption_release_jit0 failed (min_periods 4 must be <= window 3) — skipped
/Users/lucawurker/Desktop/Imperial/Master Thesis/QuantFundAgent/venv/lib/python3.13/site-packages/sklearn/utils/validation.py:2691: UserWarning: X does not have valid feature names, but LGBMRegressor was fitted with feature names
  warnings.warn(
/Users/lucawurker/Desktop/Imperial/Master Thesis/QuantFundAgent/venv/lib/python3.13/site-packages/sklearn/utils/validation.py:2691: UserWarning: X does not have valid feature names, but LGBMRegressor was fitted with feature names
  warnings.warn(
16:15:51  INFO     evolution.loop          generation 15: migrated 4 elite(s)
16:15:51  INFO     evolution.loop          generation 15: 39/48 children admitted; archive=8; n_trials=653
16:16:15  INFO     httpx                   HTTP Request: POST https://api.openai.com/v1/chat/completions "HTTP/1.1 200 OK"
16:16:25  INFO     httpx                   HTTP Request: POST https://api.openai.com/v1/chat/completions "HTTP/1.1 200 OK"
16:16:25  INFO     httpx                   HTTP Request: POST https://api.openai.com/v1/chat/completions "HTTP/1.1 200 OK"
16:16:32  INFO     httpx                   HTTP Request: POST https://api.openai.com/v1/chat/completions "HTTP/1.1 200 OK"
16:16:34  INFO     httpx                   HTTP Request: POST https://api.openai.com/v1/chat/completions "HTTP/1.1 200 OK"
16:16:34  INFO     evolution.loop          child attempt failed (Unterminated string starting at: line 12 column 11 (char 1383)) — retrying with feedback
16:16:40  INFO     httpx                   HTTP Request: POST https://api.openai.com/v1/chat/completions "HTTP/1.1 200 OK"
16:16:40  INFO     httpx                   HTTP Request: POST https://api.openai.com/v1/chat/completions "HTTP/1.1 200 OK"
16:16:44  INFO     httpx                   HTTP Request: POST https://api.openai.com/v1/chat/completions "HTTP/1.1 200 OK"
16:16:44  INFO     evolution.loop          child attempt failed (syntax error: unexpected character after line continuation character (<unknown>, line 1)) — retrying with feedback
16:16:53  INFO     httpx                   HTTP Request: POST https://api.openai.com/v1/chat/completions "HTTP/1.1 200 OK"
16:16:53  INFO     evolution.loop          child attempt failed (syntax error: unexpected character after line continuation character (<unknown>, line 1)) — retrying with feedback
16:16:57  INFO     httpx                   HTTP Request: POST https://api.openai.com/v1/chat/completions "HTTP/1.1 200 OK"
16:17:03  INFO     httpx                   HTTP Request: POST https://api.openai.com/v1/chat/completions "HTTP/1.1 200 OK"
16:17:03  INFO     evolution.loop          child attempt failed (syntax error: unexpected character after line continuation character (<unknown>, line 1)) — retrying with feedback
16:17:08  INFO     httpx                   HTTP Request: POST https://api.openai.com/v1/chat/completions "HTTP/1.1 200 OK"
16:17:09  INFO     httpx                   HTTP Request: POST https://api.openai.com/v1/chat/completions "HTTP/1.1 200 OK"
16:17:11  INFO     httpx                   HTTP Request: POST https://api.openai.com/v1/chat/completions "HTTP/1.1 200 OK"
16:17:12  INFO     httpx                   HTTP Request: POST https://api.openai.com/v1/chat/completions "HTTP/1.1 200 OK"
16:17:32  INFO     httpx                   HTTP Request: POST https://api.openai.com/v1/chat/completions "HTTP/1.1 200 OK"
16:17:35  INFO     httpx                   HTTP Request: POST https://api.openai.com/v1/chat/completions "HTTP/1.1 200 OK"
16:17:36  INFO     httpx                   HTTP Request: POST https://api.openai.com/v1/chat/completions "HTTP/1.1 200 OK"
16:17:41  INFO     httpx                   HTTP Request: POST https://api.openai.com/v1/chat/completions "HTTP/1.1 200 OK"
16:17:41  INFO     evolution.loop          child attempt failed (syntax error: unexpected character after line continuation character (<unknown>, line 1)) — retrying with feedback
16:17:43  INFO     httpx                   HTTP Request: POST https://api.openai.com/v1/chat/completions "HTTP/1.1 200 OK"
16:17:44  INFO     httpx                   HTTP Request: POST https://api.openai.com/v1/chat/completions "HTTP/1.1 200 OK"
16:17:49  INFO     httpx                   HTTP Request: POST https://api.openai.com/v1/chat/completions "HTTP/1.1 200 OK"
16:17:54  INFO     httpx                   HTTP Request: POST https://api.openai.com/v1/chat/completions "HTTP/1.1 200 OK"
16:17:54  INFO     evolution.loop          child attempt failed (syntax error: unexpected character after line continuation character (<unknown>, line 1)) — retrying with feedback
16:18:07  INFO     httpx                   HTTP Request: POST https://api.openai.com/v1/chat/completions "HTTP/1.1 200 OK"
16:18:16  INFO     httpx                   HTTP Request: POST https://api.openai.com/v1/chat/completions "HTTP/1.1 200 OK"
16:18:16  INFO     evolution.loop          child attempt failed (Unterminated string starting at: line 12 column 11 (char 1376)) — retrying with feedback
16:18:17  INFO     httpx                   HTTP Request: POST https://api.openai.com/v1/chat/completions "HTTP/1.1 200 OK"
16:18:18  INFO     httpx                   HTTP Request: POST https://api.openai.com/v1/chat/completions "HTTP/1.1 200 OK"
16:18:19  INFO     httpx                   HTTP Request: POST https://api.openai.com/v1/chat/completions "HTTP/1.1 200 OK"
16:18:19  INFO     httpx                   HTTP Request: POST https://api.openai.com/v1/chat/completions "HTTP/1.1 200 OK"
16:18:30  INFO     httpx                   HTTP Request: POST https://api.openai.com/v1/chat/completions "HTTP/1.1 200 OK"
16:18:36  INFO     httpx                   HTTP Request: POST https://api.openai.com/v1/chat/completions "HTTP/1.1 200 OK"
16:18:36  INFO     evolution.loop          child attempt failed (Unterminated string starting at: line 12 column 11 (char 1420)) — retrying with feedback
16:18:38  INFO     httpx                   HTTP Request: POST https://api.openai.com/v1/chat/completions "HTTP/1.1 200 OK"
16:18:41  INFO     httpx                   HTTP Request: POST https://api.openai.com/v1/chat/completions "HTTP/1.1 200 OK"
16:18:47  INFO     httpx                   HTTP Request: POST https://api.openai.com/v1/chat/completions "HTTP/1.1 200 OK"
16:18:55  INFO     httpx                   HTTP Request: POST https://api.openai.com/v1/chat/completions "HTTP/1.1 200 OK"
16:18:55  INFO     evolution.loop          child attempt failed (syntax error: unexpected character after line continuation character (<unknown>, line 1)) — retrying with feedback
16:18:57  INFO     httpx                   HTTP Request: POST https://api.openai.com/v1/chat/completions "HTTP/1.1 200 OK"
16:18:57  INFO     evolution.loop          child attempt failed (Unterminated string starting at: line 12 column 11 (char 1287)) — retrying with feedback
16:19:08  INFO     httpx                   HTTP Request: POST https://api.openai.com/v1/chat/completions "HTTP/1.1 200 OK"
16:19:09  INFO     httpx                   HTTP Request: POST https://api.openai.com/v1/chat/completions "HTTP/1.1 200 OK"
16:19:09  INFO     evolution.loop          child attempt failed (syntax error: unexpected character after line continuation character (<unknown>, line 1)) — retrying with feedback
16:19:09  INFO     httpx                   HTTP Request: POST https://api.openai.com/v1/chat/completions "HTTP/1.1 200 OK"
16:19:09  INFO     evolution.loop          child attempt failed (syntax error: unexpected character after line continuation character (<unknown>, line 1)) — retrying with feedback
16:19:16  INFO     httpx                   HTTP Request: POST https://api.openai.com/v1/chat/completions "HTTP/1.1 200 OK"
16:19:20  INFO     httpx                   HTTP Request: POST https://api.openai.com/v1/chat/completions "HTTP/1.1 200 OK"
16:19:20  INFO     evolution.loop          child failed twice (syntax error: unexpected character after line continuation character (<unknown>, line 1)) — dropped
16:19:21  INFO     httpx                   HTTP Request: POST https://api.openai.com/v1/chat/completions "HTTP/1.1 200 OK"
16:19:23  INFO     httpx                   HTTP Request: POST https://api.openai.com/v1/chat/completions "HTTP/1.1 200 OK"
16:19:23  INFO     evolution.loop          child failed twice (syntax error: unexpected character after line continuation character (<unknown>, line 1)) — dropped
16:19:23  INFO     httpx                   HTTP Request: POST https://api.openai.com/v1/chat/completions "HTTP/1.1 200 OK"
16:19:42  INFO     httpx                   HTTP Request: POST https://api.openai.com/v1/chat/completions "HTTP/1.1 200 OK"
16:19:42  INFO     evolution.loop          child failed twice (syntax error: unexpected character after line continuation character (<unknown>, line 1)) — dropped
16:19:44  INFO     httpx                   HTTP Request: POST https://api.openai.com/v1/chat/completions "HTTP/1.1 200 OK"
16:19:44  INFO     httpx                   HTTP Request: POST https://api.openai.com/v1/chat/completions "HTTP/1.1 200 OK"
16:19:46  INFO     httpx                   HTTP Request: POST https://api.openai.com/v1/chat/completions "HTTP/1.1 200 OK"
16:20:05  INFO     httpx                   HTTP Request: POST https://api.openai.com/v1/chat/completions "HTTP/1.1 200 OK"
16:20:05  INFO     httpx                   HTTP Request: POST https://api.openai.com/v1/chat/completions "HTTP/1.1 200 OK"
16:20:07  INFO     httpx                   HTTP Request: POST https://api.openai.com/v1/chat/completions "HTTP/1.1 200 OK"
16:20:14  INFO     httpx                   HTTP Request: POST https://api.openai.com/v1/chat/completions "HTTP/1.1 200 OK"
/Users/lucawurker/Desktop/Imperial/Master Thesis/QuantFundAgent/venv/lib/python3.13/site-packages/sklearn/utils/validation.py:2691: UserWarning: X does not have valid feature names, but LGBMRegressor was fitted with feature names
  warnings.warn(
/Users/lucawurker/Desktop/Imperial/Master Thesis/QuantFundAgent/venv/lib/python3.13/site-packages/sklearn/utils/validation.py:2691: UserWarning: X does not have valid feature names, but LGBMRegressor was fitted with feature names
  warnings.warn(
/Users/lucawurker/Desktop/Imperial/Master Thesis/QuantFundAgent/venv/lib/python3.13/site-packages/sklearn/utils/validation.py:2691: UserWarning: X does not have valid feature names, but LGBMRegressor was fitted with feature names
  warnings.warn(
/Users/lucawurker/Desktop/Imperial/Master Thesis/QuantFundAgent/venv/lib/python3.13/site-packages/sklearn/utils/validation.py:2691: UserWarning: X does not have valid feature names, but LGBMRegressor was fitted with feature names
  warnings.warn(
/Users/lucawurker/Desktop/Imperial/Master Thesis/QuantFundAgent/venv/lib/python3.13/site-packages/sklearn/utils/validation.py:2691: UserWarning: X does not have valid feature names, but LGBMRegressor was fitted with feature names
  warnings.warn(
/Users/lucawurker/Desktop/Imperial/Master Thesis/QuantFundAgent/venv/lib/python3.13/site-packages/sklearn/utils/validation.py:2691: UserWarning: X does not have valid feature names, but LGBMRegressor was fitted with feature names
  warnings.warn(
/Users/lucawurker/Desktop/Imperial/Master Thesis/QuantFundAgent/venv/lib/python3.13/site-packages/sklearn/utils/validation.py:2691: UserWarning: X does not have valid feature names, but LGBMRegressor was fitted with feature names
  warnings.warn(
/Users/lucawurker/Desktop/Imperial/Master Thesis/QuantFundAgent/venv/lib/python3.13/site-packages/sklearn/utils/validation.py:2691: UserWarning: X does not have valid feature names, but LGBMRegressor was fitted with feature names
  warnings.warn(
16:20:33  WARNING  research.service        [evaluate_fitness] jitter probe sector_synchrony_funding_capacity_rotation_jit0 failed (min_periods 4 must be <= window 3) — skipped
/Users/lucawurker/Desktop/Imperial/Master Thesis/QuantFundAgent/venv/lib/python3.13/site-packages/sklearn/utils/validation.py:2691: UserWarning: X does not have valid feature names, but LGBMRegressor was fitted with feature names
  warnings.warn(
/Users/lucawurker/Desktop/Imperial/Master Thesis/QuantFundAgent/venv/lib/python3.13/site-packages/sklearn/utils/validation.py:2691: UserWarning: X does not have valid feature names, but LGBMRegressor was fitted with feature names
  warnings.warn(
/Users/lucawurker/Desktop/Imperial/Master Thesis/QuantFundAgent/venv/lib/python3.13/site-packages/sklearn/utils/validation.py:2691: UserWarning: X does not have valid feature names, but LGBMRegressor was fitted with feature names
  warnings.warn(
/Users/lucawurker/Desktop/Imperial/Master Thesis/QuantFundAgent/venv/lib/python3.13/site-packages/pandas/core/internals/blocks.py:347: RuntimeWarning: divide by zero encountered in log
  result = func(self.values, **kwargs)
16:21:02  WARNING  research.service        [evaluate_fitness] jitter probe fundamental_authenticated_terminal_relay_overrid_jit0 failed (min_periods 10 must be <= window 9) — skipped
/Users/lucawurker/Desktop/Imperial/Master Thesis/QuantFundAgent/venv/lib/python3.13/site-packages/pandas/core/internals/blocks.py:347: RuntimeWarning: divide by zero encountered in log
  result = func(self.values, **kwargs)
/Users/lucawurker/Desktop/Imperial/Master Thesis/QuantFundAgent/venv/lib/python3.13/site-packages/sklearn/utils/validation.py:2691: UserWarning: X does not have valid feature names, but LGBMRegressor was fitted with feature names
  warnings.warn(
/Users/lucawurker/Desktop/Imperial/Master Thesis/QuantFundAgent/venv/lib/python3.13/site-packages/sklearn/utils/validation.py:2691: UserWarning: X does not have valid feature names, but LGBMRegressor was fitted with feature names
  warnings.warn(
/Users/lucawurker/Desktop/Imperial/Master Thesis/QuantFundAgent/venv/lib/python3.13/site-packages/sklearn/utils/validation.py:2691: UserWarning: X does not have valid feature names, but LGBMRegressor was fitted with feature names
  warnings.warn(
/Users/lucawurker/Desktop/Imperial/Master Thesis/QuantFundAgent/venv/lib/python3.13/site-packages/sklearn/utils/validation.py:2691: UserWarning: X does not have valid feature names, but LGBMRegressor was fitted with feature names
  warnings.warn(
16:21:11  WARNING  research.service        [evaluate_fitness] jitter probe peer_seeded_unpriced_sell_reserve_jit0 failed (min_periods 5 must be <= window 4) — skipped
/Users/lucawurker/Desktop/Imperial/Master Thesis/QuantFundAgent/venv/lib/python3.13/site-packages/sklearn/utils/validation.py:2691: UserWarning: X does not have valid feature names, but LGBMRegressor was fitted with feature names
  warnings.warn(
/Users/lucawurker/Desktop/Imperial/Master Thesis/QuantFundAgent/venv/lib/python3.13/site-packages/sklearn/utils/validation.py:2691: UserWarning: X does not have valid feature names, but LGBMRegressor was fitted with feature names
  warnings.warn(
16:21:14  WARNING  research.service        [evaluate_fitness] jitter probe synchrony_noise_informed_arrival_polarity_jit0 failed (min_periods 12 must be <= window 11) — skipped
/Users/lucawurker/Desktop/Imperial/Master Thesis/QuantFundAgent/venv/lib/python3.13/site-packages/sklearn/utils/validation.py:2691: UserWarning: X does not have valid feature names, but LGBMRegressor was fitted with feature names
  warnings.warn(
/Users/lucawurker/Desktop/Imperial/Master Thesis/QuantFundAgent/venv/lib/python3.13/site-packages/sklearn/utils/validation.py:2691: UserWarning: X does not have valid feature names, but LGBMRegressor was fitted with feature names
  warnings.warn(
/Users/lucawurker/Desktop/Imperial/Master Thesis/QuantFundAgent/venv/lib/python3.13/site-packages/sklearn/utils/validation.py:2691: UserWarning: X does not have valid feature names, but LGBMRegressor was fitted with feature names
  warnings.warn(
/Users/lucawurker/Desktop/Imperial/Master Thesis/QuantFundAgent/venv/lib/python3.13/site-packages/pandas/core/internals/blocks.py:347: RuntimeWarning: divide by zero encountered in log
  result = func(self.values, **kwargs)
/Users/lucawurker/Desktop/Imperial/Master Thesis/QuantFundAgent/venv/lib/python3.13/site-packages/pandas/core/internals/blocks.py:347: RuntimeWarning: divide by zero encountered in log
  result = func(self.values, **kwargs)
/Users/lucawurker/Desktop/Imperial/Master Thesis/QuantFundAgent/venv/lib/python3.13/site-packages/pandas/core/internals/blocks.py:347: RuntimeWarning: divide by zero encountered in log
  result = func(self.values, **kwargs)
/Users/lucawurker/Desktop/Imperial/Master Thesis/QuantFundAgent/venv/lib/python3.13/site-packages/pandas/core/internals/blocks.py:347: RuntimeWarning: divide by zero encountered in log
  result = func(self.values, **kwargs)
/Users/lucawurker/Desktop/Imperial/Master Thesis/QuantFundAgent/venv/lib/python3.13/site-packages/pandas/core/internals/blocks.py:347: RuntimeWarning: divide by zero encountered in log
  result = func(self.values, **kwargs)
/Users/lucawurker/Desktop/Imperial/Master Thesis/QuantFundAgent/venv/lib/python3.13/site-packages/pandas/core/internals/blocks.py:347: RuntimeWarning: divide by zero encountered in log
  result = func(self.values, **kwargs)
/Users/lucawurker/Desktop/Imperial/Master Thesis/QuantFundAgent/venv/lib/python3.13/site-packages/sklearn/utils/validation.py:2691: UserWarning: X does not have valid feature names, but LGBMRegressor was fitted with feature names
  warnings.warn(
16:21:22  WARNING  research.service        [evaluate_fitness] jitter probe attention_anchor_escape_compression_jit0 failed (min_periods 3 must be <= window 2) — skipped
/Users/lucawurker/Desktop/Imperial/Master Thesis/QuantFundAgent/venv/lib/python3.13/site-packages/sklearn/utils/validation.py:2691: UserWarning: X does not have valid feature names, but LGBMRegressor was fitted with feature names
  warnings.warn(
16:21:35  WARNING  research.service        [evaluate_fitness] jitter probe orderly_tape_narrative_divergence_reversal_jit0 failed (min_periods 12 must be <= window 11) — skipped
/Users/lucawurker/Desktop/Imperial/Master Thesis/QuantFundAgent/venv/lib/python3.13/site-packages/sklearn/utils/validation.py:2691: UserWarning: X does not have valid feature names, but LGBMRegressor was fitted with feature names
  warnings.warn(
16:21:43  INFO     evolution.loop          [cash_conversion_funding_surprise_trap_j] evaluation failed: candidate signal failed: min_periods 5 must be <= window 4
/Users/lucawurker/Desktop/Imperial/Master Thesis/QuantFundAgent/venv/lib/python3.13/site-packages/sklearn/utils/validation.py:2691: UserWarning: X does not have valid feature names, but LGBMRegressor was fitted with feature names
  warnings.warn(
/Users/lucawurker/Desktop/Imperial/Master Thesis/QuantFundAgent/venv/lib/python3.13/site-packages/sklearn/utils/validation.py:2691: UserWarning: X does not have valid feature names, but LGBMRegressor was fitted with feature names
  warnings.warn(
/Users/lucawurker/Desktop/Imperial/Master Thesis/QuantFundAgent/venv/lib/python3.13/site-packages/sklearn/utils/validation.py:2691: UserWarning: X does not have valid feature names, but LGBMRegressor was fitted with feature names
  warnings.warn(
16:21:50  WARNING  research.service        [evaluate_fitness] jitter probe volume_clock_hysteresis_impulse_response_jit0 failed (min_periods 20 must be <= window 18) — skipped
/Users/lucawurker/Desktop/Imperial/Master Thesis/QuantFundAgent/venv/lib/python3.13/site-packages/sklearn/utils/validation.py:2691: UserWarning: X does not have valid feature names, but LGBMRegressor was fitted with feature names
  warnings.warn(
/Users/lucawurker/Desktop/Imperial/Master Thesis/QuantFundAgent/venv/lib/python3.13/site-packages/sklearn/utils/validation.py:2691: UserWarning: X does not have valid feature names, but LGBMRegressor was fitted with feature names
  warnings.warn(
/Users/lucawurker/Desktop/Imperial/Master Thesis/QuantFundAgent/venv/lib/python3.13/site-packages/sklearn/utils/validation.py:2691: UserWarning: X does not have valid feature names, but LGBMRegressor was fitted with feature names
  warnings.warn(
/Users/lucawurker/Desktop/Imperial/Master Thesis/QuantFundAgent/venv/lib/python3.13/site-packages/sklearn/utils/validation.py:2691: UserWarning: X does not have valid feature names, but LGBMRegressor was fitted with feature names
  warnings.warn(
/Users/lucawurker/Desktop/Imperial/Master Thesis/QuantFundAgent/venv/lib/python3.13/site-packages/sklearn/utils/validation.py:2691: UserWarning: X does not have valid feature names, but LGBMRegressor was fitted with feature names
  warnings.warn(
16:21:59  WARNING  research.service        [evaluate_fitness] jitter probe catalyst_cadence_terminal_release_synthesis_jit0 failed (min_periods 3 must be <= window 2) — skipped
/Users/lucawurker/Desktop/Imperial/Master Thesis/QuantFundAgent/venv/lib/python3.13/site-packages/sklearn/utils/validation.py:2691: UserWarning: X does not have valid feature names, but LGBMRegressor was fitted with feature names
  warnings.warn(
/Users/lucawurker/Desktop/Imperial/Master Thesis/QuantFundAgent/venv/lib/python3.13/site-packages/sklearn/utils/validation.py:2691: UserWarning: X does not have valid feature names, but LGBMRegressor was fitted with feature names
  warnings.warn(
/Users/lucawurker/Desktop/Imperial/Master Thesis/QuantFundAgent/venv/lib/python3.13/site-packages/sklearn/utils/validation.py:2691: UserWarning: X does not have valid feature names, but LGBMRegressor was fitted with feature names
  warnings.warn(
/Users/lucawurker/Desktop/Imperial/Master Thesis/QuantFundAgent/venv/lib/python3.13/site-packages/sklearn/utils/validation.py:2691: UserWarning: X does not have valid feature names, but LGBMRegressor was fitted with feature names
  warnings.warn(
/Users/lucawurker/Desktop/Imperial/Master Thesis/QuantFundAgent/venv/lib/python3.13/site-packages/sklearn/utils/validation.py:2691: UserWarning: X does not have valid feature names, but LGBMRegressor was fitted with feature names
  warnings.warn(
/Users/lucawurker/Desktop/Imperial/Master Thesis/QuantFundAgent/venv/lib/python3.13/site-packages/sklearn/utils/validation.py:2691: UserWarning: X does not have valid feature names, but LGBMRegressor was fitted with feature names
  warnings.warn(
16:22:13  WARNING  research.service        [evaluate_fitness] jitter probe peer_cooling_absorbed_reaccumulation_repair_jit0 failed (min_periods 3 must be <= window 2) — skipped
/Users/lucawurker/Desktop/Imperial/Master Thesis/QuantFundAgent/venv/lib/python3.13/site-packages/sklearn/utils/validation.py:2691: UserWarning: X does not have valid feature names, but LGBMRegressor was fitted with feature names
  warnings.warn(
/Users/lucawurker/Desktop/Imperial/Master Thesis/QuantFundAgent/venv/lib/python3.13/site-packages/sklearn/utils/validation.py:2691: UserWarning: X does not have valid feature names, but LGBMRegressor was fitted with feature names
  warnings.warn(
/Users/lucawurker/Desktop/Imperial/Master Thesis/QuantFundAgent/venv/lib/python3.13/site-packages/sklearn/utils/validation.py:2691: UserWarning: X does not have valid feature names, but LGBMRegressor was fitted with feature names
  warnings.warn(
/Users/lucawurker/Desktop/Imperial/Master Thesis/QuantFundAgent/venv/lib/python3.13/site-packages/sklearn/utils/validation.py:2691: UserWarning: X does not have valid feature names, but LGBMRegressor was fitted with feature names
  warnings.warn(
/Users/lucawurker/Desktop/Imperial/Master Thesis/QuantFundAgent/venv/lib/python3.13/site-packages/sklearn/utils/validation.py:2691: UserWarning: X does not have valid feature names, but LGBMRegressor was fitted with feature names
  warnings.warn(
16:22:23  INFO     evolution.loop          generation 16: 42/48 children admitted; archive=8; n_trials=695
16:22:51  INFO     httpx                   HTTP Request: POST https://api.openai.com/v1/chat/completions "HTTP/1.1 200 OK"
16:22:54  INFO     httpx                   HTTP Request: POST https://api.openai.com/v1/chat/completions "HTTP/1.1 200 OK"
16:22:54  INFO     httpx                   HTTP Request: POST https://api.openai.com/v1/chat/completions "HTTP/1.1 200 OK"
16:22:55  INFO     httpx                   HTTP Request: POST https://api.openai.com/v1/chat/completions "HTTP/1.1 200 OK"
16:23:00  INFO     httpx                   HTTP Request: POST https://api.openai.com/v1/chat/completions "HTTP/1.1 200 OK"
16:23:00  INFO     evolution.loop          child attempt failed (syntax error: unexpected character after line continuation character (<unknown>, line 1)) — retrying with feedback
16:23:08  INFO     httpx                   HTTP Request: POST https://api.openai.com/v1/chat/completions "HTTP/1.1 200 OK"
16:23:08  INFO     evolution.loop          child attempt failed (Unterminated string starting at: line 12 column 11 (char 1434)) — retrying with feedback
16:23:11  INFO     httpx                   HTTP Request: POST https://api.openai.com/v1/chat/completions "HTTP/1.1 200 OK"
16:23:13  INFO     httpx                   HTTP Request: POST https://api.openai.com/v1/chat/completions "HTTP/1.1 200 OK"
16:23:20  INFO     httpx                   HTTP Request: POST https://api.openai.com/v1/chat/completions "HTTP/1.1 200 OK"
16:23:31  INFO     httpx                   HTTP Request: POST https://api.openai.com/v1/chat/completions "HTTP/1.1 200 OK"
16:23:36  INFO     httpx                   HTTP Request: POST https://api.openai.com/v1/chat/completions "HTTP/1.1 200 OK"
16:23:36  INFO     evolution.loop          child attempt failed (syntax error: unexpected character after line continuation character (<unknown>, line 1)) — retrying with feedback
16:23:39  INFO     httpx                   HTTP Request: POST https://api.openai.com/v1/chat/completions "HTTP/1.1 200 OK"
16:23:42  INFO     httpx                   HTTP Request: POST https://api.openai.com/v1/chat/completions "HTTP/1.1 200 OK"
16:23:48  INFO     httpx                   HTTP Request: POST https://api.openai.com/v1/chat/completions "HTTP/1.1 200 OK"
16:23:51  INFO     httpx                   HTTP Request: POST https://api.openai.com/v1/chat/completions "HTTP/1.1 200 OK"
16:24:01  INFO     httpx                   HTTP Request: POST https://api.openai.com/v1/chat/completions "HTTP/1.1 200 OK"
16:24:01  INFO     evolution.loop          child attempt failed (syntax error: unexpected character after line continuation character (<unknown>, line 1)) — retrying with feedback
16:24:03  INFO     httpx                   HTTP Request: POST https://api.openai.com/v1/chat/completions "HTTP/1.1 200 OK"
16:24:03  INFO     evolution.loop          child failed twice (syntax error: unexpected character after line continuation character (<unknown>, line 1)) — dropped
16:24:05  INFO     httpx                   HTTP Request: POST https://api.openai.com/v1/chat/completions "HTTP/1.1 200 OK"
16:24:11  INFO     httpx                   HTTP Request: POST https://api.openai.com/v1/chat/completions "HTTP/1.1 200 OK"
16:24:11  INFO     httpx                   HTTP Request: POST https://api.openai.com/v1/chat/completions "HTTP/1.1 200 OK"
16:24:11  INFO     evolution.loop          child attempt failed (Unterminated string starting at: line 12 column 11 (char 1224)) — retrying with feedback
16:24:17  INFO     httpx                   HTTP Request: POST https://api.openai.com/v1/chat/completions "HTTP/1.1 200 OK"
16:24:22  INFO     httpx                   HTTP Request: POST https://api.openai.com/v1/chat/completions "HTTP/1.1 200 OK"
16:24:27  INFO     httpx                   HTTP Request: POST https://api.openai.com/v1/chat/completions "HTTP/1.1 200 OK"
16:24:27  INFO     evolution.loop          child attempt failed (syntax error: unexpected character after line continuation character (<unknown>, line 1)) — retrying with feedback
16:24:30  INFO     httpx                   HTTP Request: POST https://api.openai.com/v1/chat/completions "HTTP/1.1 200 OK"
16:24:40  INFO     httpx                   HTTP Request: POST https://api.openai.com/v1/chat/completions "HTTP/1.1 200 OK"
16:24:40  INFO     httpx                   HTTP Request: POST https://api.openai.com/v1/chat/completions "HTTP/1.1 200 OK"
16:24:48  INFO     httpx                   HTTP Request: POST https://api.openai.com/v1/chat/completions "HTTP/1.1 200 OK"
16:24:51  INFO     httpx                   HTTP Request: POST https://api.openai.com/v1/chat/completions "HTTP/1.1 200 OK"
16:24:51  INFO     evolution.loop          child attempt failed (syntax error: unexpected character after line continuation character (<unknown>, line 1)) — retrying with feedback
16:24:54  INFO     httpx                   HTTP Request: POST https://api.openai.com/v1/chat/completions "HTTP/1.1 200 OK"
16:24:56  INFO     httpx                   HTTP Request: POST https://api.openai.com/v1/chat/completions "HTTP/1.1 200 OK"
16:24:56  INFO     evolution.loop          child failed twice (syntax error: unexpected character after line continuation character (<unknown>, line 1)) — dropped
16:25:05  INFO     httpx                   HTTP Request: POST https://api.openai.com/v1/chat/completions "HTTP/1.1 200 OK"
16:25:09  INFO     httpx                   HTTP Request: POST https://api.openai.com/v1/chat/completions "HTTP/1.1 200 OK"
16:25:11  INFO     httpx                   HTTP Request: POST https://api.openai.com/v1/chat/completions "HTTP/1.1 200 OK"
16:25:11  INFO     evolution.loop          child attempt failed (syntax error: unexpected character after line continuation character (<unknown>, line 1)) — retrying with feedback
16:25:12  INFO     httpx                   HTTP Request: POST https://api.openai.com/v1/chat/completions "HTTP/1.1 200 OK"
16:25:14  INFO     httpx                   HTTP Request: POST https://api.openai.com/v1/chat/completions "HTTP/1.1 200 OK"
16:25:20  INFO     httpx                   HTTP Request: POST https://api.openai.com/v1/chat/completions "HTTP/1.1 200 OK"
16:25:20  INFO     evolution.loop          child attempt failed (syntax error: unexpected character after line continuation character (<unknown>, line 1)) — retrying with feedback
16:25:25  INFO     httpx                   HTTP Request: POST https://api.openai.com/v1/chat/completions "HTTP/1.1 200 OK"
16:25:38  INFO     httpx                   HTTP Request: POST https://api.openai.com/v1/chat/completions "HTTP/1.1 200 OK"
16:25:38  INFO     evolution.loop          child failed twice (syntax error: unexpected character after line continuation character (<unknown>, line 1)) — dropped
16:25:39  INFO     httpx                   HTTP Request: POST https://api.openai.com/v1/chat/completions "HTTP/1.1 200 OK"
16:25:39  INFO     evolution.loop          child attempt failed (syntax error: unexpected character after line continuation character (<unknown>, line 1)) — retrying with feedback
16:25:41  INFO     httpx                   HTTP Request: POST https://api.openai.com/v1/chat/completions "HTTP/1.1 200 OK"
16:25:42  INFO     httpx                   HTTP Request: POST https://api.openai.com/v1/chat/completions "HTTP/1.1 200 OK"
16:25:42  INFO     evolution.loop          child failed twice (syntax error: unexpected character after line continuation character (<unknown>, line 1)) — dropped
16:25:59  INFO     httpx                   HTTP Request: POST https://api.openai.com/v1/chat/completions "HTTP/1.1 200 OK"
16:26:02  INFO     httpx                   HTTP Request: POST https://api.openai.com/v1/chat/completions "HTTP/1.1 200 OK"
16:26:02  INFO     httpx                   HTTP Request: POST https://api.openai.com/v1/chat/completions "HTTP/1.1 200 OK"
16:26:05  INFO     httpx                   HTTP Request: POST https://api.openai.com/v1/chat/completions "HTTP/1.1 200 OK"
16:26:05  INFO     evolution.loop          child attempt failed (syntax error: unexpected character after line continuation character (<unknown>, line 1)) — retrying with feedback
16:26:06  INFO     httpx                   HTTP Request: POST https://api.openai.com/v1/chat/completions "HTTP/1.1 200 OK"
16:26:10  INFO     httpx                   HTTP Request: POST https://api.openai.com/v1/chat/completions "HTTP/1.1 200 OK"
16:26:11  INFO     httpx                   HTTP Request: POST https://api.openai.com/v1/chat/completions "HTTP/1.1 200 OK"
16:26:20  INFO     httpx                   HTTP Request: POST https://api.openai.com/v1/chat/completions "HTTP/1.1 200 OK"
16:26:20  INFO     evolution.loop          child attempt failed (syntax error: unexpected character after line continuation character (<unknown>, line 1)) — retrying with feedback
16:26:33  INFO     httpx                   HTTP Request: POST https://api.openai.com/v1/chat/completions "HTTP/1.1 200 OK"
16:26:41  INFO     httpx                   HTTP Request: POST https://api.openai.com/v1/chat/completions "HTTP/1.1 200 OK"
16:26:42  INFO     httpx                   HTTP Request: POST https://api.openai.com/v1/chat/completions "HTTP/1.1 200 OK"
16:26:42  INFO     evolution.loop          child attempt failed (Unterminated string starting at: line 12 column 11 (char 1334)) — retrying with feedback
16:26:47  INFO     httpx                   HTTP Request: POST https://api.openai.com/v1/chat/completions "HTTP/1.1 200 OK"
16:26:53  INFO     httpx                   HTTP Request: POST https://api.openai.com/v1/chat/completions "HTTP/1.1 200 OK"
16:27:23  INFO     httpx                   HTTP Request: POST https://api.openai.com/v1/chat/completions "HTTP/1.1 200 OK"
16:27:23  INFO     evolution.loop          child failed twice (syntax error: unexpected character after line continuation character (<unknown>, line 1)) — dropped
/Users/lucawurker/Desktop/Imperial/Master Thesis/QuantFundAgent/venv/lib/python3.13/site-packages/sklearn/utils/validation.py:2691: UserWarning: X does not have valid feature names, but LGBMRegressor was fitted with feature names
  warnings.warn(
/Users/lucawurker/Desktop/Imperial/Master Thesis/QuantFundAgent/venv/lib/python3.13/site-packages/sklearn/utils/validation.py:2691: UserWarning: X does not have valid feature names, but LGBMRegressor was fitted with feature names
  warnings.warn(
/Users/lucawurker/Desktop/Imperial/Master Thesis/QuantFundAgent/venv/lib/python3.13/site-packages/sklearn/utils/validation.py:2691: UserWarning: X does not have valid feature names, but LGBMRegressor was fitted with feature names
  warnings.warn(
16:27:30  WARNING  research.service        [evaluate_fitness] jitter probe estimate_wedge_opposing_inventory_release_jit0 failed (min_periods 12 must be <= window 11) — skipped
/Users/lucawurker/Desktop/Imperial/Master Thesis/QuantFundAgent/venv/lib/python3.13/site-packages/sklearn/utils/validation.py:2691: UserWarning: X does not have valid feature names, but LGBMRegressor was fitted with feature names
  warnings.warn(
<factor:peer_revision_loading_stale_receiver>:27: RuntimeWarning: invalid value encountered in divide
<factor:peer_revision_loading_stale_receiver>:27: RuntimeWarning: invalid value encountered in divide
<factor:peer_revision_loading_stale_receiver>:27: RuntimeWarning: invalid value encountered in divide
<factor:peer_revision_loading_stale_receiver>:27: RuntimeWarning: invalid value encountered in divide
<factor:peer_revision_loading_stale_receiver>:27: RuntimeWarning: invalid value encountered in divide
<factor:peer_revision_loading_stale_receiver>:27: RuntimeWarning: invalid value encountered in divide
<factor:peer_revision_loading_stale_receiver>:27: RuntimeWarning: invalid value encountered in divide
<factor:peer_revision_loading_stale_receiver>:27: RuntimeWarning: invalid value encountered in divide
<factor:peer_revision_loading_stale_receiver>:27: RuntimeWarning: invalid value encountered in divide
<factor:peer_revision_loading_stale_receiver>:27: RuntimeWarning: invalid value encountered in divide
<factor:peer_revision_loading_stale_receiver>:27: RuntimeWarning: invalid value encountered in divide
<factor:peer_revision_loading_stale_receiver>:27: RuntimeWarning: invalid value encountered in divide
<factor:peer_revision_loading_stale_receiver>:27: RuntimeWarning: invalid value encountered in divide
<factor:peer_revision_loading_stale_receiver>:27: RuntimeWarning: invalid value encountered in divide
<factor:peer_revision_loading_stale_receiver>:27: RuntimeWarning: invalid value encountered in divide
<factor:peer_revision_loading_stale_receiver>:27: RuntimeWarning: invalid value encountered in divide
<factor:peer_revision_loading_stale_receiver>:27: RuntimeWarning: invalid value encountered in divide
<factor:peer_revision_loading_stale_receiver>:27: RuntimeWarning: invalid value encountered in divide
<factor:peer_revision_loading_stale_receiver>:27: RuntimeWarning: invalid value encountered in divide
<factor:peer_revision_loading_stale_receiver>:27: RuntimeWarning: invalid value encountered in divide
<factor:peer_revision_loading_stale_receiver>:25: RuntimeWarning: invalid value encountered in subtract
<factor:peer_revision_loading_stale_receiver>:27: RuntimeWarning: invalid value encountered in divide
<factor:peer_revision_loading_stale_receiver>:27: RuntimeWarning: invalid value encountered in divide
<factor:peer_revision_loading_stale_receiver>:27: RuntimeWarning: invalid value encountered in divide
<factor:peer_revision_loading_stale_receiver>:27: RuntimeWarning: invalid value encountered in divide
<factor:peer_revision_loading_stale_receiver>:27: RuntimeWarning: invalid value encountered in divide
<factor:peer_revision_loading_stale_receiver>:27: RuntimeWarning: invalid value encountered in divide
<factor:peer_revision_loading_stale_receiver>:27: RuntimeWarning: invalid value encountered in divide
<factor:peer_revision_loading_stale_receiver>:27: RuntimeWarning: invalid value encountered in divide
<factor:peer_revision_loading_stale_receiver>:27: RuntimeWarning: invalid value encountered in divide
<factor:peer_revision_loading_stale_receiver>:27: RuntimeWarning: invalid value encountered in divide
<factor:peer_revision_loading_stale_receiver>:27: RuntimeWarning: invalid value encountered in divide
<factor:peer_revision_loading_stale_receiver>:27: RuntimeWarning: invalid value encountered in divide
<factor:peer_revision_loading_stale_receiver>:27: RuntimeWarning: invalid value encountered in divide
<factor:peer_revision_loading_stale_receiver>:27: RuntimeWarning: invalid value encountered in divide
<factor:peer_revision_loading_stale_receiver>:27: RuntimeWarning: invalid value encountered in divide
<factor:peer_revision_loading_stale_receiver>:27: RuntimeWarning: invalid value encountered in divide
<factor:peer_revision_loading_stale_receiver>:27: RuntimeWarning: invalid value encountered in divide
<factor:peer_revision_loading_stale_receiver>:27: RuntimeWarning: invalid value encountered in divide
<factor:peer_revision_loading_stale_receiver>:27: RuntimeWarning: invalid value encountered in divide
<factor:peer_revision_loading_stale_receiver>:27: RuntimeWarning: invalid value encountered in divide
<factor:peer_revision_loading_stale_receiver_jit0>:22: RuntimeWarning: invalid value encountered in divide
<factor:peer_revision_loading_stale_receiver_jit0>:22: RuntimeWarning: invalid value encountered in divide
<factor:peer_revision_loading_stale_receiver_jit0>:22: RuntimeWarning: invalid value encountered in divide
<factor:peer_revision_loading_stale_receiver_jit0>:22: RuntimeWarning: invalid value encountered in divide
<factor:peer_revision_loading_stale_receiver_jit0>:22: RuntimeWarning: invalid value encountered in divide
<factor:peer_revision_loading_stale_receiver_jit0>:22: RuntimeWarning: invalid value encountered in divide
<factor:peer_revision_loading_stale_receiver_jit0>:22: RuntimeWarning: invalid value encountered in divide
<factor:peer_revision_loading_stale_receiver_jit0>:22: RuntimeWarning: invalid value encountered in divide
<factor:peer_revision_loading_stale_receiver_jit0>:22: RuntimeWarning: invalid value encountered in divide
<factor:peer_revision_loading_stale_receiver_jit0>:22: RuntimeWarning: invalid value encountered in divide
<factor:peer_revision_loading_stale_receiver_jit0>:22: RuntimeWarning: invalid value encountered in divide
<factor:peer_revision_loading_stale_receiver_jit0>:22: RuntimeWarning: invalid value encountered in divide
<factor:peer_revision_loading_stale_receiver_jit0>:22: RuntimeWarning: invalid value encountered in divide
<factor:peer_revision_loading_stale_receiver_jit0>:22: RuntimeWarning: invalid value encountered in divide
<factor:peer_revision_loading_stale_receiver_jit0>:22: RuntimeWarning: invalid value encountered in divide
<factor:peer_revision_loading_stale_receiver_jit0>:22: RuntimeWarning: invalid value encountered in divide
<factor:peer_revision_loading_stale_receiver_jit0>:22: RuntimeWarning: invalid value encountered in divide
<factor:peer_revision_loading_stale_receiver_jit0>:22: RuntimeWarning: invalid value encountered in divide
<factor:peer_revision_loading_stale_receiver_jit0>:22: RuntimeWarning: invalid value encountered in divide
<factor:peer_revision_loading_stale_receiver_jit0>:22: RuntimeWarning: invalid value encountered in divide
<factor:peer_revision_loading_stale_receiver_jit0>:20: RuntimeWarning: invalid value encountered in subtract
<factor:peer_revision_loading_stale_receiver_jit0>:22: RuntimeWarning: invalid value encountered in divide
<factor:peer_revision_loading_stale_receiver_jit0>:22: RuntimeWarning: invalid value encountered in divide
<factor:peer_revision_loading_stale_receiver_jit0>:22: RuntimeWarning: invalid value encountered in divide
<factor:peer_revision_loading_stale_receiver_jit0>:22: RuntimeWarning: invalid value encountered in divide
<factor:peer_revision_loading_stale_receiver_jit0>:22: RuntimeWarning: invalid value encountered in divide
<factor:peer_revision_loading_stale_receiver_jit0>:22: RuntimeWarning: invalid value encountered in divide
<factor:peer_revision_loading_stale_receiver_jit0>:22: RuntimeWarning: invalid value encountered in divide
<factor:peer_revision_loading_stale_receiver_jit0>:22: RuntimeWarning: invalid value encountered in divide
<factor:peer_revision_loading_stale_receiver_jit0>:22: RuntimeWarning: invalid value encountered in divide
<factor:peer_revision_loading_stale_receiver_jit0>:22: RuntimeWarning: invalid value encountered in divide
<factor:peer_revision_loading_stale_receiver_jit0>:22: RuntimeWarning: invalid value encountered in divide
<factor:peer_revision_loading_stale_receiver_jit0>:22: RuntimeWarning: invalid value encountered in divide
<factor:peer_revision_loading_stale_receiver_jit0>:22: RuntimeWarning: invalid value encountered in divide
<factor:peer_revision_loading_stale_receiver_jit0>:22: RuntimeWarning: invalid value encountered in divide
<factor:peer_revision_loading_stale_receiver_jit0>:22: RuntimeWarning: invalid value encountered in divide
<factor:peer_revision_loading_stale_receiver_jit0>:22: RuntimeWarning: invalid value encountered in divide
<factor:peer_revision_loading_stale_receiver_jit0>:22: RuntimeWarning: invalid value encountered in divide
<factor:peer_revision_loading_stale_receiver_jit0>:22: RuntimeWarning: invalid value encountered in divide
<factor:peer_revision_loading_stale_receiver_jit0>:22: RuntimeWarning: invalid value encountered in divide
<factor:peer_revision_loading_stale_receiver_jit0>:22: RuntimeWarning: invalid value encountered in divide
<factor:peer_revision_loading_stale_receiver_jit1>:22: RuntimeWarning: invalid value encountered in divide
<factor:peer_revision_loading_stale_receiver_jit1>:22: RuntimeWarning: invalid value encountered in divide
<factor:peer_revision_loading_stale_receiver_jit1>:22: RuntimeWarning: invalid value encountered in divide
<factor:peer_revision_loading_stale_receiver_jit1>:22: RuntimeWarning: invalid value encountered in divide
<factor:peer_revision_loading_stale_receiver_jit1>:22: RuntimeWarning: invalid value encountered in divide
<factor:peer_revision_loading_stale_receiver_jit1>:22: RuntimeWarning: invalid value encountered in divide
<factor:peer_revision_loading_stale_receiver_jit1>:22: RuntimeWarning: invalid value encountered in divide
<factor:peer_revision_loading_stale_receiver_jit1>:22: RuntimeWarning: invalid value encountered in divide
<factor:peer_revision_loading_stale_receiver_jit1>:22: RuntimeWarning: invalid value encountered in divide
<factor:peer_revision_loading_stale_receiver_jit1>:22: RuntimeWarning: invalid value encountered in divide
<factor:peer_revision_loading_stale_receiver_jit1>:22: RuntimeWarning: invalid value encountered in divide
<factor:peer_revision_loading_stale_receiver_jit1>:22: RuntimeWarning: invalid value encountered in divide
<factor:peer_revision_loading_stale_receiver_jit1>:22: RuntimeWarning: invalid value encountered in divide
<factor:peer_revision_loading_stale_receiver_jit1>:22: RuntimeWarning: invalid value encountered in divide
<factor:peer_revision_loading_stale_receiver_jit1>:22: RuntimeWarning: invalid value encountered in divide
<factor:peer_revision_loading_stale_receiver_jit1>:22: RuntimeWarning: invalid value encountered in divide
<factor:peer_revision_loading_stale_receiver_jit1>:22: RuntimeWarning: invalid value encountered in divide
<factor:peer_revision_loading_stale_receiver_jit1>:22: RuntimeWarning: invalid value encountered in divide
<factor:peer_revision_loading_stale_receiver_jit1>:22: RuntimeWarning: invalid value encountered in divide
<factor:peer_revision_loading_stale_receiver_jit1>:22: RuntimeWarning: invalid value encountered in divide
<factor:peer_revision_loading_stale_receiver_jit1>:20: RuntimeWarning: invalid value encountered in subtract
<factor:peer_revision_loading_stale_receiver_jit1>:22: RuntimeWarning: invalid value encountered in divide
<factor:peer_revision_loading_stale_receiver_jit1>:22: RuntimeWarning: invalid value encountered in divide
<factor:peer_revision_loading_stale_receiver_jit1>:22: RuntimeWarning: invalid value encountered in divide
<factor:peer_revision_loading_stale_receiver_jit1>:22: RuntimeWarning: invalid value encountered in divide
<factor:peer_revision_loading_stale_receiver_jit1>:22: RuntimeWarning: invalid value encountered in divide
<factor:peer_revision_loading_stale_receiver_jit1>:22: RuntimeWarning: invalid value encountered in divide
<factor:peer_revision_loading_stale_receiver_jit1>:22: RuntimeWarning: invalid value encountered in divide
<factor:peer_revision_loading_stale_receiver_jit1>:22: RuntimeWarning: invalid value encountered in divide
<factor:peer_revision_loading_stale_receiver_jit1>:22: RuntimeWarning: invalid value encountered in divide
<factor:peer_revision_loading_stale_receiver_jit1>:22: RuntimeWarning: invalid value encountered in divide
<factor:peer_revision_loading_stale_receiver_jit1>:22: RuntimeWarning: invalid value encountered in divide
<factor:peer_revision_loading_stale_receiver_jit1>:22: RuntimeWarning: invalid value encountered in divide
<factor:peer_revision_loading_stale_receiver_jit1>:22: RuntimeWarning: invalid value encountered in divide
<factor:peer_revision_loading_stale_receiver_jit1>:22: RuntimeWarning: invalid value encountered in divide
<factor:peer_revision_loading_stale_receiver_jit1>:22: RuntimeWarning: invalid value encountered in divide
<factor:peer_revision_loading_stale_receiver_jit1>:22: RuntimeWarning: invalid value encountered in divide
<factor:peer_revision_loading_stale_receiver_jit1>:22: RuntimeWarning: invalid value encountered in divide
<factor:peer_revision_loading_stale_receiver_jit1>:22: RuntimeWarning: invalid value encountered in divide
<factor:peer_revision_loading_stale_receiver_jit1>:22: RuntimeWarning: invalid value encountered in divide
<factor:peer_revision_loading_stale_receiver_jit1>:22: RuntimeWarning: invalid value encountered in divide
/Users/lucawurker/Desktop/Imperial/Master Thesis/QuantFundAgent/venv/lib/python3.13/site-packages/sklearn/utils/validation.py:2691: UserWarning: X does not have valid feature names, but LGBMRegressor was fitted with feature names
  warnings.warn(
/Users/lucawurker/Desktop/Imperial/Master Thesis/QuantFundAgent/venv/lib/python3.13/site-packages/sklearn/utils/validation.py:2691: UserWarning: X does not have valid feature names, but LGBMRegressor was fitted with feature names
  warnings.warn(
16:27:35  INFO     evolution.loop          [authenticated_commonality_terminal_flow_repair] evaluation failed: candidate signal failed: Length of values (181) does not match length of index (180)
/Users/lucawurker/Desktop/Imperial/Master Thesis/QuantFundAgent/venv/lib/python3.13/site-packages/pandas/core/internals/blocks.py:347: RuntimeWarning: divide by zero encountered in log
  result = func(self.values, **kwargs)
16:27:37  WARNING  research.service        [evaluate_fitness] jitter probe report_clock_leader_echo_overshoot_fade_jit0 failed (min_periods 5 must be <= window 4) — skipped
/Users/lucawurker/Desktop/Imperial/Master Thesis/QuantFundAgent/venv/lib/python3.13/site-packages/pandas/core/internals/blocks.py:347: RuntimeWarning: divide by zero encountered in log
  result = func(self.values, **kwargs)
/Users/lucawurker/Desktop/Imperial/Master Thesis/QuantFundAgent/venv/lib/python3.13/site-packages/sklearn/utils/validation.py:2691: UserWarning: X does not have valid feature names, but LGBMRegressor was fitted with feature names
  warnings.warn(
16:27:40  INFO     evolution.loop          [coherent_lag_kernel_execution_deficit] evaluation failed: candidate signal failed: Series.sub does not support a DataFrame `other`. Use df.sub(ser) instead.
16:27:41  WARNING  research.service        [evaluate_fitness] jitter probe phase_space_torsion_execution_drift_jit0 failed (min_periods 4 must be <= window 3) — skipped
/Users/lucawurker/Desktop/Imperial/Master Thesis/QuantFundAgent/venv/lib/python3.13/site-packages/sklearn/utils/validation.py:2691: UserWarning: X does not have valid feature names, but LGBMRegressor was fitted with feature names
  warnings.warn(
/Users/lucawurker/Desktop/Imperial/Master Thesis/QuantFundAgent/venv/lib/python3.13/site-packages/sklearn/utils/validation.py:2691: UserWarning: X does not have valid feature names, but LGBMRegressor was fitted with feature names
  warnings.warn(
/Users/lucawurker/Desktop/Imperial/Master Thesis/QuantFundAgent/venv/lib/python3.13/site-packages/numpy/lib/_nanfunctions_impl.py:1997: RuntimeWarning: Degrees of freedom <= 0 for slice.
  var = nanvar(a, axis=axis, dtype=dtype, out=out, ddof=ddof,
/Users/lucawurker/Desktop/Imperial/Master Thesis/QuantFundAgent/venv/lib/python3.13/site-packages/numpy/lib/_nanfunctions_impl.py:1997: RuntimeWarning: Degrees of freedom <= 0 for slice.
  var = nanvar(a, axis=axis, dtype=dtype, out=out, ddof=ddof,
/Users/lucawurker/Desktop/Imperial/Master Thesis/QuantFundAgent/venv/lib/python3.13/site-packages/numpy/lib/_nanfunctions_impl.py:1997: RuntimeWarning: Degrees of freedom <= 0 for slice.
  var = nanvar(a, axis=axis, dtype=dtype, out=out, ddof=ddof,
/Users/lucawurker/Desktop/Imperial/Master Thesis/QuantFundAgent/venv/lib/python3.13/site-packages/sklearn/utils/validation.py:2691: UserWarning: X does not have valid feature names, but LGBMRegressor was fitted with feature names
  warnings.warn(
/Users/lucawurker/Desktop/Imperial/Master Thesis/QuantFundAgent/venv/lib/python3.13/site-packages/sklearn/utils/validation.py:2691: UserWarning: X does not have valid feature names, but LGBMRegressor was fitted with feature names
  warnings.warn(
/Users/lucawurker/Desktop/Imperial/Master Thesis/QuantFundAgent/venv/lib/python3.13/site-packages/sklearn/utils/validation.py:2691: UserWarning: X does not have valid feature names, but LGBMRegressor was fitted with feature names
  warnings.warn(
/Users/lucawurker/Desktop/Imperial/Master Thesis/QuantFundAgent/venv/lib/python3.13/site-packages/sklearn/utils/validation.py:2691: UserWarning: X does not have valid feature names, but LGBMRegressor was fitted with feature names
  warnings.warn(
/Users/lucawurker/Desktop/Imperial/Master Thesis/QuantFundAgent/venv/lib/python3.13/site-packages/sklearn/utils/validation.py:2691: UserWarning: X does not have valid feature names, but LGBMRegressor was fitted with feature names
  warnings.warn(
/Users/lucawurker/Desktop/Imperial/Master Thesis/QuantFundAgent/venv/lib/python3.13/site-packages/sklearn/utils/validation.py:2691: UserWarning: X does not have valid feature names, but LGBMRegressor was fitted with feature names
  warnings.warn(
/Users/lucawurker/Desktop/Imperial/Master Thesis/QuantFundAgent/venv/lib/python3.13/site-packages/sklearn/utils/validation.py:2691: UserWarning: X does not have valid feature names, but LGBMRegressor was fitted with feature names
  warnings.warn(
/Users/lucawurker/Desktop/Imperial/Master Thesis/QuantFundAgent/venv/lib/python3.13/site-packages/sklearn/utils/validation.py:2691: UserWarning: X does not have valid feature names, but LGBMRegressor was fitted with feature names
  warnings.warn(
/Users/lucawurker/Desktop/Imperial/Master Thesis/QuantFundAgent/venv/lib/python3.13/site-packages/sklearn/utils/validation.py:2691: UserWarning: X does not have valid feature names, but LGBMRegressor was fitted with feature names
  warnings.warn(
16:28:05  INFO     evolution.loop          [sector_desynchrony_marked_information_diffusion] evaluation failed: candidate signal failed: "['CA', 'LIFE', 'MICC', 'SHLD', 'SNDK', 'VSNT'] not in index"
/Users/lucawurker/Desktop/Imperial/Master Thesis/QuantFundAgent/venv/lib/python3.13/site-packages/sklearn/utils/validation.py:2691: UserWarning: X does not have valid feature names, but LGBMRegressor was fitted with feature names
  warnings.warn(
/Users/lucawurker/Desktop/Imperial/Master Thesis/QuantFundAgent/venv/lib/python3.13/site-packages/sklearn/utils/validation.py:2691: UserWarning: X does not have valid feature names, but LGBMRegressor was fitted with feature names
  warnings.warn(
/Users/lucawurker/Desktop/Imperial/Master Thesis/QuantFundAgent/venv/lib/python3.13/site-packages/sklearn/utils/validation.py:2691: UserWarning: X does not have valid feature names, but LGBMRegressor was fitted with feature names
  warnings.warn(
/Users/lucawurker/Desktop/Imperial/Master Thesis/QuantFundAgent/venv/lib/python3.13/site-packages/sklearn/utils/validation.py:2691: UserWarning: X does not have valid feature names, but LGBMRegressor was fitted with feature names
  warnings.warn(
/Users/lucawurker/Desktop/Imperial/Master Thesis/QuantFundAgent/venv/lib/python3.13/site-packages/sklearn/utils/validation.py:2691: UserWarning: X does not have valid feature names, but LGBMRegressor was fitted with feature names
  warnings.warn(
/Users/lucawurker/Desktop/Imperial/Master Thesis/QuantFundAgent/venv/lib/python3.13/site-packages/sklearn/utils/validation.py:2691: UserWarning: X does not have valid feature names, but LGBMRegressor was fitted with feature names
  warnings.warn(
/Users/lucawurker/Desktop/Imperial/Master Thesis/QuantFundAgent/venv/lib/python3.13/site-packages/sklearn/utils/validation.py:2691: UserWarning: X does not have valid feature names, but LGBMRegressor was fitted with feature names
  warnings.warn(
16:28:28  WARNING  research.service        [evaluate_fitness] jitter probe fragile_badnews_absorption_reversal_j_jit0 failed (min_periods 4 must be <= window 3) — skipped
/Users/lucawurker/Desktop/Imperial/Master Thesis/QuantFundAgent/venv/lib/python3.13/site-packages/sklearn/utils/validation.py:2691: UserWarning: X does not have valid feature names, but LGBMRegressor was fitted with feature names
  warnings.warn(
/Users/lucawurker/Desktop/Imperial/Master Thesis/QuantFundAgent/venv/lib/python3.13/site-packages/sklearn/utils/validation.py:2691: UserWarning: X does not have valid feature names, but LGBMRegressor was fitted with feature names
  warnings.warn(
16:28:31  WARNING  research.service        [evaluate_fitness] jitter probe levered_liquidity_terminal_semivariance_reclaim_jit0 failed (min_periods 6 must be <= window 5) — skipped
/Users/lucawurker/Desktop/Imperial/Master Thesis/QuantFundAgent/venv/lib/python3.13/site-packages/sklearn/utils/validation.py:2691: UserWarning: X does not have valid feature names, but LGBMRegressor was fitted with feature names
  warnings.warn(
/Users/lucawurker/Desktop/Imperial/Master Thesis/QuantFundAgent/venv/lib/python3.13/site-packages/sklearn/utils/validation.py:2691: UserWarning: X does not have valid feature names, but LGBMRegressor was fitted with feature names
  warnings.warn(
16:28:36  WARNING  research.service        [evaluate_fitness] jitter probe phase_plane_loop_terminal_dislocation_repair_jit0 failed (min_periods 5 must be <= window 4) — skipped
/Users/lucawurker/Desktop/Imperial/Master Thesis/QuantFundAgent/venv/lib/python3.13/site-packages/sklearn/utils/validation.py:2691: UserWarning: X does not have valid feature names, but LGBMRegressor was fitted with feature names
  warnings.warn(
/Users/lucawurker/Desktop/Imperial/Master Thesis/QuantFundAgent/venv/lib/python3.13/site-packages/sklearn/utils/validation.py:2691: UserWarning: X does not have valid feature names, but LGBMRegressor was fitted with feature names
  warnings.warn(
/Users/lucawurker/Desktop/Imperial/Master Thesis/QuantFundAgent/venv/lib/python3.13/site-packages/sklearn/utils/validation.py:2691: UserWarning: X does not have valid feature names, but LGBMRegressor was fitted with feature names
  warnings.warn(
16:28:41  INFO     evolution.loop          [issuance_rally_shelter_distribution_short] evaluation failed: candidate signal failed: Length of values (181) does not match length of index (180)
/Users/lucawurker/Desktop/Imperial/Master Thesis/QuantFundAgent/venv/lib/python3.13/site-packages/sklearn/utils/validation.py:2691: UserWarning: X does not have valid feature names, but LGBMRegressor was fitted with feature names
  warnings.warn(
/Users/lucawurker/Desktop/Imperial/Master Thesis/QuantFundAgent/venv/lib/python3.13/site-packages/sklearn/utils/validation.py:2691: UserWarning: X does not have valid feature names, but LGBMRegressor was fitted with feature names
  warnings.warn(
/Users/lucawurker/Desktop/Imperial/Master Thesis/QuantFundAgent/venv/lib/python3.13/site-packages/sklearn/utils/validation.py:2691: UserWarning: X does not have valid feature names, but LGBMRegressor was fitted with feature names
  warnings.warn(
/Users/lucawurker/Desktop/Imperial/Master Thesis/QuantFundAgent/venv/lib/python3.13/site-packages/sklearn/utils/validation.py:2691: UserWarning: X does not have valid feature names, but LGBMRegressor was fitted with feature names
  warnings.warn(
/Users/lucawurker/Desktop/Imperial/Master Thesis/QuantFundAgent/venv/lib/python3.13/site-packages/sklearn/utils/validation.py:2691: UserWarning: X does not have valid feature names, but LGBMRegressor was fitted with feature names
  warnings.warn(
/Users/lucawurker/Desktop/Imperial/Master Thesis/QuantFundAgent/venv/lib/python3.13/site-packages/sklearn/utils/validation.py:2691: UserWarning: X does not have valid feature names, but LGBMRegressor was fitted with feature names
  warnings.warn(
/Users/lucawurker/Desktop/Imperial/Master Thesis/QuantFundAgent/venv/lib/python3.13/site-packages/sklearn/utils/validation.py:2691: UserWarning: X does not have valid feature names, but LGBMRegressor was fitted with feature names
  warnings.warn(
16:28:55  INFO     evolution.loop          generation 17: 38/48 children admitted; archive=8; n_trials=733
16:29:29  INFO     httpx                   HTTP Request: POST https://api.openai.com/v1/chat/completions "HTTP/1.1 200 OK"
16:29:30  INFO     httpx                   HTTP Request: POST https://api.openai.com/v1/chat/completions "HTTP/1.1 200 OK"
16:29:30  INFO     httpx                   HTTP Request: POST https://api.openai.com/v1/chat/completions "HTTP/1.1 200 OK"
16:29:33  INFO     httpx                   HTTP Request: POST https://api.openai.com/v1/chat/completions "HTTP/1.1 200 OK"
16:29:33  INFO     evolution.loop          child attempt failed (syntax error: unexpected character after line continuation character (<unknown>, line 1)) — retrying with feedback
16:29:34  INFO     httpx                   HTTP Request: POST https://api.openai.com/v1/chat/completions "HTTP/1.1 200 OK"
16:29:36  INFO     httpx                   HTTP Request: POST https://api.openai.com/v1/chat/completions "HTTP/1.1 200 OK"
16:29:38  INFO     httpx                   HTTP Request: POST https://api.openai.com/v1/chat/completions "HTTP/1.1 200 OK"
16:29:38  INFO     evolution.loop          child attempt failed (syntax error: unexpected character after line continuation character (<unknown>, line 1)) — retrying with feedback
16:29:49  INFO     httpx                   HTTP Request: POST https://api.openai.com/v1/chat/completions "HTTP/1.1 200 OK"
16:29:49  INFO     evolution.loop          child attempt failed (syntax error: unexpected character after line continuation character (<unknown>, line 1)) — retrying with feedback
16:30:00  INFO     httpx                   HTTP Request: POST https://api.openai.com/v1/chat/completions "HTTP/1.1 200 OK"
16:30:01  INFO     httpx                   HTTP Request: POST https://api.openai.com/v1/chat/completions "HTTP/1.1 200 OK"
16:30:01  INFO     evolution.loop          child failed twice (unexpected character after line continuation character (<unknown>, line 1)) — dropped
16:30:03  INFO     httpx                   HTTP Request: POST https://api.openai.com/v1/chat/completions "HTTP/1.1 200 OK"
16:30:04  INFO     httpx                   HTTP Request: POST https://api.openai.com/v1/chat/completions "HTTP/1.1 200 OK"
16:30:05  INFO     httpx                   HTTP Request: POST https://api.openai.com/v1/chat/completions "HTTP/1.1 200 OK"
16:30:05  INFO     evolution.loop          child failed twice (syntax error: unexpected character after line continuation character (<unknown>, line 1)) — dropped
16:30:09  INFO     httpx                   HTTP Request: POST https://api.openai.com/v1/chat/completions "HTTP/1.1 200 OK"
16:30:17  INFO     httpx                   HTTP Request: POST https://api.openai.com/v1/chat/completions "HTTP/1.1 200 OK"
16:30:20  INFO     httpx                   HTTP Request: POST https://api.openai.com/v1/chat/completions "HTTP/1.1 200 OK"
16:30:20  INFO     evolution.loop          child attempt failed (syntax error: unexpected character after line continuation character (<unknown>, line 1)) — retrying with feedback
16:30:22  INFO     httpx                   HTTP Request: POST https://api.openai.com/v1/chat/completions "HTTP/1.1 200 OK"
16:30:42  INFO     httpx                   HTTP Request: POST https://api.openai.com/v1/chat/completions "HTTP/1.1 200 OK"
16:30:42  INFO     evolution.loop          child attempt failed (syntax error: unexpected character after line continuation character (<unknown>, line 1)) — retrying with feedback
16:30:46  INFO     httpx                   HTTP Request: POST https://api.openai.com/v1/chat/completions "HTTP/1.1 200 OK"
16:30:46  INFO     httpx                   HTTP Request: POST https://api.openai.com/v1/chat/completions "HTTP/1.1 200 OK"
/Users/lucawurker/Desktop/Imperial/Master Thesis/QuantFundAgent/venv/lib/python3.13/site-packages/pandas/core/internals/blocks.py:347: RuntimeWarning: divide by zero encountered in log
  result = func(self.values, **kwargs)
16:30:51  INFO     httpx                   HTTP Request: POST https://api.openai.com/v1/chat/completions "HTTP/1.1 200 OK"
16:30:51  INFO     evolution.loop          child failed twice (syntax error: unexpected character after line continuation character (<unknown>, line 1)) — dropped
16:30:55  INFO     httpx                   HTTP Request: POST https://api.openai.com/v1/chat/completions "HTTP/1.1 200 OK"
16:30:55  INFO     evolution.loop          child attempt failed (Unterminated string starting at: line 12 column 11 (char 1384)) — retrying with feedback
16:30:57  INFO     httpx                   HTTP Request: POST https://api.openai.com/v1/chat/completions "HTTP/1.1 200 OK"
16:31:01  INFO     httpx                   HTTP Request: POST https://api.openai.com/v1/chat/completions "HTTP/1.1 200 OK"
16:31:14  INFO     httpx                   HTTP Request: POST https://api.openai.com/v1/chat/completions "HTTP/1.1 200 OK"
16:31:14  INFO     evolution.loop          child attempt failed (syntax error: unexpected character after line continuation character (<unknown>, line 1)) — retrying with feedback
16:31:26  INFO     httpx                   HTTP Request: POST https://api.openai.com/v1/chat/completions "HTTP/1.1 200 OK"
16:31:27  INFO     httpx                   HTTP Request: POST https://api.openai.com/v1/chat/completions "HTTP/1.1 200 OK"
16:31:27  INFO     evolution.loop          child attempt failed (Unterminated string starting at: line 12 column 11 (char 1461)) — retrying with feedback
16:31:27  INFO     httpx                   HTTP Request: POST https://api.openai.com/v1/chat/completions "HTTP/1.1 200 OK"
16:31:30  INFO     httpx                   HTTP Request: POST https://api.openai.com/v1/chat/completions "HTTP/1.1 200 OK"
16:31:30  INFO     evolution.loop          child attempt failed (syntax error: unexpected character after line continuation character (<unknown>, line 1)) — retrying with feedback
16:31:35  INFO     httpx                   HTTP Request: POST https://api.openai.com/v1/chat/completions "HTTP/1.1 200 OK"
16:31:35  INFO     evolution.loop          child attempt failed (Unterminated string starting at: line 12 column 11 (char 1394)) — retrying with feedback
16:31:39  INFO     httpx                   HTTP Request: POST https://api.openai.com/v1/chat/completions "HTTP/1.1 200 OK"
16:31:46  INFO     httpx                   HTTP Request: POST https://api.openai.com/v1/chat/completions "HTTP/1.1 200 OK"
16:31:46  INFO     evolution.loop          child attempt failed (calc() raised on synthetic data: Series.sub does not support a DataFrame `other`. Use df.sub(ser) instead.) — retrying with feedback
16:31:56  INFO     httpx                   HTTP Request: POST https://api.openai.com/v1/chat/completions "HTTP/1.1 200 OK"
16:31:56  INFO     evolution.loop          child attempt failed (syntax error: unexpected character after line continuation character (<unknown>, line 1)) — retrying with feedback
16:32:00  INFO     httpx                   HTTP Request: POST https://api.openai.com/v1/chat/completions "HTTP/1.1 200 OK"
16:32:01  INFO     httpx                   HTTP Request: POST https://api.openai.com/v1/chat/completions "HTTP/1.1 200 OK"
16:32:02  INFO     evolution.loop          child failed twice (calc() raised on synthetic data: Series.sub does not support a DataFrame `other`. Use df.sub(ser) instead.) — dropped
16:32:03  INFO     httpx                   HTTP Request: POST https://api.openai.com/v1/chat/completions "HTTP/1.1 200 OK"
16:32:05  INFO     httpx                   HTTP Request: POST https://api.openai.com/v1/chat/completions "HTTP/1.1 200 OK"
16:32:07  INFO     httpx                   HTTP Request: POST https://api.openai.com/v1/chat/completions "HTTP/1.1 200 OK"
16:32:07  INFO     evolution.loop          child attempt failed (syntax error: unexpected character after line continuation character (<unknown>, line 1)) — retrying with feedback
16:32:09  INFO     httpx                   HTTP Request: POST https://api.openai.com/v1/chat/completions "HTTP/1.1 200 OK"
16:32:09  INFO     evolution.loop          child attempt failed (unexpected character after line continuation character (<unknown>, line 1)) — retrying with feedback
16:32:24  INFO     httpx                   HTTP Request: POST https://api.openai.com/v1/chat/completions "HTTP/1.1 200 OK"
16:32:35  INFO     httpx                   HTTP Request: POST https://api.openai.com/v1/chat/completions "HTTP/1.1 200 OK"
16:32:35  INFO     evolution.loop          child failed twice (syntax error: unexpected character after line continuation character (<unknown>, line 1)) — dropped
16:32:35  INFO     httpx                   HTTP Request: POST https://api.openai.com/v1/chat/completions "HTTP/1.1 200 OK"
16:32:35  INFO     httpx                   HTTP Request: POST https://api.openai.com/v1/chat/completions "HTTP/1.1 200 OK"
16:32:35  INFO     evolution.loop          child failed twice (syntax error: unexpected character after line continuation character (<unknown>, line 1)) — dropped
16:32:37  INFO     httpx                   HTTP Request: POST https://api.openai.com/v1/chat/completions "HTTP/1.1 200 OK"
16:32:37  INFO     evolution.loop          child attempt failed (Unterminated string starting at: line 12 column 11 (char 1294)) — retrying with feedback
16:32:42  INFO     httpx                   HTTP Request: POST https://api.openai.com/v1/chat/completions "HTTP/1.1 200 OK"
16:32:42  INFO     evolution.loop          child attempt failed (syntax error: unexpected character after line continuation character (<unknown>, line 1)) — retrying with feedback
16:32:42  INFO     httpx                   HTTP Request: POST https://api.openai.com/v1/chat/completions "HTTP/1.1 200 OK"
16:32:50  INFO     httpx                   HTTP Request: POST https://api.openai.com/v1/chat/completions "HTTP/1.1 200 OK"
16:32:50  INFO     httpx                   HTTP Request: POST https://api.openai.com/v1/chat/completions "HTTP/1.1 200 OK"
16:32:57  INFO     httpx                   HTTP Request: POST https://api.openai.com/v1/chat/completions "HTTP/1.1 200 OK"
16:33:07  INFO     httpx                   HTTP Request: POST https://api.openai.com/v1/chat/completions "HTTP/1.1 200 OK"
16:33:07  INFO     evolution.loop          child attempt failed (syntax error: unexpected character after line continuation character (<unknown>, line 1)) — retrying with feedback
16:33:09  INFO     httpx                   HTTP Request: POST https://api.openai.com/v1/chat/completions "HTTP/1.1 200 OK"
16:33:10  INFO     httpx                   HTTP Request: POST https://api.openai.com/v1/chat/completions "HTTP/1.1 200 OK"
16:33:11  INFO     httpx                   HTTP Request: POST https://api.openai.com/v1/chat/completions "HTTP/1.1 200 OK"
16:33:11  INFO     httpx                   HTTP Request: POST https://api.openai.com/v1/chat/completions "HTTP/1.1 200 OK"
16:33:11  INFO     evolution.loop          child attempt failed (syntax error: unexpected character after line continuation character (<unknown>, line 1)) — retrying with feedback
16:33:30  INFO     httpx                   HTTP Request: POST https://api.openai.com/v1/chat/completions "HTTP/1.1 200 OK"
16:33:35  INFO     httpx                   HTTP Request: POST https://api.openai.com/v1/chat/completions "HTTP/1.1 200 OK"
16:33:35  INFO     evolution.loop          child failed twice (calc() raised on synthetic data: 'DataFrame' object has no attribute 'sign') — dropped
16:33:36  INFO     httpx                   HTTP Request: POST https://api.openai.com/v1/chat/completions "HTTP/1.1 200 OK"
16:33:43  INFO     httpx                   HTTP Request: POST https://api.openai.com/v1/chat/completions "HTTP/1.1 200 OK"
16:33:51  INFO     httpx                   HTTP Request: POST https://api.openai.com/v1/chat/completions "HTTP/1.1 200 OK"
16:33:53  INFO     httpx                   HTTP Request: POST https://api.openai.com/v1/chat/completions "HTTP/1.1 200 OK"
16:33:53  INFO     evolution.loop          child attempt failed (syntax error: unexpected character after line continuation character (<unknown>, line 1)) — retrying with feedback
16:34:23  INFO     httpx                   HTTP Request: POST https://api.openai.com/v1/chat/completions "HTTP/1.1 200 OK"
16:34:23  INFO     evolution.loop          child failed twice (syntax error: unexpected character after line continuation character (<unknown>, line 1)) — dropped
/Users/lucawurker/Desktop/Imperial/Master Thesis/QuantFundAgent/venv/lib/python3.13/site-packages/sklearn/utils/validation.py:2691: UserWarning: X does not have valid feature names, but LGBMRegressor was fitted with feature names
  warnings.warn(
/Users/lucawurker/Desktop/Imperial/Master Thesis/QuantFundAgent/venv/lib/python3.13/site-packages/sklearn/utils/validation.py:2691: UserWarning: X does not have valid feature names, but LGBMRegressor was fitted with feature names
  warnings.warn(
/Users/lucawurker/Desktop/Imperial/Master Thesis/QuantFundAgent/venv/lib/python3.13/site-packages/sklearn/utils/validation.py:2691: UserWarning: X does not have valid feature names, but LGBMRegressor was fitted with feature names
  warnings.warn(
/Users/lucawurker/Desktop/Imperial/Master Thesis/QuantFundAgent/venv/lib/python3.13/site-packages/sklearn/utils/validation.py:2691: UserWarning: X does not have valid feature names, but LGBMRegressor was fitted with feature names
  warnings.warn(
/Users/lucawurker/Desktop/Imperial/Master Thesis/QuantFundAgent/venv/lib/python3.13/site-packages/sklearn/utils/validation.py:2691: UserWarning: X does not have valid feature names, but LGBMRegressor was fitted with feature names
  warnings.warn(
16:34:44  INFO     evolution.loop          [event_breadth_counterflow_exhaustion_catchup] evaluation failed: candidate signal failed: Grouper and axis must be same length
/Users/lucawurker/Desktop/Imperial/Master Thesis/QuantFundAgent/venv/lib/python3.13/site-packages/sklearn/utils/validation.py:2691: UserWarning: X does not have valid feature names, but LGBMRegressor was fitted with feature names
  warnings.warn(
/Users/lucawurker/Desktop/Imperial/Master Thesis/QuantFundAgent/venv/lib/python3.13/site-packages/pandas/core/internals/blocks.py:347: RuntimeWarning: divide by zero encountered in log
  result = func(self.values, **kwargs)
16:34:48  WARNING  research.service        [evaluate_fitness] jitter probe report_clock_leader_echo_overshoot_fade_j_jit0 failed (min_periods 21 must be <= window 20) — skipped
/Users/lucawurker/Desktop/Imperial/Master Thesis/QuantFundAgent/venv/lib/python3.13/site-packages/pandas/core/internals/blocks.py:347: RuntimeWarning: divide by zero encountered in log
  result = func(self.values, **kwargs)
/Users/lucawurker/Desktop/Imperial/Master Thesis/QuantFundAgent/venv/lib/python3.13/site-packages/sklearn/utils/validation.py:2691: UserWarning: X does not have valid feature names, but LGBMRegressor was fitted with feature names
  warnings.warn(
16:34:58  WARNING  research.service        [evaluate_fitness] jitter probe crossdomain_phase_consensus_sector_debt_jit0 failed (min_periods 3 must be <= window 2) — skipped
/Users/lucawurker/Desktop/Imperial/Master Thesis/QuantFundAgent/venv/lib/python3.13/site-packages/sklearn/utils/validation.py:2691: UserWarning: X does not have valid feature names, but LGBMRegressor was fitted with feature names
  warnings.warn(
16:35:11  WARNING  research.service        [evaluate_fitness] jitter probe samuelson_sparse_price_formation_beta_gap_jit0 failed (min_periods 3 must be <= window 2) — skipped
/Users/lucawurker/Desktop/Imperial/Master Thesis/QuantFundAgent/venv/lib/python3.13/site-packages/sklearn/utils/validation.py:2691: UserWarning: X does not have valid feature names, but LGBMRegressor was fitted with feature names
  warnings.warn(
/Users/lucawurker/Desktop/Imperial/Master Thesis/QuantFundAgent/venv/lib/python3.13/site-packages/sklearn/utils/validation.py:2691: UserWarning: X does not have valid feature names, but LGBMRegressor was fitted with feature names
  warnings.warn(
/Users/lucawurker/Desktop/Imperial/Master Thesis/QuantFundAgent/venv/lib/python3.13/site-packages/sklearn/utils/validation.py:2691: UserWarning: X does not have valid feature names, but LGBMRegressor was fitted with feature names
  warnings.warn(
16:35:20  INFO     evolution.loop          [refractory_disclosure_cluster_response_debt] evaluation failed: candidate signal failed: "['BRCM', 'LLTC'] not in index"
16:35:20  INFO     evolution.loop          [peer_report_burst_hawkes_receiver_delay_v1] evaluation failed: candidate signal failed: Length mismatch: Expected axis has 181 elements, new values have 164 elements
/Users/lucawurker/Desktop/Imperial/Master Thesis/QuantFundAgent/venv/lib/python3.13/site-packages/sklearn/utils/validation.py:2691: UserWarning: X does not have valid feature names, but LGBMRegressor was fitted with feature names
  warnings.warn(
/Users/lucawurker/Desktop/Imperial/Master Thesis/QuantFundAgent/venv/lib/python3.13/site-packages/pandas/core/internals/blocks.py:347: RuntimeWarning: divide by zero encountered in log
  result = func(self.values, **kwargs)
/Users/lucawurker/Desktop/Imperial/Master Thesis/QuantFundAgent/venv/lib/python3.13/site-packages/pandas/core/internals/blocks.py:347: RuntimeWarning: divide by zero encountered in log
  result = func(self.values, **kwargs)
/Users/lucawurker/Desktop/Imperial/Master Thesis/QuantFundAgent/venv/lib/python3.13/site-packages/pandas/core/internals/blocks.py:347: RuntimeWarning: divide by zero encountered in log
  result = func(self.values, **kwargs)
/Users/lucawurker/Desktop/Imperial/Master Thesis/QuantFundAgent/venv/lib/python3.13/site-packages/sklearn/utils/validation.py:2691: UserWarning: X does not have valid feature names, but LGBMRegressor was fitted with feature names
  warnings.warn(
/Users/lucawurker/Desktop/Imperial/Master Thesis/QuantFundAgent/venv/lib/python3.13/site-packages/pandas/core/internals/blocks.py:347: RuntimeWarning: divide by zero encountered in log
  result = func(self.values, **kwargs)
/Users/lucawurker/Desktop/Imperial/Master Thesis/QuantFundAgent/venv/lib/python3.13/site-packages/pandas/core/internals/blocks.py:347: RuntimeWarning: divide by zero encountered in log
  result = func(self.values, **kwargs)
/Users/lucawurker/Desktop/Imperial/Master Thesis/QuantFundAgent/venv/lib/python3.13/site-packages/pandas/core/internals/blocks.py:347: RuntimeWarning: divide by zero encountered in log
  result = func(self.values, **kwargs)
/Users/lucawurker/Desktop/Imperial/Master Thesis/QuantFundAgent/venv/lib/python3.13/site-packages/sklearn/utils/validation.py:2691: UserWarning: X does not have valid feature names, but LGBMRegressor was fitted with feature names
  warnings.warn(
16:35:25  INFO     evolution.loop          [sector_isolated_opening_information_persistence] evaluation failed: candidate signal failed: "['CA', 'LIFE', 'MICC', 'SHLD', 'SNDK', 'VSNT'] not in index"
16:35:26  WARNING  research.service        [evaluate_fitness] jitter probe claim_clock_conflict_distribution_jit0 failed (min_periods 4 must be <= window 3) — skipped
/Users/lucawurker/Desktop/Imperial/Master Thesis/QuantFundAgent/venv/lib/python3.13/site-packages/sklearn/utils/validation.py:2691: UserWarning: X does not have valid feature names, but LGBMRegressor was fitted with feature names
  warnings.warn(
/Users/lucawurker/Desktop/Imperial/Master Thesis/QuantFundAgent/venv/lib/python3.13/site-packages/sklearn/utils/validation.py:2691: UserWarning: X does not have valid feature names, but LGBMRegressor was fitted with feature names
  warnings.warn(
/Users/lucawurker/Desktop/Imperial/Master Thesis/QuantFundAgent/venv/lib/python3.13/site-packages/sklearn/utils/validation.py:2691: UserWarning: X does not have valid feature names, but LGBMRegressor was fitted with feature names
  warnings.warn(
16:35:31  WARNING  research.service        [evaluate_fitness] jitter probe peer_relay_narrative_contagion_flip_jit0 failed (min_periods 5 must be <= window 4) — skipped
/Users/lucawurker/Desktop/Imperial/Master Thesis/QuantFundAgent/venv/lib/python3.13/site-packages/sklearn/utils/validation.py:2691: UserWarning: X does not have valid feature names, but LGBMRegressor was fitted with feature names
  warnings.warn(
/Users/lucawurker/Desktop/Imperial/Master Thesis/QuantFundAgent/venv/lib/python3.13/site-packages/sklearn/utils/validation.py:2691: UserWarning: X does not have valid feature names, but LGBMRegressor was fitted with feature names
  warnings.warn(
/Users/lucawurker/Desktop/Imperial/Master Thesis/QuantFundAgent/venv/lib/python3.13/site-packages/sklearn/utils/validation.py:2691: UserWarning: X does not have valid feature names, but LGBMRegressor was fitted with feature names
  warnings.warn(
/Users/lucawurker/Desktop/Imperial/Master Thesis/QuantFundAgent/venv/lib/python3.13/site-packages/sklearn/utils/validation.py:2691: UserWarning: X does not have valid feature names, but LGBMRegressor was fitted with feature names
  warnings.warn(
/Users/lucawurker/Desktop/Imperial/Master Thesis/QuantFundAgent/venv/lib/python3.13/site-packages/sklearn/utils/validation.py:2691: UserWarning: X does not have valid feature names, but LGBMRegressor was fitted with feature names
  warnings.warn(
/Users/lucawurker/Desktop/Imperial/Master Thesis/QuantFundAgent/venv/lib/python3.13/site-packages/pandas/core/internals/blocks.py:347: RuntimeWarning: divide by zero encountered in log
  result = func(self.values, **kwargs)
/Users/lucawurker/Desktop/Imperial/Master Thesis/QuantFundAgent/venv/lib/python3.13/site-packages/pandas/core/internals/blocks.py:347: RuntimeWarning: divide by zero encountered in log
  result = func(self.values, **kwargs)
/Users/lucawurker/Desktop/Imperial/Master Thesis/QuantFundAgent/venv/lib/python3.13/site-packages/pandas/core/internals/blocks.py:347: RuntimeWarning: divide by zero encountered in log
  result = func(self.values, **kwargs)
/Users/lucawurker/Desktop/Imperial/Master Thesis/QuantFundAgent/venv/lib/python3.13/site-packages/sklearn/utils/validation.py:2691: UserWarning: X does not have valid feature names, but LGBMRegressor was fitted with feature names
  warnings.warn(
/Users/lucawurker/Desktop/Imperial/Master Thesis/QuantFundAgent/venv/lib/python3.13/site-packages/sklearn/utils/validation.py:2691: UserWarning: X does not have valid feature names, but LGBMRegressor was fitted with feature names
  warnings.warn(
/Users/lucawurker/Desktop/Imperial/Master Thesis/QuantFundAgent/venv/lib/python3.13/site-packages/sklearn/utils/validation.py:2691: UserWarning: X does not have valid feature names, but LGBMRegressor was fitted with feature names
  warnings.warn(
16:36:13  WARNING  research.service        [evaluate_fitness] jitter probe solvent_positive_surprise_cascade_unwind_diffusi_jit0 failed (min_periods 6 must be <= window 5) — skipped
/Users/lucawurker/Desktop/Imperial/Master Thesis/QuantFundAgent/venv/lib/python3.13/site-packages/sklearn/utils/validation.py:2691: UserWarning: X does not have valid feature names, but LGBMRegressor was fitted with feature names
  warnings.warn(
/Users/lucawurker/Desktop/Imperial/Master Thesis/QuantFundAgent/venv/lib/python3.13/site-packages/sklearn/utils/validation.py:2691: UserWarning: X does not have valid feature names, but LGBMRegressor was fitted with feature names
  warnings.warn(
16:36:17  WARNING  research.service        [evaluate_fitness] jitter probe peer_contagion_loop_conditioned_absorption_repai_jit0 failed (min_periods 5 must be <= window 4) — skipped
/Users/lucawurker/Desktop/Imperial/Master Thesis/QuantFundAgent/venv/lib/python3.13/site-packages/sklearn/utils/validation.py:2691: UserWarning: X does not have valid feature names, but LGBMRegressor was fitted with feature names
  warnings.warn(
/Users/lucawurker/Desktop/Imperial/Master Thesis/QuantFundAgent/venv/lib/python3.13/site-packages/sklearn/utils/validation.py:2691: UserWarning: X does not have valid feature names, but LGBMRegressor was fitted with feature names
  warnings.warn(
/Users/lucawurker/Desktop/Imperial/Master Thesis/QuantFundAgent/venv/lib/python3.13/site-packages/sklearn/utils/validation.py:2691: UserWarning: X does not have valid feature names, but LGBMRegressor was fitted with feature names
  warnings.warn(
16:36:24  WARNING  research.service        [evaluate_fitness] jitter probe runlength_entropy_execution_polarity_j_jit0 failed (min_periods 20 must be <= window 19) — skipped
/Users/lucawurker/Desktop/Imperial/Master Thesis/QuantFundAgent/venv/lib/python3.13/site-packages/sklearn/utils/validation.py:2691: UserWarning: X does not have valid feature names, but LGBMRegressor was fitted with feature names
  warnings.warn(
/Users/lucawurker/Desktop/Imperial/Master Thesis/QuantFundAgent/venv/lib/python3.13/site-packages/sklearn/utils/validation.py:2691: UserWarning: X does not have valid feature names, but LGBMRegressor was fitted with feature names
  warnings.warn(
/Users/lucawurker/Desktop/Imperial/Master Thesis/QuantFundAgent/venv/lib/python3.13/site-packages/sklearn/utils/validation.py:2691: UserWarning: X does not have valid feature names, but LGBMRegressor was fitted with feature names
  warnings.warn(
/Users/lucawurker/Desktop/Imperial/Master Thesis/QuantFundAgent/venv/lib/python3.13/site-packages/sklearn/utils/validation.py:2691: UserWarning: X does not have valid feature names, but LGBMRegressor was fitted with feature names
  warnings.warn(
16:36:32  WARNING  research.service        [evaluate_fitness] jitter probe issuer_flow_phase_absorption_reclaim_jit0 failed (min_periods 4 must be <= window 3) — skipped
/Users/lucawurker/Desktop/Imperial/Master Thesis/QuantFundAgent/venv/lib/python3.13/site-packages/sklearn/utils/validation.py:2691: UserWarning: X does not have valid feature names, but LGBMRegressor was fitted with feature names
  warnings.warn(
/Users/lucawurker/Desktop/Imperial/Master Thesis/QuantFundAgent/venv/lib/python3.13/site-packages/sklearn/utils/validation.py:2691: UserWarning: X does not have valid feature names, but LGBMRegressor was fitted with feature names
  warnings.warn(
16:36:45  INFO     evolution.loop          generation 18: migrated 4 elite(s)
16:36:45  INFO     evolution.loop          generation 18: 36/48 children admitted; archive=8; n_trials=769
16:37:10  INFO     httpx                   HTTP Request: POST https://api.openai.com/v1/chat/completions "HTTP/1.1 200 OK"
16:37:17  INFO     httpx                   HTTP Request: POST https://api.openai.com/v1/chat/completions "HTTP/1.1 200 OK"
16:37:17  INFO     evolution.loop          child attempt failed (syntax error: unexpected character after line continuation character (<unknown>, line 1)) — retrying with feedback
16:37:19  INFO     httpx                   HTTP Request: POST https://api.openai.com/v1/chat/completions "HTTP/1.1 200 OK"
16:37:19  INFO     httpx                   HTTP Request: POST https://api.openai.com/v1/chat/completions "HTTP/1.1 200 OK"
16:37:19  INFO     evolution.loop          child attempt failed (syntax error: unexpected character after line continuation character (<unknown>, line 1)) — retrying with feedback
16:37:29  INFO     httpx                   HTTP Request: POST https://api.openai.com/v1/chat/completions "HTTP/1.1 200 OK"
16:37:29  INFO     evolution.loop          child attempt failed (syntax error: unexpected character after line continuation character (<unknown>, line 1)) — retrying with feedback
16:37:29  INFO     httpx                   HTTP Request: POST https://api.openai.com/v1/chat/completions "HTTP/1.1 200 OK"
16:37:29  INFO     evolution.loop          child attempt failed (syntax error: unexpected character after line continuation character (<unknown>, line 1)) — retrying with feedback
16:37:31  INFO     httpx                   HTTP Request: POST https://api.openai.com/v1/chat/completions "HTTP/1.1 200 OK"
16:37:31  INFO     evolution.loop          child attempt failed (Unterminated string starting at: line 12 column 11 (char 1454)) — retrying with feedback
16:37:39  INFO     httpx                   HTTP Request: POST https://api.openai.com/v1/chat/completions "HTTP/1.1 200 OK"
16:37:44  INFO     httpx                   HTTP Request: POST https://api.openai.com/v1/chat/completions "HTTP/1.1 200 OK"
16:37:44  INFO     evolution.loop          child attempt failed (Unterminated string starting at: line 10 column 11 (char 1183)) — retrying with feedback
16:37:50  INFO     httpx                   HTTP Request: POST https://api.openai.com/v1/chat/completions "HTTP/1.1 200 OK"
16:37:52  INFO     httpx                   HTTP Request: POST https://api.openai.com/v1/chat/completions "HTTP/1.1 200 OK"
16:37:52  INFO     evolution.loop          child failed twice (syntax error: unexpected character after line continuation character (<unknown>, line 1)) — dropped
16:37:57  INFO     httpx                   HTTP Request: POST https://api.openai.com/v1/chat/completions "HTTP/1.1 200 OK"
16:38:01  INFO     httpx                   HTTP Request: POST https://api.openai.com/v1/chat/completions "HTTP/1.1 200 OK"
16:38:01  INFO     evolution.loop          child failed twice (syntax error: unexpected character after line continuation character (<unknown>, line 1)) — dropped
16:38:07  INFO     httpx                   HTTP Request: POST https://api.openai.com/v1/chat/completions "HTTP/1.1 200 OK"
16:38:07  INFO     evolution.loop          child failed twice (syntax error: unexpected character after line continuation character (<unknown>, line 1)) — dropped
16:38:09  INFO     httpx                   HTTP Request: POST https://api.openai.com/v1/chat/completions "HTTP/1.1 200 OK"
16:38:12  INFO     httpx                   HTTP Request: POST https://api.openai.com/v1/chat/completions "HTTP/1.1 200 OK"
16:38:12  INFO     evolution.loop          child failed twice (syntax error: unexpected character after line continuation character (<unknown>, line 1)) — dropped
16:38:21  INFO     httpx                   HTTP Request: POST https://api.openai.com/v1/chat/completions "HTTP/1.1 200 OK"
16:38:32  INFO     httpx                   HTTP Request: POST https://api.openai.com/v1/chat/completions "HTTP/1.1 200 OK"
16:38:32  INFO     evolution.loop          child attempt failed (unexpected character after line continuation character (<unknown>, line 1)) — retrying with feedback
16:38:36  INFO     httpx                   HTTP Request: POST https://api.openai.com/v1/chat/completions "HTTP/1.1 200 OK"
16:38:38  INFO     httpx                   HTTP Request: POST https://api.openai.com/v1/chat/completions "HTTP/1.1 200 OK"
16:38:38  INFO     httpx                   HTTP Request: POST https://api.openai.com/v1/chat/completions "HTTP/1.1 200 OK"
16:38:38  INFO     evolution.loop          child attempt failed (syntax error: unexpected character after line continuation character (<unknown>, line 1)) — retrying with feedback
16:38:41  INFO     httpx                   HTTP Request: POST https://api.openai.com/v1/chat/completions "HTTP/1.1 200 OK"
16:38:41  INFO     evolution.loop          child attempt failed (Unterminated string starting at: line 12 column 11 (char 1680)) — retrying with feedback
16:38:43  INFO     httpx                   HTTP Request: POST https://api.openai.com/v1/chat/completions "HTTP/1.1 200 OK"
16:38:43  INFO     evolution.loop          child attempt failed (syntax error: unexpected character after line continuation character (<unknown>, line 1)) — retrying with feedback
16:38:46  INFO     httpx                   HTTP Request: POST https://api.openai.com/v1/chat/completions "HTTP/1.1 200 OK"
16:38:56  INFO     httpx                   HTTP Request: POST https://api.openai.com/v1/chat/completions "HTTP/1.1 200 OK"
16:39:07  INFO     httpx                   HTTP Request: POST https://api.openai.com/v1/chat/completions "HTTP/1.1 200 OK"
16:39:08  INFO     httpx                   HTTP Request: POST https://api.openai.com/v1/chat/completions "HTTP/1.1 200 OK"
16:39:12  INFO     httpx                   HTTP Request: POST https://api.openai.com/v1/chat/completions "HTTP/1.1 200 OK"
16:39:14  INFO     httpx                   HTTP Request: POST https://api.openai.com/v1/chat/completions "HTTP/1.1 200 OK"
16:39:21  INFO     httpx                   HTTP Request: POST https://api.openai.com/v1/chat/completions "HTTP/1.1 200 OK"
16:39:21  INFO     evolution.loop          child failed twice (syntax error: unexpected character after line continuation character (<unknown>, line 1)) — dropped
16:39:26  INFO     httpx                   HTTP Request: POST https://api.openai.com/v1/chat/completions "HTTP/1.1 200 OK"
16:39:36  INFO     httpx                   HTTP Request: POST https://api.openai.com/v1/chat/completions "HTTP/1.1 200 OK"
16:39:36  INFO     evolution.loop          child attempt failed (syntax error: unexpected character after line continuation character (<unknown>, line 1)) — retrying with feedback
16:39:41  INFO     httpx                   HTTP Request: POST https://api.openai.com/v1/chat/completions "HTTP/1.1 200 OK"
16:39:43  INFO     httpx                   HTTP Request: POST https://api.openai.com/v1/chat/completions "HTTP/1.1 200 OK"
16:39:46  INFO     httpx                   HTTP Request: POST https://api.openai.com/v1/chat/completions "HTTP/1.1 200 OK"
16:39:46  INFO     evolution.loop          child attempt failed (Unterminated string starting at: line 12 column 11 (char 1331)) — retrying with feedback
16:39:52  INFO     httpx                   HTTP Request: POST https://api.openai.com/v1/chat/completions "HTTP/1.1 200 OK"
16:39:52  INFO     evolution.loop          child attempt failed (syntax error: unexpected character after line continuation character (<unknown>, line 1)) — retrying with feedback
16:39:54  INFO     httpx                   HTTP Request: POST https://api.openai.com/v1/chat/completions "HTTP/1.1 200 OK"
16:40:04  INFO     httpx                   HTTP Request: POST https://api.openai.com/v1/chat/completions "HTTP/1.1 200 OK"
16:40:05  INFO     httpx                   HTTP Request: POST https://api.openai.com/v1/chat/completions "HTTP/1.1 200 OK"
16:40:09  INFO     httpx                   HTTP Request: POST https://api.openai.com/v1/chat/completions "HTTP/1.1 200 OK"
16:40:09  INFO     evolution.loop          child failed twice (syntax error: unexpected character after line continuation character (<unknown>, line 1)) — dropped
16:40:14  INFO     httpx                   HTTP Request: POST https://api.openai.com/v1/chat/completions "HTTP/1.1 200 OK"
16:40:14  INFO     evolution.loop          child attempt failed (Unterminated string starting at: line 10 column 11 (char 1416)) — retrying with feedback
16:40:23  INFO     httpx                   HTTP Request: POST https://api.openai.com/v1/chat/completions "HTTP/1.1 200 OK"
16:40:23  INFO     evolution.loop          child attempt failed (syntax error: unexpected character after line continuation character (<unknown>, line 1)) — retrying with feedback
16:40:24  INFO     httpx                   HTTP Request: POST https://api.openai.com/v1/chat/completions "HTTP/1.1 200 OK"
16:40:31  INFO     httpx                   HTTP Request: POST https://api.openai.com/v1/chat/completions "HTTP/1.1 200 OK"
16:40:36  INFO     httpx                   HTTP Request: POST https://api.openai.com/v1/chat/completions "HTTP/1.1 200 OK"
16:40:38  INFO     httpx                   HTTP Request: POST https://api.openai.com/v1/chat/completions "HTTP/1.1 200 OK"
16:40:38  INFO     evolution.loop          child failed twice (syntax error: unexpected character after line continuation character (<unknown>, line 1)) — dropped
16:40:38  INFO     httpx                   HTTP Request: POST https://api.openai.com/v1/chat/completions "HTTP/1.1 200 OK"
16:40:41  INFO     httpx                   HTTP Request: POST https://api.openai.com/v1/chat/completions "HTTP/1.1 200 OK"
16:40:49  INFO     httpx                   HTTP Request: POST https://api.openai.com/v1/chat/completions "HTTP/1.1 200 OK"
16:40:49  INFO     httpx                   HTTP Request: POST https://api.openai.com/v1/chat/completions "HTTP/1.1 200 OK"
16:41:03  INFO     httpx                   HTTP Request: POST https://api.openai.com/v1/chat/completions "HTTP/1.1 200 OK"
16:41:12  INFO     httpx                   HTTP Request: POST https://api.openai.com/v1/chat/completions "HTTP/1.1 200 OK"
16:41:15  INFO     httpx                   HTTP Request: POST https://api.openai.com/v1/chat/completions "HTTP/1.1 200 OK"
16:41:18  INFO     httpx                   HTTP Request: POST https://api.openai.com/v1/chat/completions "HTTP/1.1 200 OK"
16:41:24  INFO     httpx                   HTTP Request: POST https://api.openai.com/v1/chat/completions "HTTP/1.1 200 OK"
16:41:24  INFO     httpx                   HTTP Request: POST https://api.openai.com/v1/chat/completions "HTTP/1.1 200 OK"
16:41:26  INFO     httpx                   HTTP Request: POST https://api.openai.com/v1/chat/completions "HTTP/1.1 200 OK"
/Users/lucawurker/Desktop/Imperial/Master Thesis/QuantFundAgent/venv/lib/python3.13/site-packages/sklearn/utils/validation.py:2691: UserWarning: X does not have valid feature names, but LGBMRegressor was fitted with feature names
  warnings.warn(
/Users/lucawurker/Desktop/Imperial/Master Thesis/QuantFundAgent/venv/lib/python3.13/site-packages/sklearn/utils/validation.py:2691: UserWarning: X does not have valid feature names, but LGBMRegressor was fitted with feature names
  warnings.warn(
/Users/lucawurker/Desktop/Imperial/Master Thesis/QuantFundAgent/venv/lib/python3.13/site-packages/sklearn/utils/validation.py:2691: UserWarning: X does not have valid feature names, but LGBMRegressor was fitted with feature names
  warnings.warn(
/Users/lucawurker/Desktop/Imperial/Master Thesis/QuantFundAgent/venv/lib/python3.13/site-packages/sklearn/utils/validation.py:2691: UserWarning: X does not have valid feature names, but LGBMRegressor was fitted with feature names
  warnings.warn(
/Users/lucawurker/Desktop/Imperial/Master Thesis/QuantFundAgent/venv/lib/python3.13/site-packages/sklearn/utils/validation.py:2691: UserWarning: X does not have valid feature names, but LGBMRegressor was fitted with feature names
  warnings.warn(
/Users/lucawurker/Desktop/Imperial/Master Thesis/QuantFundAgent/venv/lib/python3.13/site-packages/sklearn/utils/validation.py:2691: UserWarning: X does not have valid feature names, but LGBMRegressor was fitted with feature names
  warnings.warn(
/Users/lucawurker/Desktop/Imperial/Master Thesis/QuantFundAgent/venv/lib/python3.13/site-packages/sklearn/utils/validation.py:2691: UserWarning: X does not have valid feature names, but LGBMRegressor was fitted with feature names
  warnings.warn(
16:41:39  WARNING  research.service        [evaluate_fitness] jitter probe samuelson_operating_leverage_synchrony_carrier_jit0 failed (min_periods 3 must be <= window 2) — skipped
/Users/lucawurker/Desktop/Imperial/Master Thesis/QuantFundAgent/venv/lib/python3.13/site-packages/sklearn/utils/validation.py:2691: UserWarning: X does not have valid feature names, but LGBMRegressor was fitted with feature names
  warnings.warn(
/Users/lucawurker/Desktop/Imperial/Master Thesis/QuantFundAgent/venv/lib/python3.13/site-packages/sklearn/utils/validation.py:2691: UserWarning: X does not have valid feature names, but LGBMRegressor was fitted with feature names
  warnings.warn(
/Users/lucawurker/Desktop/Imperial/Master Thesis/QuantFundAgent/venv/lib/python3.13/site-packages/sklearn/utils/validation.py:2691: UserWarning: X does not have valid feature names, but LGBMRegressor was fitted with feature names
  warnings.warn(
/Users/lucawurker/Desktop/Imperial/Master Thesis/QuantFundAgent/venv/lib/python3.13/site-packages/sklearn/utils/validation.py:2691: UserWarning: X does not have valid feature names, but LGBMRegressor was fitted with feature names
  warnings.warn(
/Users/lucawurker/Desktop/Imperial/Master Thesis/QuantFundAgent/venv/lib/python3.13/site-packages/sklearn/utils/validation.py:2691: UserWarning: X does not have valid feature names, but LGBMRegressor was fitted with feature names
  warnings.warn(
/Users/lucawurker/Desktop/Imperial/Master Thesis/QuantFundAgent/venv/lib/python3.13/site-packages/sklearn/utils/validation.py:2691: UserWarning: X does not have valid feature names, but LGBMRegressor was fitted with feature names
  warnings.warn(
/Users/lucawurker/Desktop/Imperial/Master Thesis/QuantFundAgent/venv/lib/python3.13/site-packages/sklearn/utils/validation.py:2691: UserWarning: X does not have valid feature names, but LGBMRegressor was fitted with feature names
  warnings.warn(
/Users/lucawurker/Desktop/Imperial/Master Thesis/QuantFundAgent/venv/lib/python3.13/site-packages/pandas/core/internals/blocks.py:347: RuntimeWarning: divide by zero encountered in log
  result = func(self.values, **kwargs)
16:42:04  WARNING  research.service        [evaluate_fitness] jitter probe synchrony_acceleration_impact_deleveraging_carry_jit0 failed (min_periods 12 must be <= window 11) — skipped
/Users/lucawurker/Desktop/Imperial/Master Thesis/QuantFundAgent/venv/lib/python3.13/site-packages/pandas/core/internals/blocks.py:347: RuntimeWarning: divide by zero encountered in log
  result = func(self.values, **kwargs)
/Users/lucawurker/Desktop/Imperial/Master Thesis/QuantFundAgent/venv/lib/python3.13/site-packages/sklearn/utils/validation.py:2691: UserWarning: X does not have valid feature names, but LGBMRegressor was fitted with feature names
  warnings.warn(
16:42:07  WARNING  research.service        [evaluate_fitness] jitter probe isolated_sell_burst_absorption_exhaustion_jit0 failed (min_periods 4 must be <= window 3) — skipped
/Users/lucawurker/Desktop/Imperial/Master Thesis/QuantFundAgent/venv/lib/python3.13/site-packages/sklearn/utils/validation.py:2691: UserWarning: X does not have valid feature names, but LGBMRegressor was fitted with feature names
  warnings.warn(
/Users/lucawurker/Desktop/Imperial/Master Thesis/QuantFundAgent/venv/lib/python3.13/site-packages/sklearn/utils/validation.py:2691: UserWarning: X does not have valid feature names, but LGBMRegressor was fitted with feature names
  warnings.warn(
16:42:10  INFO     evolution.loop          [sector_sync_gap_vacuum_recovery] evaluation failed: candidate signal failed: "['CA', 'LIFE', 'MICC', 'SHLD', 'SNDK', 'VSNT'] not in index"
/Users/lucawurker/Desktop/Imperial/Master Thesis/QuantFundAgent/venv/lib/python3.13/site-packages/sklearn/utils/validation.py:2691: UserWarning: X does not have valid feature names, but LGBMRegressor was fitted with feature names
  warnings.warn(
/Users/lucawurker/Desktop/Imperial/Master Thesis/QuantFundAgent/venv/lib/python3.13/site-packages/sklearn/utils/validation.py:2691: UserWarning: X does not have valid feature names, but LGBMRegressor was fitted with feature names
  warnings.warn(
16:42:14  INFO     evolution.loop          [narrative_fragility_relay_switch] evaluation failed: candidate signal failed: Series.sub does not support a DataFrame `other`. Use df.sub(ser) instead.
16:42:14  WARNING  research.service        [evaluate_fitness] jitter probe issued_supply_sector_catchup_absorption_jit0 failed (min_periods 3 must be <= window 2) — skipped
/Users/lucawurker/Desktop/Imperial/Master Thesis/QuantFundAgent/venv/lib/python3.13/site-packages/sklearn/utils/validation.py:2691: UserWarning: X does not have valid feature names, but LGBMRegressor was fitted with feature names
  warnings.warn(
16:42:16  WARNING  research.service        [evaluate_fitness] jitter probe convex_tape_cashcredibility_extrapolation_fade_jit0 failed (min_periods 20 must be <= window 18) — skipped
/Users/lucawurker/Desktop/Imperial/Master Thesis/QuantFundAgent/venv/lib/python3.13/site-packages/sklearn/utils/validation.py:2691: UserWarning: X does not have valid feature names, but LGBMRegressor was fitted with feature names
  warnings.warn(
/Users/lucawurker/Desktop/Imperial/Master Thesis/QuantFundAgent/venv/lib/python3.13/site-packages/sklearn/utils/validation.py:2691: UserWarning: X does not have valid feature names, but LGBMRegressor was fitted with feature names
  warnings.warn(
/Users/lucawurker/Desktop/Imperial/Master Thesis/QuantFundAgent/venv/lib/python3.13/site-packages/sklearn/utils/validation.py:2691: UserWarning: X does not have valid feature names, but LGBMRegressor was fitted with feature names
  warnings.warn(
/Users/lucawurker/Desktop/Imperial/Master Thesis/QuantFundAgent/venv/lib/python3.13/site-packages/sklearn/utils/validation.py:2691: UserWarning: X does not have valid feature names, but LGBMRegressor was fitted with feature names
  warnings.warn(
16:42:22  INFO     evolution.loop          [postreport_fragile_sell_hawkes_impact_debt_j] evaluation failed: candidate signal failed: min_periods 4 must be <= window 3
/Users/lucawurker/Desktop/Imperial/Master Thesis/QuantFundAgent/venv/lib/python3.13/site-packages/sklearn/utils/validation.py:2691: UserWarning: X does not have valid feature names, but LGBMRegressor was fitted with feature names
  warnings.warn(
/Users/lucawurker/Desktop/Imperial/Master Thesis/QuantFundAgent/venv/lib/python3.13/site-packages/sklearn/utils/validation.py:2691: UserWarning: X does not have valid feature names, but LGBMRegressor was fitted with feature names
  warnings.warn(
16:42:27  INFO     evolution.loop          [levered_downside_innovation_continuation_j] evaluation failed: candidate signal failed: min_periods 60 must be <= window 59
/Users/lucawurker/Desktop/Imperial/Master Thesis/QuantFundAgent/venv/lib/python3.13/site-packages/sklearn/utils/validation.py:2691: UserWarning: X does not have valid feature names, but LGBMRegressor was fitted with feature names
  warnings.warn(
/Users/lucawurker/Desktop/Imperial/Master Thesis/QuantFundAgent/venv/lib/python3.13/site-packages/sklearn/utils/validation.py:2691: UserWarning: X does not have valid feature names, but LGBMRegressor was fitted with feature names
  warnings.warn(
/Users/lucawurker/Desktop/Imperial/Master Thesis/QuantFundAgent/venv/lib/python3.13/site-packages/sklearn/utils/validation.py:2691: UserWarning: X does not have valid feature names, but LGBMRegressor was fitted with feature names
  warnings.warn(
/Users/lucawurker/Desktop/Imperial/Master Thesis/QuantFundAgent/venv/lib/python3.13/site-packages/sklearn/utils/validation.py:2691: UserWarning: X does not have valid feature names, but LGBMRegressor was fitted with feature names
  warnings.warn(
/Users/lucawurker/Desktop/Imperial/Master Thesis/QuantFundAgent/venv/lib/python3.13/site-packages/sklearn/utils/validation.py:2691: UserWarning: X does not have valid feature names, but LGBMRegressor was fitted with feature names
  warnings.warn(
/Users/lucawurker/Desktop/Imperial/Master Thesis/QuantFundAgent/venv/lib/python3.13/site-packages/sklearn/utils/validation.py:2691: UserWarning: X does not have valid feature names, but LGBMRegressor was fitted with feature names
  warnings.warn(
/Users/lucawurker/Desktop/Imperial/Master Thesis/QuantFundAgent/venv/lib/python3.13/site-packages/sklearn/utils/validation.py:2691: UserWarning: X does not have valid feature names, but LGBMRegressor was fitted with feature names
  warnings.warn(
/Users/lucawurker/Desktop/Imperial/Master Thesis/QuantFundAgent/venv/lib/python3.13/site-packages/sklearn/utils/validation.py:2691: UserWarning: X does not have valid feature names, but LGBMRegressor was fitted with feature names
  warnings.warn(
/Users/lucawurker/Desktop/Imperial/Master Thesis/QuantFundAgent/venv/lib/python3.13/site-packages/sklearn/utils/validation.py:2691: UserWarning: X does not have valid feature names, but LGBMRegressor was fitted with feature names
  warnings.warn(
16:43:06  WARNING  research.service        [evaluate_fitness] jitter probe industry_signed_peer_flow_debt_confluence_jit0 failed (min_periods 20 must be <= window 18) — skipped
/Users/lucawurker/Desktop/Imperial/Master Thesis/QuantFundAgent/venv/lib/python3.13/site-packages/sklearn/utils/validation.py:2691: UserWarning: X does not have valid feature names, but LGBMRegressor was fitted with feature names
  warnings.warn(
/Users/lucawurker/Desktop/Imperial/Master Thesis/QuantFundAgent/venv/lib/python3.13/site-packages/sklearn/utils/validation.py:2691: UserWarning: X does not have valid feature names, but LGBMRegressor was fitted with feature names
  warnings.warn(
/Users/lucawurker/Desktop/Imperial/Master Thesis/QuantFundAgent/venv/lib/python3.13/site-packages/sklearn/utils/validation.py:2691: UserWarning: X does not have valid feature names, but LGBMRegressor was fitted with feature names
  warnings.warn(
16:43:34  INFO     evolution.loop          generation 19: 37/48 children admitted; archive=8; n_trials=806
16:44:02  INFO     httpx                   HTTP Request: POST https://api.openai.com/v1/chat/completions "HTTP/1.1 200 OK"
16:44:10  INFO     httpx                   HTTP Request: POST https://api.openai.com/v1/chat/completions "HTTP/1.1 200 OK"
16:44:13  INFO     httpx                   HTTP Request: POST https://api.openai.com/v1/chat/completions "HTTP/1.1 200 OK"
16:44:13  INFO     evolution.loop          child attempt failed (Unterminated string starting at: line 12 column 11 (char 1244)) — retrying with feedback
16:44:14  INFO     httpx                   HTTP Request: POST https://api.openai.com/v1/chat/completions "HTTP/1.1 200 OK"
16:44:14  INFO     evolution.loop          child attempt failed (Unterminated string starting at: line 12 column 11 (char 1282)) — retrying with feedback
16:44:16  INFO     httpx                   HTTP Request: POST https://api.openai.com/v1/chat/completions "HTTP/1.1 200 OK"
16:44:16  INFO     httpx                   HTTP Request: POST https://api.openai.com/v1/chat/completions "HTTP/1.1 200 OK"
16:44:19  INFO     httpx                   HTTP Request: POST https://api.openai.com/v1/chat/completions "HTTP/1.1 200 OK"
16:44:19  INFO     evolution.loop          child attempt failed (syntax error: unexpected character after line continuation character (<unknown>, line 1)) — retrying with feedback
16:44:25  INFO     httpx                   HTTP Request: POST https://api.openai.com/v1/chat/completions "HTTP/1.1 200 OK"
16:44:25  INFO     evolution.loop          child attempt failed (syntax error: unexpected character after line continuation character (<unknown>, line 1)) — retrying with feedback
16:44:32  INFO     httpx                   HTTP Request: POST https://api.openai.com/v1/chat/completions "HTTP/1.1 200 OK"
16:44:32  INFO     evolution.loop          child attempt failed (Unterminated string starting at: line 12 column 11 (char 1173)) — retrying with feedback
16:44:38  INFO     httpx                   HTTP Request: POST https://api.openai.com/v1/chat/completions "HTTP/1.1 200 OK"
16:44:43  INFO     httpx                   HTTP Request: POST https://api.openai.com/v1/chat/completions "HTTP/1.1 200 OK"
16:44:46  INFO     httpx                   HTTP Request: POST https://api.openai.com/v1/chat/completions "HTTP/1.1 200 OK"
16:44:46  INFO     httpx                   HTTP Request: POST https://api.openai.com/v1/chat/completions "HTTP/1.1 200 OK"
16:44:46  INFO     evolution.loop          child attempt failed (Unterminated string starting at: line 12 column 11 (char 1309)) — retrying with feedback
16:44:50  INFO     httpx                   HTTP Request: POST https://api.openai.com/v1/chat/completions "HTTP/1.1 200 OK"
16:45:02  INFO     httpx                   HTTP Request: POST https://api.openai.com/v1/chat/completions "HTTP/1.1 200 OK"
16:45:08  INFO     httpx                   HTTP Request: POST https://api.openai.com/v1/chat/completions "HTTP/1.1 200 OK"
16:45:08  INFO     evolution.loop          child failed twice (syntax error: unexpected character after line continuation character (<unknown>, line 1)) — dropped
16:45:14  INFO     httpx                   HTTP Request: POST https://api.openai.com/v1/chat/completions "HTTP/1.1 200 OK"
16:45:15  INFO     httpx                   HTTP Request: POST https://api.openai.com/v1/chat/completions "HTTP/1.1 200 OK"
16:45:16  INFO     httpx                   HTTP Request: POST https://api.openai.com/v1/chat/completions "HTTP/1.1 200 OK"
16:45:16  INFO     evolution.loop          child attempt failed (syntax error: unexpected character after line continuation character (<unknown>, line 1)) — retrying with feedback
16:45:16  INFO     httpx                   HTTP Request: POST https://api.openai.com/v1/chat/completions "HTTP/1.1 200 OK"
16:45:26  INFO     httpx                   HTTP Request: POST https://api.openai.com/v1/chat/completions "HTTP/1.1 200 OK"
16:45:29  INFO     httpx                   HTTP Request: POST https://api.openai.com/v1/chat/completions "HTTP/1.1 200 OK"
16:45:41  INFO     httpx                   HTTP Request: POST https://api.openai.com/v1/chat/completions "HTTP/1.1 200 OK"
16:45:44  INFO     httpx                   HTTP Request: POST https://api.openai.com/v1/chat/completions "HTTP/1.1 200 OK"
16:45:45  INFO     httpx                   HTTP Request: POST https://api.openai.com/v1/chat/completions "HTTP/1.1 200 OK"
16:45:54  INFO     httpx                   HTTP Request: POST https://api.openai.com/v1/chat/completions "HTTP/1.1 200 OK"
16:45:55  INFO     httpx                   HTTP Request: POST https://api.openai.com/v1/chat/completions "HTTP/1.1 200 OK"
16:45:58  INFO     httpx                   HTTP Request: POST https://api.openai.com/v1/chat/completions "HTTP/1.1 200 OK"
16:45:58  INFO     evolution.loop          child attempt failed (Unterminated string starting at: line 12 column 11 (char 1402)) — retrying with feedback
16:46:08  INFO     httpx                   HTTP Request: POST https://api.openai.com/v1/chat/completions "HTTP/1.1 200 OK"
16:46:08  INFO     evolution.loop          child attempt failed (syntax error: unexpected character after line continuation character (<unknown>, line 1)) — retrying with feedback
16:46:14  INFO     httpx                   HTTP Request: POST https://api.openai.com/v1/chat/completions "HTTP/1.1 200 OK"
16:46:16  INFO     httpx                   HTTP Request: POST https://api.openai.com/v1/chat/completions "HTTP/1.1 200 OK"
16:46:16  INFO     evolution.loop          child attempt failed (syntax error: unexpected character after line continuation character (<unknown>, line 1)) — retrying with feedback
16:46:22  INFO     httpx                   HTTP Request: POST https://api.openai.com/v1/chat/completions "HTTP/1.1 200 OK"
16:46:22  INFO     evolution.loop          child attempt failed (Unterminated string starting at: line 12 column 11 (char 1385)) — retrying with feedback
16:46:25  INFO     httpx                   HTTP Request: POST https://api.openai.com/v1/chat/completions "HTTP/1.1 200 OK"
16:46:25  INFO     httpx                   HTTP Request: POST https://api.openai.com/v1/chat/completions "HTTP/1.1 200 OK"
16:46:26  INFO     httpx                   HTTP Request: POST https://api.openai.com/v1/chat/completions "HTTP/1.1 200 OK"
16:46:28  INFO     httpx                   HTTP Request: POST https://api.openai.com/v1/chat/completions "HTTP/1.1 200 OK"
16:46:28  INFO     evolution.loop          child failed twice (syntax error: unexpected character after line continuation character (<unknown>, line 1)) — dropped
16:46:37  INFO     httpx                   HTTP Request: POST https://api.openai.com/v1/chat/completions "HTTP/1.1 200 OK"
16:46:37  INFO     evolution.loop          child failed twice (syntax error: unexpected character after line continuation character (<unknown>, line 1)) — dropped
16:46:46  INFO     httpx                   HTTP Request: POST https://api.openai.com/v1/chat/completions "HTTP/1.1 200 OK"
16:46:46  INFO     evolution.loop          child failed twice (syntax error: unexpected character after line continuation character (<unknown>, line 1)) — dropped
16:46:46  INFO     httpx                   HTTP Request: POST https://api.openai.com/v1/chat/completions "HTTP/1.1 200 OK"
16:46:51  INFO     httpx                   HTTP Request: POST https://api.openai.com/v1/chat/completions "HTTP/1.1 200 OK"
16:46:55  INFO     httpx                   HTTP Request: POST https://api.openai.com/v1/chat/completions "HTTP/1.1 200 OK"
16:46:55  INFO     evolution.loop          child failed twice (syntax error: unexpected character after line continuation character (<unknown>, line 1)) — dropped
16:46:55  INFO     httpx                   HTTP Request: POST https://api.openai.com/v1/chat/completions "HTTP/1.1 200 OK"
16:46:55  INFO     httpx                   HTTP Request: POST https://api.openai.com/v1/chat/completions "HTTP/1.1 200 OK"
16:46:55  INFO     evolution.loop          child attempt failed (syntax error: unexpected character after line continuation character (<unknown>, line 1)) — retrying with feedback
16:47:02  INFO     httpx                   HTTP Request: POST https://api.openai.com/v1/chat/completions "HTTP/1.1 200 OK"
16:47:12  INFO     httpx                   HTTP Request: POST https://api.openai.com/v1/chat/completions "HTTP/1.1 200 OK"
16:47:21  INFO     httpx                   HTTP Request: POST https://api.openai.com/v1/chat/completions "HTTP/1.1 200 OK"
16:47:23  INFO     httpx                   HTTP Request: POST https://api.openai.com/v1/chat/completions "HTTP/1.1 200 OK"
16:47:26  INFO     httpx                   HTTP Request: POST https://api.openai.com/v1/chat/completions "HTTP/1.1 200 OK"
16:47:30  INFO     httpx                   HTTP Request: POST https://api.openai.com/v1/chat/completions "HTTP/1.1 200 OK"
16:47:33  INFO     httpx                   HTTP Request: POST https://api.openai.com/v1/chat/completions "HTTP/1.1 200 OK"
16:47:37  INFO     httpx                   HTTP Request: POST https://api.openai.com/v1/chat/completions "HTTP/1.1 200 OK"
16:47:40  INFO     httpx                   HTTP Request: POST https://api.openai.com/v1/chat/completions "HTTP/1.1 200 OK"
16:47:41  INFO     httpx                   HTTP Request: POST https://api.openai.com/v1/chat/completions "HTTP/1.1 200 OK"
16:47:41  INFO     evolution.loop          child attempt failed (syntax error: unexpected character after line continuation character (<unknown>, line 1)) — retrying with feedback
16:48:00  INFO     httpx                   HTTP Request: POST https://api.openai.com/v1/chat/completions "HTTP/1.1 200 OK"
16:48:01  INFO     httpx                   HTTP Request: POST https://api.openai.com/v1/chat/completions "HTTP/1.1 200 OK"
16:48:01  INFO     evolution.loop          child attempt failed (syntax error: unexpected character after line continuation character (<unknown>, line 1)) — retrying with feedback
16:48:05  INFO     httpx                   HTTP Request: POST https://api.openai.com/v1/chat/completions "HTTP/1.1 200 OK"
16:48:14  INFO     httpx                   HTTP Request: POST https://api.openai.com/v1/chat/completions "HTTP/1.1 200 OK"
16:48:15  INFO     httpx                   HTTP Request: POST https://api.openai.com/v1/chat/completions "HTTP/1.1 200 OK"
16:48:36  INFO     httpx                   HTTP Request: POST https://api.openai.com/v1/chat/completions "HTTP/1.1 200 OK"
/Users/lucawurker/Desktop/Imperial/Master Thesis/QuantFundAgent/venv/lib/python3.13/site-packages/sklearn/utils/validation.py:2691: UserWarning: X does not have valid feature names, but LGBMRegressor was fitted with feature names
  warnings.warn(
/Users/lucawurker/Desktop/Imperial/Master Thesis/QuantFundAgent/venv/lib/python3.13/site-packages/sklearn/utils/validation.py:2691: UserWarning: X does not have valid feature names, but LGBMRegressor was fitted with feature names
  warnings.warn(
/Users/lucawurker/Desktop/Imperial/Master Thesis/QuantFundAgent/venv/lib/python3.13/site-packages/sklearn/utils/validation.py:2691: UserWarning: X does not have valid feature names, but LGBMRegressor was fitted with feature names
  warnings.warn(
/Users/lucawurker/Desktop/Imperial/Master Thesis/QuantFundAgent/venv/lib/python3.13/site-packages/sklearn/utils/validation.py:2691: UserWarning: X does not have valid feature names, but LGBMRegressor was fitted with feature names
  warnings.warn(
/Users/lucawurker/Desktop/Imperial/Master Thesis/QuantFundAgent/venv/lib/python3.13/site-packages/sklearn/utils/validation.py:2691: UserWarning: X does not have valid feature names, but LGBMRegressor was fitted with feature names
  warnings.warn(
16:48:45  WARNING  research.service        [evaluate_fitness] jitter probe liquidity_gated_operating_leverage_news_gap_jit0 failed (min_periods 3 must be <= window 2) — skipped
/Users/lucawurker/Desktop/Imperial/Master Thesis/QuantFundAgent/venv/lib/python3.13/site-packages/sklearn/utils/validation.py:2691: UserWarning: X does not have valid feature names, but LGBMRegressor was fitted with feature names
  warnings.warn(
/Users/lucawurker/Desktop/Imperial/Master Thesis/QuantFundAgent/venv/lib/python3.13/site-packages/sklearn/utils/validation.py:2691: UserWarning: X does not have valid feature names, but LGBMRegressor was fitted with feature names
  warnings.warn(
/Users/lucawurker/Desktop/Imperial/Master Thesis/QuantFundAgent/venv/lib/python3.13/site-packages/sklearn/utils/validation.py:2691: UserWarning: X does not have valid feature names, but LGBMRegressor was fitted with feature names
  warnings.warn(
/Users/lucawurker/Desktop/Imperial/Master Thesis/QuantFundAgent/venv/lib/python3.13/site-packages/sklearn/utils/validation.py:2691: UserWarning: X does not have valid feature names, but LGBMRegressor was fitted with feature names
  warnings.warn(
16:49:01  WARNING  research.service        [evaluate_fitness] jitter probe samuelson_correlation_sparse_loading_gap_jit0 failed (min_periods 15 must be <= window 14) — skipped
/Users/lucawurker/Desktop/Imperial/Master Thesis/QuantFundAgent/venv/lib/python3.13/site-packages/sklearn/utils/validation.py:2691: UserWarning: X does not have valid feature names, but LGBMRegressor was fitted with feature names
  warnings.warn(
/Users/lucawurker/Desktop/Imperial/Master Thesis/QuantFundAgent/venv/lib/python3.13/site-packages/sklearn/utils/validation.py:2691: UserWarning: X does not have valid feature names, but LGBMRegressor was fitted with feature names
  warnings.warn(
/Users/lucawurker/Desktop/Imperial/Master Thesis/QuantFundAgent/venv/lib/python3.13/site-packages/sklearn/utils/validation.py:2691: UserWarning: X does not have valid feature names, but LGBMRegressor was fitted with feature names
  warnings.warn(
/Users/lucawurker/Desktop/Imperial/Master Thesis/QuantFundAgent/venv/lib/python3.13/site-packages/sklearn/utils/validation.py:2691: UserWarning: X does not have valid feature names, but LGBMRegressor was fitted with feature names
  warnings.warn(
16:49:37  WARNING  research.service        [evaluate_fitness] jitter probe industry_sell_contagion_cashbuffer_unpaid_risk_jit0 failed (min_periods 3 must be <= window 2) — skipped
/Users/lucawurker/Desktop/Imperial/Master Thesis/QuantFundAgent/venv/lib/python3.13/site-packages/sklearn/utils/validation.py:2691: UserWarning: X does not have valid feature names, but LGBMRegressor was fitted with feature names
  warnings.warn(
/Users/lucawurker/Desktop/Imperial/Master Thesis/QuantFundAgent/venv/lib/python3.13/site-packages/sklearn/utils/validation.py:2691: UserWarning: X does not have valid feature names, but LGBMRegressor was fitted with feature names
  warnings.warn(
16:49:41  WARNING  research.service        [evaluate_fitness] jitter probe disclosure_silence_fragility_contagion_hazard_jit0 failed (min_periods 10 must be <= window 9) — skipped
/Users/lucawurker/Desktop/Imperial/Master Thesis/QuantFundAgent/venv/lib/python3.13/site-packages/sklearn/utils/validation.py:2691: UserWarning: X does not have valid feature names, but LGBMRegressor was fitted with feature names
  warnings.warn(
/Users/lucawurker/Desktop/Imperial/Master Thesis/QuantFundAgent/venv/lib/python3.13/site-packages/sklearn/utils/validation.py:2691: UserWarning: X does not have valid feature names, but LGBMRegressor was fitted with feature names
  warnings.warn(
/Users/lucawurker/Desktop/Imperial/Master Thesis/QuantFundAgent/venv/lib/python3.13/site-packages/sklearn/utils/validation.py:2691: UserWarning: X does not have valid feature names, but LGBMRegressor was fitted with feature names
  warnings.warn(
/Users/lucawurker/Desktop/Imperial/Master Thesis/QuantFundAgent/venv/lib/python3.13/site-packages/sklearn/utils/validation.py:2691: UserWarning: X does not have valid feature names, but LGBMRegressor was fitted with feature names
  warnings.warn(
16:49:48  WARNING  research.service        [evaluate_fitness] jitter probe synchronized_vacuum_residual_overshoot_repair_jit0 failed (min_periods 3 must be <= window 2) — skipped
/Users/lucawurker/Desktop/Imperial/Master Thesis/QuantFundAgent/venv/lib/python3.13/site-packages/sklearn/utils/validation.py:2691: UserWarning: X does not have valid feature names, but LGBMRegressor was fitted with feature names
  warnings.warn(
/Users/lucawurker/Desktop/Imperial/Master Thesis/QuantFundAgent/venv/lib/python3.13/site-packages/sklearn/utils/validation.py:2691: UserWarning: X does not have valid feature names, but LGBMRegressor was fitted with feature names
  warnings.warn(
16:49:52  WARNING  research.service        [evaluate_fitness] jitter probe cash_authenticated_orderly_relay_completion_jit0 failed (min_periods 5 must be <= window 4) — skipped
/Users/lucawurker/Desktop/Imperial/Master Thesis/QuantFundAgent/venv/lib/python3.13/site-packages/sklearn/utils/validation.py:2691: UserWarning: X does not have valid feature names, but LGBMRegressor was fitted with feature names
  warnings.warn(
/Users/lucawurker/Desktop/Imperial/Master Thesis/QuantFundAgent/venv/lib/python3.13/site-packages/sklearn/utils/validation.py:2691: UserWarning: X does not have valid feature names, but LGBMRegressor was fitted with feature names
  warnings.warn(
/Users/lucawurker/Desktop/Imperial/Master Thesis/QuantFundAgent/venv/lib/python3.13/site-packages/sklearn/utils/validation.py:2691: UserWarning: X does not have valid feature names, but LGBMRegressor was fitted with feature names
  warnings.warn(
16:49:58  WARNING  research.service        [evaluate_fitness] jitter probe consensus_silence_price_curvature_overreaction_jit0 failed (min_periods 5 must be <= window 4) — skipped
/Users/lucawurker/Desktop/Imperial/Master Thesis/QuantFundAgent/venv/lib/python3.13/site-packages/sklearn/utils/validation.py:2691: UserWarning: X does not have valid feature names, but LGBMRegressor was fitted with feature names
  warnings.warn(
/Users/lucawurker/Desktop/Imperial/Master Thesis/QuantFundAgent/venv/lib/python3.13/site-packages/sklearn/utils/validation.py:2691: UserWarning: X does not have valid feature names, but LGBMRegressor was fitted with feature names
  warnings.warn(
/Users/lucawurker/Desktop/Imperial/Master Thesis/QuantFundAgent/venv/lib/python3.13/site-packages/sklearn/utils/validation.py:2691: UserWarning: X does not have valid feature names, but LGBMRegressor was fitted with feature names
  warnings.warn(
/Users/lucawurker/Desktop/Imperial/Master Thesis/QuantFundAgent/venv/lib/python3.13/site-packages/sklearn/utils/validation.py:2691: UserWarning: X does not have valid feature names, but LGBMRegressor was fitted with feature names
  warnings.warn(
/Users/lucawurker/Desktop/Imperial/Master Thesis/QuantFundAgent/venv/lib/python3.13/site-packages/sklearn/utils/validation.py:2691: UserWarning: X does not have valid feature names, but LGBMRegressor was fitted with feature names
  warnings.warn(
/Users/lucawurker/Desktop/Imperial/Master Thesis/QuantFundAgent/venv/lib/python3.13/site-packages/sklearn/utils/validation.py:2691: UserWarning: X does not have valid feature names, but LGBMRegressor was fitted with feature names
  warnings.warn(
/Users/lucawurker/Desktop/Imperial/Master Thesis/QuantFundAgent/venv/lib/python3.13/site-packages/sklearn/utils/validation.py:2691: UserWarning: X does not have valid feature names, but LGBMRegressor was fitted with feature names
  warnings.warn(
/Users/lucawurker/Desktop/Imperial/Master Thesis/QuantFundAgent/venv/lib/python3.13/site-packages/sklearn/utils/validation.py:2691: UserWarning: X does not have valid feature names, but LGBMRegressor was fitted with feature names
  warnings.warn(
/Users/lucawurker/Desktop/Imperial/Master Thesis/QuantFundAgent/venv/lib/python3.13/site-packages/sklearn/utils/validation.py:2691: UserWarning: X does not have valid feature names, but LGBMRegressor was fitted with feature names
  warnings.warn(
/Users/lucawurker/Desktop/Imperial/Master Thesis/QuantFundAgent/venv/lib/python3.13/site-packages/sklearn/utils/validation.py:2691: UserWarning: X does not have valid feature names, but LGBMRegressor was fitted with feature names
  warnings.warn(
/Users/lucawurker/Desktop/Imperial/Master Thesis/QuantFundAgent/venv/lib/python3.13/site-packages/sklearn/utils/validation.py:2691: UserWarning: X does not have valid feature names, but LGBMRegressor was fitted with feature names
  warnings.warn(
/Users/lucawurker/Desktop/Imperial/Master Thesis/QuantFundAgent/venv/lib/python3.13/site-packages/sklearn/utils/validation.py:2691: UserWarning: X does not have valid feature names, but LGBMRegressor was fitted with feature names
  warnings.warn(
/Users/lucawurker/Desktop/Imperial/Master Thesis/QuantFundAgent/venv/lib/python3.13/site-packages/sklearn/utils/validation.py:2691: UserWarning: X does not have valid feature names, but LGBMRegressor was fitted with feature names
  warnings.warn(
/Users/lucawurker/Desktop/Imperial/Master Thesis/QuantFundAgent/venv/lib/python3.13/site-packages/sklearn/utils/validation.py:2691: UserWarning: X does not have valid feature names, but LGBMRegressor was fitted with feature names
  warnings.warn(
/Users/lucawurker/Desktop/Imperial/Master Thesis/QuantFundAgent/venv/lib/python3.13/site-packages/sklearn/utils/validation.py:2691: UserWarning: X does not have valid feature names, but LGBMRegressor was fitted with feature names
  warnings.warn(
/Users/lucawurker/Desktop/Imperial/Master Thesis/QuantFundAgent/venv/lib/python3.13/site-packages/sklearn/utils/validation.py:2691: UserWarning: X does not have valid feature names, but LGBMRegressor was fitted with feature names
  warnings.warn(
/Users/lucawurker/Desktop/Imperial/Master Thesis/QuantFundAgent/venv/lib/python3.13/site-packages/sklearn/utils/validation.py:2691: UserWarning: X does not have valid feature names, but LGBMRegressor was fitted with feature names
  warnings.warn(
/Users/lucawurker/Desktop/Imperial/Master Thesis/QuantFundAgent/venv/lib/python3.13/site-packages/sklearn/utils/validation.py:2691: UserWarning: X does not have valid feature names, but LGBMRegressor was fitted with feature names
  warnings.warn(
/Users/lucawurker/Desktop/Imperial/Master Thesis/QuantFundAgent/venv/lib/python3.13/site-packages/sklearn/utils/validation.py:2691: UserWarning: X does not have valid feature names, but LGBMRegressor was fitted with feature names
  warnings.warn(
/Users/lucawurker/Desktop/Imperial/Master Thesis/QuantFundAgent/venv/lib/python3.13/site-packages/sklearn/utils/validation.py:2691: UserWarning: X does not have valid feature names, but LGBMRegressor was fitted with feature names
  warnings.warn(
16:50:32  INFO     evolution.loop          generation 20: 43/48 children admitted; archive=8; n_trials=849
/Users/lucawurker/Desktop/Imperial/Master Thesis/QuantFundAgent/venv/lib/python3.13/site-packages/sklearn/utils/validation.py:2691: UserWarning: X does not have valid feature names, but LGBMRegressor was fitted with feature names
  warnings.warn(
16:50:33  INFO     evolution.loop          publish deflation (N_trials=849) kept 8/8 (passed=True, dropped=[])
16:50:33  INFO     factor_research.codegen  validated revision_novelty_crosschannel_absorption_lag_j_1 (class RevisionNoveltyCrosschannelAbsorptionLag)
16:50:33  INFO     factor_research.codegen  validated revision_concordant_industry_latency (class RevisionConcordantIndustryLatency)
16:50:33  INFO     factor_research.codegen  validated industry_hawkes_innovation_fragility_lag (class IndustryHawkesInnovationFragilityLag)
16:50:33  INFO     factor_research.codegen  validated sector_jump_echo_unabsorbed_receiver (class SectorJumpEchoUnabsorbedReceiver)
16:50:33  INFO     factor_research.codegen  validated issued_supply_sector_catchup_absorption (class IssuedSupplySectorCatchupAbsorption)
16:50:34  INFO     factor_research.codegen  validated workingcapital_tail_loading_derisking (class WorkingCapitalTailLoadingDerisking)
16:50:34  INFO     factor_research.codegen  validated phase_plane_loop_terminal_dislocation_repair (class PhasePlaneLoopTerminalDislocationRepair)
16:50:34  INFO     factor_research.codegen  validated concentrated_flow_price_inertia (class ConcentratedFlowPriceInertia)
16:50:34  INFO     research.service        Loading panel from ticker_data (fields=['cashConversionCycle', 'cashRatio', 'close', 'debtToAssets', 'debtToEquity', 'epsEstimate', 'epsSurprise', 'high', 'industry', 'inventoryGrowth', 'low', 'marketCap', 'netStockIssuance', 'open', 'receivablesGrowth', 'revenueEstimate', 'revenueSurprise', 'sector', 'volume'], n_tickers=all) …
16:51:13  INFO     research.service        Panel loaded in 39.2s (180 tickers, 19 fields)
16:51:13  INFO     research.service        [revision_novelty_crosschannel_absorption_lag_j_1] backtest 0.2s IC@6=-2.9e-05 ICIR@6=-0.000256
16:51:13  INFO     research.service        [revision_concordant_industry_latency] backtest 0.1s IC@6=0.018461 ICIR@6=0.113921
16:51:13  INFO     research.service        [industry_hawkes_innovation_fragility_lag] backtest 0.2s IC@6=-0.001806 ICIR@6=-0.016184
16:51:13  INFO     research.service        [sector_jump_echo_unabsorbed_receiver] backtest 0.1s IC@6=-0.001152 ICIR@6=-0.010908
16:51:14  INFO     research.service        [issued_supply_sector_catchup_absorption] backtest 0.4s IC@6=-0.013103 ICIR@6=-0.104815
16:51:14  INFO     research.service        [workingcapital_tail_loading_derisking] backtest 0.3s IC@6=0.007194 ICIR@6=0.057554
16:51:14  INFO     research.service        [phase_plane_loop_terminal_dislocation_repair] backtest 0.2s IC@6=0.014294 ICIR@6=0.099579
16:51:15  INFO     research.service        [concentrated_flow_price_inertia] backtest 0.2s IC@6=-0.01204 ICIR@6=-0.091767
16:51:15  INFO     research.service        research session persisted: 8 kept, 0 rejected

================================================================================
Evolution run 'fmp_archive_equity_nasdaq100pit/L4IC_terra_s0' complete
{
  "generations": 20,
  "n_trials": 849,
  "population": 384,
  "fixed_book_size": 0,
  "mechanism_groups": [
    {
      "mechanism_group_id": 0,
      "community_id": 1,
      "focus": "Community 1: 34 mechanism(s) (analyst sentiment revision drift, compounding amplification, cross-channel loading anti-alignment, cross-contract momentum spillover, cross-sectional momentum, cross-sectional momentum signal extraction\u2026) across 12 paper(s).",
      "mechanisms": [],
      "population": 48,
      "archive_size": 1
    },
    {
      "mechanism_group_id": 1,
      "community_id": 2,
      "focus": "Community 2: 35 mechanism(s) (Common shock propagation, Samuelson correlation effect, Samuelson effect (intensity acceleration), Samuelson effect (volatility acceleration near maturity), Samuelson effect (volatility increase near maturity), Sparse liquidity constraint on price formation\u2026) across 13 paper(s).",
      "mechanisms": [],
      "population": 48,
      "archive_size": 1
    },
    {
      "mechanism_group_id": 2,
      "community_id": 3,
      "focus": "Community 3: 29 mechanism(s) (bubble-driven phase transitions, buffer-regulated order intensity, contagion-driven intensity acceleration, correlated event interaction prediction, cross-excitation between order types, cross-exciting order flow contagion\u2026) across 14 paper(s).",
      "mechanisms": [],
      "population": 48,
      "archive_size": 1
    },
    {
      "mechanism_group_id": 3,
      "community_id": 5,
      "focus": "Community 5: 20 mechanism(s) (arrival rate asymmetry, cross-asset volatility synchronization, flash crash liquidity evaporation, information richness effect, liquidity depth volatility, liquidity shock precursor to jumps\u2026) across 9 paper(s).",
      "mechanisms": [],
      "population": 48,
      "archive_size": 1
    },
    {
      "mechanism_group_id": 4,
      "community_id": 6,
      "focus": "Community 6: 14 mechanism(s) (LLM forecast overvaluation premium, LLM momentum extrapolation bias, LLM risk miscalibration, cross-asset pattern transfer, cross-sectional relative momentum ranking, momentum spillover via lead-lag relationships\u2026) across 5 paper(s).",
      "mechanisms": [],
      "population": 48,
      "archive_size": 1
    },
    {
      "mechanism_group_id": 5,
      "community_id": 7,
      "focus": "Community 7: 14 mechanism(s) (asymmetric excitation of downward orders, asymmetric innovation distribution in volatility estimation, bad-news amplification during crises, bid-ask liquidity asymmetry, crisis amplification of volatility persistence, critical endogeneity and superlinear volatility mean reversion\u2026) across 4 paper(s).",
      "mechanisms": [],
      "population": 48,
      "archive_size": 1
    },
    {
      "mechanism_group_id": 6,
      "community_id": 9,
      "focus": "Community 9: 13 mechanism(s) (informed trader execution scheduling, limit order arrival and cancellation impact, liquidity depletion at best level, market depth dampening effect, market opening liquidity shock, multi-level order flow imbalance\u2026) across 6 paper(s).",
      "mechanisms": [],
      "population": 48,
      "archive_size": 1
    },
    {
      "mechanism_group_id": 7,
      "community_id": 10,
      "focus": "Community 10: 11 mechanism(s) (competitive excess trading, information signal exploitation with rapid decay, inventory-averse position unwinding, inventory-driven trading pressure, latent liquidity adjustment, market depth encapsulation of liquidity risk\u2026) across 4 paper(s).",
      "mechanisms": [],
      "population": 48,
      "archive_size": 1
    }
  ],
  "archive": [
    {
      "factor_ids": [
        "revision_novelty_crosschannel_absorption_lag_j_1"
      ],
      "genome_id": "g15-revision_novelty_crosschannel_absorption_lag_j_1-9ddc96",
      "unit": "single",
      "operator": "jitter",
      "generation": 15,
      "mechanism_group_id": 0,
      "deme_id": 1,
      "objective": {
        "marginal_value": 0.029098325584065887,
        "independence": 0.0,
        "parsimony": 0.0,
        "structural_novelty": 0.0
      }
    },
    {
      "factor_ids": [
        "revision_concordant_industry_latency"
      ],
      "genome_id": "g2-revision_concordant_industry_latency-21f48f",
      "unit": "single",
      "operator": "crossover",
      "generation": 2,
      "mechanism_group_id": 1,
      "deme_id": 0,
      "objective": {
        "marginal_value": 0.03897767917390116,
        "independence": 0.0,
        "parsimony": 0.0,
        "structural_novelty": 0.0
      }
    },
    {
      "factor_ids": [
        "industry_hawkes_innovation_fragility_lag"
      ],
      "genome_id": "g4-industry_hawkes_innovation_fragility_lag-979f21",
      "unit": "single",
      "operator": "crossover",
      "generation": 4,
      "mechanism_group_id": 2,
      "deme_id": 1,
      "objective": {
        "marginal_value": 0.029318432162838127,
        "independence": 0.0,
        "parsimony": 0.0,
        "structural_novelty": 0.0
      }
    },
    {
      "factor_ids": [
        "sector_jump_echo_unabsorbed_receiver"
      ],
      "genome_id": "g0-sector_jump_echo_unabsorbed_receiver-e241a0",
      "unit": "single",
      "operator": "seed",
      "generation": 0,
      "mechanism_group_id": 3,
      "deme_id": 0,
      "objective": {
        "marginal_value": 0.04905291696240559,
        "independence": 0.0,
        "parsimony": 0.0,
        "structural_novelty": 0.0
      }
    },
    {
      "factor_ids": [
        "issued_supply_sector_catchup_absorption"
      ],
      "genome_id": "g19-issued_supply_sector_catchup_absorption-5b17d2",
      "unit": "single",
      "operator": "cross_group",
      "generation": 19,
      "mechanism_group_id": 4,
      "deme_id": 2,
      "objective": {
        "marginal_value": 0.08102271170690595,
        "independence": 0.0,
        "parsimony": 0.0,
        "structural_novelty": 0.0
      }
    },
    {
      "factor_ids": [
        "workingcapital_tail_loading_derisking"
      ],
      "genome_id": "g14-workingcapital_tail_loading_derisking-150de7",
      "unit": "single",
      "operator": "llm_semantic",
      "generation": 14,
      "mechanism_group_id": 5,
      "deme_id": 1,
      "objective": {
        "marginal_value": 0.04208205443084419,
        "independence": 0.0,
        "parsimony": 0.0,
        "structural_novelty": 0.0
      }
    },
    {
      "factor_ids": [
        "phase_plane_loop_terminal_dislocation_repair"
      ],
      "genome_id": "g17-phase_plane_loop_terminal_dislocation_repair-2e5ec9",
      "unit": "single",
      "operator": "llm_semantic_creative",
      "generation": 17,
      "mechanism_group_id": 6,
      "deme_id": 0,
      "objective": {
        "marginal_value": 0.031091209343308085,
        "independence": 0.0,
        "parsimony": 0.0,
        "structural_novelty": 0.0
      }
    },
    {
      "factor_ids": [
        "concentrated_flow_price_inertia"
      ],
      "genome_id": "g20-concentrated_flow_price_inertia-566389",
      "unit": "single",
      "operator": "llm_semantic",
      "generation": 20,
      "mechanism_group_id": 7,
      "deme_id": 1,
      "objective": {
        "marginal_value": 0.04119320440872664,
        "independence": 0.0,
        "parsimony": 0.0,
        "structural_novelty": 0.0
      }
    }
  ],
  "n_eval_failures": 89,
  "elapsed_sec": 11151.6,
  "llm_usage": {
    "by_role": {
      "brainstorm": {
        "calls": 40,
        "input_tokens": 510784,
        "output_tokens": 79050,
        "cost_usd": 2.4627100000000004,
        "errors": 0
      },
      "codegen": {
        "calls": 105,
        "input_tokens": 650694,
        "output_tokens": 362220,
        "cost_usd": 7.060034999999999,
        "errors": 0
      },
      "crossover": {
        "calls": 432,
        "input_tokens": 8343600,
        "output_tokens": 1376203,
        "cost_usd": 41.50204500000001,
        "errors": 0
      },
      "mutation": {
        "calls": 731,
        "input_tokens": 13206810,
        "output_tokens": 2217666,
        "cost_usd": 66.28201499999996,
        "errors": 0
      }
    },
    "total": {
      "calls": 1308,
      "input_tokens": 22711888,
      "output_tokens": 4035139,
      "cost_usd": 117.30680499999997,
      "errors": 0
    }
  },
  "persisted_factor_ids": [
    "revision_novelty_crosschannel_absorption_lag_j_1",
    "revision_concordant_industry_latency",
    "industry_hawkes_innovation_fragility_lag",
    "sector_jump_echo_unabsorbed_receiver",
    "issued_supply_sector_catchup_absorption",
    "workingcapital_tail_loading_derisking",
    "phase_plane_loop_terminal_dislocation_repair",
    "concentrated_flow_price_inertia"
  ],
  "curation": "archive",
  "selection_deflation": "on"
}
================================================================================
 L4IC run exited rc=0 (pass 1)
 L4IC COMPLETE
